data_pregao;codneg;preabe;premax;premin;premed;preult;totneg;quatot
02/01/2025;HYPE3;17.87;18.09;17.63;17.83;17.83;9826;2512400
02/01/2025;JALL3;4.65;4.67;4.51;4.56;4.56;1550;573500
02/01/2025;JBSS3;36.5;37.48;35.79;36.65;37.1;36937;8364400
02/01/2025;MILS3;8.42;8.42;8.21;8.32;8.3;3082;1048200
02/01/2025;KEPL3;9.34;9.41;9.06;9.23;9.34;5238;1320700
02/01/2025;MLAS3;1.08;1.08;1.03;1.05;1.05;2060;1139700
02/01/2025;MNDL3;16.97;16.97;16.97;16.97;16.97;1;200
02/01/2025;MOVI3;3.49;3.6;3.39;3.52;3.57;7380;5673000
02/01/2025;MRFG3;17.04;17.25;15.71;16.6;17.16;30594;14408900
02/01/2025;KLBN3;4.87;4.91;4.75;4.83;4.8;1629;648600
02/01/2025;KLBN4;4.55;4.58;4.51;4.54;4.52;2122;1283100
02/01/2025;BAZA3;86.99;86.99;84.15;85.42;84.15;20;2900
02/01/2025;BBAS3;24.17;24.28;23.84;23.94;23.92;40818;14492900
02/01/2025;AALR3;8.79;9.5;8.0;8.43;8.0;245;53000
02/01/2025;ABCB4;19.6;19.6;18.95;19.18;19.18;5691;1073300
02/01/2025;ABEV3;11.72;11.89;11.49;11.62;11.6;34246;33417900
02/01/2025;BMOB3;13.36;13.44;13.05;13.16;13.09;2058;405400
02/01/2025;BOBR4;1.83;1.88;1.77;1.82;1.79;78;29400
02/01/2025;CRPG5;20.0;20.0;19.38;19.65;19.9;11;1300
02/01/2025;CRPG6;20.01;20.24;19.72;20.04;20.24;6;800
02/01/2025;CSAN3;8.18;8.22;7.9;8.04;8.02;32553;16226100
02/01/2025;ELMD3;28.47;28.51;28.19;28.38;28.45;893;205500
02/01/2025;EMAE4;42.29;42.29;40.01;41.1;41.0;3;300
02/01/2025;EMBR3;56.5;57.98;56.39;57.55;57.8;28301;6475600
02/01/2025;GMAT3;6.33;6.37;6.05;6.13;6.05;12748;6335200
02/01/2025;GOAU3;10.11;10.27;10.05;10.12;10.25;139;30600
02/01/2025;GOAU4;10.25;10.26;10.02;10.1;10.11;21386;12257200
02/01/2025;ITUB3;27.07;27.1;26.56;26.81;26.86;2455;545300
02/01/2025;ITUB4;30.65;30.85;30.24;30.55;30.57;57666;25643400
02/01/2025;AZZA3;29.45;29.45;28.19;28.81;29.14;14023;2199700
02/01/2025;BBSE3;36.18;36.42;35.89;36.2;36.42;17042;3506000
02/01/2025;ANIM3;1.59;1.61;1.53;1.56;1.57;7062;10891400
02/01/2025;ARML3;5.03;5.1;4.78;5.0;5.06;3461;1048500
02/01/2025;ASAI3;5.6;5.61;5.36;5.48;5.45;28222;15340600
02/01/2025;BRKM3;12.24;12.75;12.03;12.34;12.42;57;9600
02/01/2025;BRKM5;11.55;12.17;11.45;11.91;11.97;9524;3802400
02/01/2025;BRKM6;7.4;7.4;7.05;7.08;7.05;11;4500
02/01/2025;CSUD3;15.28;15.45;15.02;15.24;15.17;409;51300
02/01/2025;CURY3;17.47;17.64;17.08;17.4;17.49;11072;2042600
02/01/2025;ESPA3;0.74;0.74;0.71;0.72;0.73;86;168300
02/01/2025;ETER3;5.13;5.25;5.08;5.15;5.08;434;97700
02/01/2025;LAND3;13.95;14.19;13.64;13.95;13.84;142;28600
02/01/2025;LAVV3;7.48;7.51;7.27;7.41;7.43;3554;635500
02/01/2025;LEVE3;27.42;27.6;26.51;26.75;26.51;2297;458900
02/01/2025;LJQQ3;2.17;2.23;2.09;2.13;2.12;4784;4053700
02/01/2025;EALT4;13.43;13.49;13.08;13.22;13.08;33;6500
02/01/2025;ECOR3;4.28;4.28;4.13;4.17;4.2;4831;3372300
02/01/2025;EGIE3;35.5;35.51;35.04;35.32;35.36;10153;1403300
02/01/2025;GGPS3;13.93;14.09;13.57;13.94;14.05;8497;1816100
02/01/2025;DESK3;10.39;10.49;10.17;10.34;10.28;550;92500
02/01/2025;BEEF3;5.1;5.1;4.8;4.89;4.8;14933;14516300
02/01/2025;BPAC3;14.34;14.34;13.8;13.87;13.99;10;2300
02/01/2025;BPAC5;7.1;7.17;7.07;7.08;7.08;11;2500
02/01/2025;CAMB3;10.45;10.48;10.37;10.4;10.47;40;8600
02/01/2025;CAML3;5.86;5.9;5.61;5.69;5.67;3097;924000
02/01/2025;CASH3;2.75;2.76;2.69;2.72;2.7;688;248500
02/01/2025;CBAV3;4.64;4.66;4.51;4.58;4.52;6549;4418200
02/01/2025;CCRO3;10.11;10.24;10.06;10.15;10.15;16563;8688400
02/01/2025;CEAB3;7.91;7.94;7.32;7.48;7.47;15935;7282600
02/01/2025;CEBR3;16.16;16.16;15.65;15.82;15.81;14;1700
02/01/2025;CEBR5;15.49;15.5;15.32;15.37;15.44;9;1400
02/01/2025;CEBR6;17.19;17.2;16.89;17.14;17.2;49;12600
02/01/2025;CEEB3;38.8;39.0;38.8;38.9;39.0;2;200
02/01/2025;FIQE3;3.46;3.46;3.37;3.41;3.45;1124;314800
02/01/2025;FLRY3;12.1;12.13;11.76;11.97;12.03;14521;3702000
02/01/2025;BRFS3;25.16;25.22;24.52;24.86;24.8;22930;6804600
02/01/2025;CSED3;3.2;3.2;3.04;3.08;3.12;1510;425100
02/01/2025;CSMG3;20.82;20.97;20.06;20.46;20.53;13516;2719700
02/01/2025;CSNA3;8.88;8.91;8.38;8.53;8.42;20498;11807600
02/01/2025;ENEV3;10.1;10.1;9.35;9.68;9.55;37188;30048900
02/01/2025;ENGI3;10.86;10.86;10.31;10.5;10.47;83;9800
02/01/2025;ENGI4;6.65;6.67;6.3;6.4;6.48;160;29400
02/01/2025;ENJU3;1.05;1.09;1.02;1.05;1.09;183;364700
02/01/2025;EPAR3;5.34;5.48;5.27;5.33;5.48;37;6900
02/01/2025;EQMA3B;23.31;23.55;23.31;23.51;23.55;2;600
02/01/2025;EQPA3;5.63;5.65;5.63;5.63;5.65;12;3200
02/01/2025;EQTL3;27.39;27.39;26.59;26.84;26.72;32564;10795600
02/01/2025;IFCM3;0.06;0.07;0.06;0.06;0.06;808;4437900
02/01/2025;IGTI3;2.04;2.13;2.04;2.05;2.13;101;128300
02/01/2025;INEP3;1.38;1.45;1.36;1.39;1.44;16;7200
02/01/2025;INEP4;1.29;1.34;1.29;1.31;1.31;24;9200
02/01/2025;INTB3;12.69;12.72;12.33;12.45;12.43;4763;1232900
02/01/2025;IRBR3;43.0;44.7;42.01;43.78;44.52;8534;2028700
02/01/2025;JSLG3;5.39;5.39;5.17;5.26;5.25;1012;222600
02/01/2025;BLAU3;13.22;13.22;12.77;12.91;12.86;1932;229700
02/01/2025;BMEB3;31.01;31.03;31.01;31.02;31.03;2;1100
02/01/2025;BMEB4;37.9;38.09;36.79;37.28;37.2;98;11200
02/01/2025;BMGB4;3.77;3.78;3.7;3.73;3.71;666;285800
02/01/2025;CVCB3;1.39;1.54;1.36;1.47;1.5;12714;39138900
02/01/2025;CXSE3;14.32;14.51;14.08;14.3;14.42;21221;4464900
02/01/2025;FESA4;8.2;8.24;7.85;7.95;7.85;2024;542400
02/01/2025;FHER3;6.04;6.36;5.76;5.94;5.88;92;22600
02/01/2025;FICT3;2.84;3.44;2.71;3.12;3.3;289;103400
02/01/2025;ISAE3;31.0;31.42;30.97;31.26;31.14;70;13600
02/01/2025;ISAE4;23.21;23.21;22.8;22.97;22.9;15223;7094000
02/01/2025;ODPV3;10.77;10.93;10.62;10.72;10.65;4030;879500
02/01/2025;OFSA3;17.12;17.6;16.05;17.43;17.56;34;22600
02/01/2025;ONCO3;2.3;2.55;2.2;2.39;2.37;8372;8945500
02/01/2025;OPCT3;5.29;5.35;5.21;5.28;5.31;1916;449700
02/01/2025;ORVR3;37.5;38.16;36.94;37.73;37.75;2349;331900
02/01/2025;CGAS5;120.0;122.01;118.55;120.72;121.0;12;1300
02/01/2025;CGRA3;25.18;25.34;25.17;25.25;25.34;6;800
02/01/2025;CGRA4;25.81;26.26;25.68;25.77;25.76;24;5800
02/01/2025;CLSA3;9.94;9.94;9.78;9.82;9.87;2497;1210600
02/01/2025;CLSC4;79.86;80.0;77.06;78.09;77.07;159;16300
02/01/2025;CMIG3;14.95;14.95;14.45;14.52;14.64;901;524200
02/01/2025;CMIG4;11.1;11.11;10.92;11.0;11.08;36445;14137800
02/01/2025;CMIN3;5.2;5.2;5.0;5.04;5.04;16425;10663200
02/01/2025;AURE3;8.78;8.8;8.47;8.57;8.6;15097;7626700
02/01/2025;AZEV3;0.95;0.99;0.94;0.96;0.98;329;402300
02/01/2025;AZEV4;0.94;0.99;0.94;0.96;0.97;1045;2164300
02/01/2025;AZUL4;3.55;3.76;3.48;3.65;3.64;10922;18778400
02/01/2025;BRSR3;11.65;11.81;11.65;11.69;11.66;20;5600
02/01/2025;BRSR6;10.21;10.35;10.03;10.14;10.11;7462;1512300
02/01/2025;CYRE3;16.9;16.98;16.27;16.55;16.57;17972;7306700
02/01/2025;DASA3;1.86;1.92;1.83;1.86;1.87;1105;839700
02/01/2025;DEXP3;8.38;8.5;8.23;8.38;8.5;469;88900
02/01/2025;DEXP4;8.26;8.26;8.26;8.26;8.26;1;100
02/01/2025;DIRR3;26.61;26.74;25.97;26.47;26.62;11519;2117700
02/01/2025;DMVF3;6.05;6.15;5.64;5.85;5.69;435;66200
02/01/2025;DOHL4;3.87;4.06;3.87;3.87;4.06;7;2500
02/01/2025;DOTZ3;2.91;3.0;2.81;2.94;3.0;32;7800
02/01/2025;DXCO3;6.02;6.02;5.84;5.9;5.87;10762;4196000
02/01/2025;BRST3;2.58;2.64;2.49;2.54;2.49;157;127100
02/01/2025;BSLI3;8.1;8.1;8.1;8.1;8.1;2;300
02/01/2025;BSLI4;8.17;8.47;8.17;8.32;8.47;2;200
02/01/2025;GEPA3;27.6;31.0;27.6;29.3;31.0;2;400
02/01/2025;GFSA3;1.19;1.22;1.15;1.17;1.16;991;2690900
02/01/2025;GGBR3;16.83;16.85;16.53;16.63;16.56;114;24600
02/01/2025;GGBR4;18.09;18.17;17.76;17.95;17.91;24571;9490100
02/01/2025;ITSA3;9.0;9.0;8.85;8.9;8.87;581;139800
02/01/2025;ITSA4;8.81;8.82;8.63;8.7;8.68;34489;31408900
02/01/2025;ATED3;1.39;1.75;1.37;1.6;1.56;167;84400
02/01/2025;PFRM3;6.18;6.18;5.87;6.05;6.16;898;356500
02/01/2025;PGMN3;3.18;3.18;3.07;3.12;3.13;1948;1002300
02/01/2025;NEOE3;18.91;18.99;18.62;18.87;18.93;3318;1101300
02/01/2025;PINE3;4.4;5.02;4.24;4.56;4.41;52;7200
02/01/2025;PINE4;4.36;4.54;4.3;4.4;4.33;962;421800
02/01/2025;PLPL3;9.11;9.2;8.9;9.02;9.11;5273;1421200
02/01/2025;NGRD3;23.05;23.05;21.44;21.98;21.44;217;37800
02/01/2025;NINJ3;4.91;5.1;4.82;5.01;5.1;24;11900
02/01/2025;NTCO3;12.66;12.77;12.19;12.44;12.47;29632;7955400
02/01/2025;PETZ3;4.01;4.07;3.95;4.01;4.0;8441;6531200
02/01/2025;RECV3;16.21;16.55;16.12;16.41;16.5;8692;1976600
02/01/2025;REDE3;6.29;6.29;6.28;6.28;6.29;7;800
02/01/2025;RENT3;32.2;32.49;31.4;32.04;32.2;30219;7729300
02/01/2025;TASA3;8.8;8.8;8.4;8.57;8.68;56;10100
02/01/2025;TASA4;8.35;8.35;8.05;8.22;8.31;1399;249700
02/01/2025;TCSA3;1.33;1.35;1.25;1.28;1.26;196;77200
02/01/2025;TECN3;5.45;5.59;5.26;5.38;5.35;274;102500
02/01/2025;TELB3;13.15;13.15;12.99;13.07;12.99;2;200
02/01/2025;TELB4;7.2;7.39;7.2;7.27;7.39;3;400
02/01/2025;TEND3;12.31;12.45;11.93;12.25;12.41;7470;2315400
02/01/2025;TFCO4;8.83;8.88;8.73;8.77;8.76;361;476800
02/01/2025;TGMA3;29.14;29.14;28.01;28.34;28.43;1958;274800
02/01/2025;TIMS3;14.26;14.6;14.26;14.5;14.52;17547;5797200
02/01/2025;TKNO4;61.0;61.0;61.0;61.0;61.0;1;100
02/01/2025;TOTS3;26.54;26.87;25.89;26.21;26.38;15981;2559800
02/01/2025;MTRE3;2.95;2.95;2.8;2.83;2.8;1801;799300
02/01/2025;MTSA4;37.95;39.3;37.95;38.7;39.3;12;1300
02/01/2025;MULT3;20.67;20.71;20.23;20.46;20.53;17665;3677600
02/01/2025;RANI3;6.84;6.87;6.65;6.73;6.68;3066;913800
02/01/2025;RAPT3;8.21;8.45;8.06;8.22;8.45;61;31500
02/01/2025;RAPT4;9.89;10.09;9.78;9.95;9.95;6322;2499600
02/01/2025;RCSL3;6.42;6.56;5.28;5.7;5.39;4975;3199700
02/01/2025;RCSL4;1.05;1.06;0.94;0.96;0.94;1634;2767200
02/01/2025;RDNI3;2.06;2.12;2.05;2.06;2.08;22;13200
02/01/2025;RDOR3;25.21;25.46;24.77;25.12;25.26;35202;5847900
02/01/2025;SYNE3;5.54;5.54;4.95;5.28;5.28;6160;2208100
02/01/2025;TAEE3;11.02;11.05;10.85;10.91;10.94;758;131800
02/01/2025;TAEE4;11.07;11.09;10.94;10.99;10.98;1166;251400
02/01/2025;MRVE3;5.31;5.32;5.11;5.22;5.22;8975;8202000
02/01/2025;RAIL3;17.76;17.91;17.39;17.74;17.79;22712;9388300
02/01/2025;RAIZ4;2.16;2.17;2.1;2.12;2.13;14182;14326900
02/01/2025;VVEO3;2.01;2.11;1.98;2.04;2.01;3649;1391500
02/01/2025;WEGE3;52.61;53.06;52.25;52.69;52.72;18649;4029300
02/01/2025;HBOR3;1.39;1.41;1.36;1.38;1.38;468;472000
02/01/2025;HBRE3;2.92;3.2;2.87;3.02;3.11;866;833000
02/01/2025;HBSA3;2.75;2.77;2.7;2.74;2.73;7736;3192700
02/01/2025;LUPA3;1.17;1.34;1.17;1.26;1.3;249;178000
02/01/2025;LVTC3;2.32;2.4;2.21;2.32;2.3;90;56500
02/01/2025;LWSA3;3.32;3.32;3.16;3.23;3.25;10330;5893600
02/01/2025;MATD3;3.61;3.61;3.48;3.51;3.48;2943;589000
02/01/2025;MBLY3;1.56;1.56;1.5;1.51;1.5;109;20900
02/01/2025;MDIA3;20.16;20.16;19.43;19.64;19.61;2928;599200
02/01/2025;MDNE3;10.84;10.84;10.43;10.55;10.59;4587;759700
02/01/2025;MEAL3;0.99;1.0;0.98;0.98;0.98;140;148300
02/01/2025;MELK3;3.59;3.59;3.44;3.48;3.45;598;312200
02/01/2025;MGEL4;7.98;7.98;7.01;7.19;7.01;13;3400
02/01/2025;MGLU3;6.5;6.57;6.25;6.4;6.43;21795;28463800
02/01/2025;SAPR3;5.54;5.54;5.21;5.34;5.25;2711;626400
02/01/2025;SAPR4;5.47;5.47;5.31;5.36;5.34;7159;3673800
02/01/2025;SBFG3;10.63;10.77;10.44;10.61;10.64;3822;1398800
02/01/2025;SBSP3;88.25;89.07;87.43;88.3;88.47;18036;2975700
02/01/2025;VALE3;54.71;55.1;54.23;54.52;54.25;52924;17623900
02/01/2025;VITT3;5.28;5.35;5.11;5.27;5.35;712;161600
02/01/2025;VIVA3;19.11;19.17;18.48;18.66;18.55;9905;2802800
02/01/2025;VIVR3;1.18;1.2;1.09;1.11;1.09;373;278500
02/01/2025;VIVT3;46.5;47.51;46.44;47.07;47.06;12504;1755900
02/01/2025;VLID3;24.3;24.4;21.5;22.36;21.5;4945;838100
02/01/2025;VSTE3;7.81;7.81;6.73;7.12;6.73;135;21300
02/01/2025;VTRU3;6.08;6.59;5.74;6.25;6.41;845;200100
02/01/2025;VULC3;15.57;15.73;15.24;15.46;15.53;3900;694400
02/01/2025;PCAR3;2.56;2.66;2.53;2.6;2.63;6729;7465000
02/01/2025;PDGR3;0.01;0.01;0.01;0.01;0.01;259;2190500
02/01/2025;PDTC3;1.26;1.26;1.22;1.24;1.25;20;7700
02/01/2025;PETR3;39.55;40.81;39.45;40.3;40.52;28482;11081500
02/01/2025;PETR4;36.42;37.09;36.19;36.72;36.77;72178;30046800
02/01/2025;PNVL3;8.79;8.82;8.56;8.62;8.6;1478;341700
02/01/2025;POMO3;5.63;5.85;5.56;5.77;5.83;2865;433000
02/01/2025;POMO4;7.38;7.69;7.33;7.56;7.66;15822;10684500
02/01/2025;SNSY3;9.7;10.3;9.7;10.0;10.3;2;200
02/01/2025;SNSY5;3.84;3.84;3.5;3.59;3.5;11;3600
02/01/2025;SOJA3;10.5;10.5;10.04;10.15;10.1;1171;231300
02/01/2025;SRNA3;5.5;5.56;5.28;5.34;5.28;3834;1728400
02/01/2025;STBP3;13.1;13.24;13.08;13.17;13.22;10805;4751200
02/01/2025;SUZB3;61.36;63.02;61.35;62.56;62.4;27850;5787400
02/01/2025;YDUQ3;8.44;8.49;8.19;8.32;8.47;15163;7231600
02/01/2025;ZAMP3;2.32;2.32;2.09;2.15;2.1;2843;1039600
02/01/2025;BGIP4;24.0;24.0;23.01;23.32;23.01;18;4500
02/01/2025;PSSA3;36.67;36.67;35.99;36.27;36.22;14273;2353300
02/01/2025;PTBL3;3.62;3.68;3.48;3.55;3.51;1296;435700
02/01/2025;PTNT4;6.0;6.0;5.81;5.87;5.81;8;2000
02/01/2025;COCE5;24.8;25.07;24.28;24.45;24.28;75;9700
02/01/2025;COGN3;1.09;1.11;1.07;1.08;1.08;20338;21450800
02/01/2025;EKTR4;50.0;50.5;50.0;50.13;50.0;4;400
02/01/2025;ELET3;34.15;34.38;33.73;34.07;34.0;34100;10854400
02/01/2025;ELET6;38.15;38.38;37.48;37.92;37.83;10777;1803700
02/01/2025;QUAL3;1.53;1.54;1.45;1.48;1.5;5070;2996200
02/01/2025;RADL3;21.86;22.2;21.37;21.6;21.76;33939;7926100
02/01/2025;SMFT3;16.73;16.88;16.43;16.69;16.63;15338;3426700
02/01/2025;SMTO3;23.26;23.38;22.98;23.15;23.01;5234;903000
02/01/2025;GRND3;4.9;4.98;4.82;4.91;4.91;5882;1739400
02/01/2025;GUAR3;6.14;6.18;5.67;5.82;5.67;5587;1922200
02/01/2025;WEST3;0.5;0.5;0.48;0.48;0.49;19;30600
02/01/2025;WHRL3;3.88;3.97;3.84;3.9;3.86;30;6800
02/01/2025;WHRL4;4.2;4.31;4.18;4.25;4.25;40;14300
02/01/2025;WIZC3;5.62;5.62;5.44;5.49;5.54;2834;712200
02/01/2025;WLMM4;29.0;29.9;29.0;29.44;29.89;4;600
02/01/2025;PRNR3;13.46;13.46;12.97;13.1;13.15;2057;449000
02/01/2025;SCAR3;18.6;18.61;16.36;17.18;18.5;549;167400
02/01/2025;SEER3;4.49;4.58;4.41;4.46;4.41;2265;385100
02/01/2025;SHOW3;0.68;0.68;0.65;0.67;0.68;149;64500
02/01/2025;SHUL4;5.77;5.77;5.58;5.62;5.67;1630;567500
02/01/2025;SIMH3;3.51;3.56;3.33;3.4;3.41;5375;3195400
02/01/2025;SLCE3;17.5;17.68;17.27;17.36;17.32;10677;2017600
02/01/2025;PORT3;16.28;16.63;16.17;16.45;16.46;3017;1070100
02/01/2025;POSI3;5.19;5.23;4.98;5.07;4.98;2812;1023900
02/01/2025;PRIO3;40.31;41.38;40.21;40.95;40.77;28432;7288200
02/01/2025;RSUL4;55.0;55.0;55.0;55.0;55.0;1;100
02/01/2025;SANB3;11.42;11.42;11.1;11.21;11.37;1096;286100
02/01/2025;SANB4;12.71;12.71;12.1;12.32;12.52;867;184300
02/01/2025;USIM3;5.33;5.34;5.16;5.22;5.16;791;211600
02/01/2025;USIM5;5.34;5.34;5.16;5.22;5.16;13827;11225600
02/01/2025;VAMO3;4.78;4.78;4.48;4.59;4.6;12567;7933000
02/01/2025;VBBR3;17.83;17.98;17.6;17.79;17.72;22750;11972900
02/01/2025;BEES3;8.5;8.61;8.4;8.5;8.48;83;15400
02/01/2025;FRAS3;20.55;20.62;20.3;20.45;20.48;1005;203000
02/01/2025;FRIO3;327.99;327.99;299.0;315.27;302.21;14;1700
02/01/2025;ROMI3;8.27;8.42;8.24;8.31;8.25;1134;262200
02/01/2025;TPIS3;5.2;5.3;5.04;5.17;5.04;89;41500
02/01/2025;TRAD3;6.85;7.0;6.68;6.87;6.95;190;99300
02/01/2025;TRIS3;4.4;4.41;4.29;4.34;4.33;1672;480600
02/01/2025;TTEN3;13.75;13.75;13.16;13.32;13.28;6432;984800
02/01/2025;TUPY3;22.67;22.67;21.55;21.77;21.66;5474;1182800
02/01/2025;ALPA3;5.81;6.15;5.81;5.98;6.15;26;6300
02/01/2025;ALPA4;6.36;6.37;6.0;6.21;6.32;10919;3906700
02/01/2025;ALPK3;2.25;2.28;2.21;2.24;2.24;403;96400
02/01/2025;ALUP3;8.87;9.0;8.82;8.92;8.96;75;9700
02/01/2025;ALUP4;8.89;8.97;8.72;8.77;8.97;96;14800
02/01/2025;AMAR3;0.99;1.0;0.96;0.98;0.97;267;157600
02/01/2025;AMBP3;124.24;129.99;119.8;121.99;120.5;524;81800
02/01/2025;AMOB3;0.34;0.35;0.32;0.33;0.34;37134;26298700
02/01/2025;ALLD3;6.87;7.0;6.8;6.86;7.0;262;49800
02/01/2025;ALOS3;18.04;18.2;17.8;18.07;18.12;31647;7506300
02/01/2025;BBDC3;10.45;10.52;10.26;10.41;10.48;25233;11868100
02/01/2025;BBDC4;11.31;11.5;11.13;11.36;11.4;39836;31243900
02/01/2025;LOGG3;17.83;18.44;17.73;18.19;18.43;2151;304000
02/01/2025;LOGN3;20.51;20.7;20.01;20.28;20.28;258;49100
02/01/2025;LPSB3;1.5;1.52;1.43;1.48;1.52;92;48500
02/01/2025;LREN3;12.14;12.24;11.8;12.01;12.0;28663;12393100
02/01/2025;AERI3;5.5;7.7;5.42;6.69;7.0;5619;3335000
02/01/2025;AFLT3;7.49;7.49;7.49;7.49;7.49;1;100
02/01/2025;AGRO3;22.34;22.49;21.92;22.05;22.25;4134;508400
02/01/2025;KRSA3;8.2;8.2;8.1;8.14;8.19;96;36400
02/01/2025;EUCA3;16.6;16.6;16.6;16.6;16.6;1;100
02/01/2025;EUCA4;13.95;14.17;13.5;13.76;13.5;292;46300
02/01/2025;EVEN3;5.36;5.4;5.26;5.3;5.31;4553;1150100
02/01/2025;EZTC3;10.81;10.88;10.38;10.65;10.79;10468;4385200
02/01/2025;JHSF3;3.69;3.69;3.55;3.6;3.64;10371;6330500
02/01/2025;BHIA3;2.86;2.9;2.78;2.81;2.84;1998;2178900
02/01/2025;BIED3;4.32;4.39;4.32;4.35;4.39;2;200
02/01/2025;BIOM3;10.66;10.66;10.01;10.37;10.5;174;74400
02/01/2025;BPAN4;6.34;6.34;6.14;6.19;6.18;5050;1675900
02/01/2025;BRAP3;16.0;16.0;15.58;15.75;15.77;282;64900
02/01/2025;BRAP4;16.58;16.61;16.38;16.47;16.49;8183;2552900
02/01/2025;BRAV3;24.35;24.46;23.41;23.86;23.41;26440;12130900
02/01/2025;HAGA3;1.75;1.75;1.75;1.75;1.75;1;100
02/01/2025;HAGA4;1.18;1.18;1.15;1.15;1.16;11;8700
02/01/2025;HAPV3;2.21;2.24;2.14;2.19;2.17;48778;53181700
02/01/2025;CPFE3;31.59;31.65;31.05;31.28;31.42;9061;1490000
02/01/2025;CPLE3;8.27;8.27;8.08;8.17;8.24;6790;11360600
02/01/2025;CPLE5;10.4;10.49;10.4;10.44;10.4;6;600
02/01/2025;CPLE6;9.1;9.15;8.93;9.07;9.09;24713;15042600
02/01/2025;CRFB3;5.42;5.57;5.27;5.44;5.52;12774;12502400
02/01/2025;B3SA3;10.32;10.33;10.15;10.23;10.2;62422;29510200
02/01/2025;UCAS3;1.86;1.93;1.81;1.87;1.83;479;62900
02/01/2025;UGPA3;15.82;16.11;15.69;15.86;15.86;19107;5286000
02/01/2025;UNIP3;46.2;46.36;46.19;46.21;46.2;38;7800
02/01/2025;UNIP5;48.23;50.49;47.22;49.45;50.0;6;600
02/01/2025;UNIP6;48.01;48.01;46.0;46.73;46.0;1326;203300
02/01/2025;MYPK3;11.27;11.57;11.05;11.43;11.5;6189;982000
02/01/2025;NUTR3;3.92;4.08;3.92;3.99;3.92;24;3000
02/01/2025;SEQL3;2.51;2.73;2.51;2.62;2.54;555;364200
02/01/2025;TXRX4;2.11;2.11;2.1;2.1;2.1;6;1100
02/01/2025;JFEN3;2.39;2.42;2.27;2.31;2.29;35;17700
02/01/2025;LIGT3;4.09;4.09;3.99;4.02;4.05;926;247700
02/01/2025;OIBR3;1.34;1.38;1.32;1.33;1.35;568;864600
02/01/2025;OIBR4;9.0;9.11;8.62;8.82;8.94;49;19400
02/01/2025;ATMP3;1.08;1.22;1.08;1.12;1.22;14;3700
02/01/2025;NEXP3;3.87;3.89;3.73;3.87;3.73;7;1300
02/01/2025;PMAM3;1.03;1.04;1.0;1.02;1.04;151;132600
02/01/2025;RPMG3;2.66;2.66;2.6;2.62;2.6;15;16900
02/01/2025;RSID3;2.74;2.92;2.51;2.68;2.9;419;122600
02/01/2025;RNEW3;0.96;0.97;0.93;0.95;0.97;75;23500
02/01/2025;RNEW4;0.94;0.95;0.92;0.93;0.94;86;41000
02/01/2025;AMER3;6.59;6.63;5.7;5.98;5.73;7754;5221200
02/01/2025;AGXY3;0.45;0.49;0.45;0.47;0.46;398;545400
17/01/2025;GOLL4;1.72;1.74;1.62;1.67;1.7;5543;14463700
28/01/2025;UNIP3;47.65;48.05;47.53;47.87;48.05;23;2300
28/01/2025;UNIP6;49.28;49.38;47.94;48.52;48.39;878;102100
28/01/2025;USIM3;5.36;5.41;5.22;5.29;5.22;709;148200
28/01/2025;USIM5;5.41;5.47;5.29;5.35;5.33;10603;11737500
28/01/2025;WEST3;4.56;4.73;4.53;4.61;4.53;8;800
28/01/2025;WHRL3;3.82;3.88;3.81;3.83;3.88;4;400
28/01/2025;WHRL4;4.11;4.23;4.11;4.14;4.11;37;21400
28/01/2025;PETZ3;4.88;4.92;4.76;4.83;4.83;8083;5607600
28/01/2025;REAG3;5.1;5.4;5.01;5.15;5.25;58;25700
28/01/2025;RECV3;16.2;16.2;15.8;15.9;15.81;6210;1437200
28/01/2025;REDE3;6.32;6.33;6.32;6.32;6.33;4;400
28/01/2025;RENT3;31.5;31.86;31.03;31.45;31.37;25211;6065500
28/01/2025;TOTS3;30.79;31.25;30.43;30.81;30.79;15768;3328100
28/01/2025;TPIS3;4.95;5.01;4.93;4.94;4.93;22;3800
28/01/2025;TRAD3;5.95;5.99;5.82;5.9;5.9;65;13600
28/01/2025;TRIS3;5.34;5.38;5.28;5.32;5.3;1195;401400
28/01/2025;PFRM3;6.21;6.24;6.1;6.15;6.13;828;161800
28/01/2025;PGMN3;3.04;3.05;2.98;3.01;3.0;1771;763300
28/01/2025;PINE3;4.54;4.54;4.54;4.54;4.54;2;200
28/01/2025;PINE4;4.55;4.55;4.45;4.49;4.48;97;39100
28/01/2025;PLPL3;10.9;10.91;10.36;10.55;10.42;6003;2251100
28/01/2025;VALE3;53.59;53.78;52.54;52.93;52.65;50830;22932900
28/01/2025;WIZC3;5.96;6.03;5.9;5.98;5.98;2001;431500
28/01/2025;WLMM4;28.8;28.8;28.8;28.8;28.8;2;400
28/01/2025;YDUQ3;9.42;9.52;9.21;9.37;9.3;7918;3135100
28/01/2025;PCAR3;2.8;2.82;2.7;2.74;2.71;5173;6958900
28/01/2025;PDGR3;0.01;0.01;0.01;0.01;0.01;153;1888600
28/01/2025;PDTC3;1.15;1.39;1.11;1.21;1.23;313;195600
28/01/2025;RAIL3;17.3;17.73;17.19;17.48;17.58;34122;16307800
28/01/2025;RAIZ4;1.97;1.99;1.93;1.96;1.96;9654;12290900
28/01/2025;SYNE3;4.83;4.96;4.83;4.9;4.95;2162;774200
28/01/2025;VAMO3;4.86;4.9;4.76;4.81;4.77;5424;3174000
28/01/2025;VBBR3;18.32;18.37;17.59;17.92;17.64;18978;11054400
28/01/2025;PTBL3;3.64;3.65;3.5;3.55;3.54;761;294000
28/01/2025;PTNT4;6.16;6.34;6.16;6.25;6.3;8;3400
28/01/2025;QUAL3;1.74;1.82;1.69;1.77;1.79;3777;4400700
28/01/2025;RADL3;20.83;21.3;20.8;21.07;21.0;19792;6965400
28/01/2025;SMFT3;19.21;19.27;18.99;19.14;19.15;8805;1828400
28/01/2025;SMTO3;23.55;23.55;22.79;23.04;22.86;3383;607200
28/01/2025;SNSY5;3.67;3.89;3.58;3.7;3.75;5;700
28/01/2025;SOJA3;10.37;10.46;10.19;10.31;10.45;1832;398300
28/01/2025;SRNA3;6.25;6.27;6.04;6.1;6.07;5290;1321200
28/01/2025;STBP3;13.16;13.2;13.15;13.17;13.19;5966;4196800
28/01/2025;SUZB3;62.71;63.39;62.31;62.76;62.76;13882;2937100
28/01/2025;MDNE3;12.0;12.11;11.9;12.01;12.03;1592;265500
28/01/2025;MEAL3;1.0;1.01;0.98;0.99;1.0;317;470300
28/01/2025;MELK3;3.63;3.74;3.63;3.7;3.68;415;222800
28/01/2025;PETR3;41.09;41.33;40.45;40.79;40.98;28684;10420200
28/01/2025;PETR4;37.4;37.49;36.88;37.13;37.13;42942;27621700
28/01/2025;AURE3;7.98;7.98;7.77;7.82;7.8;9113;5662200
28/01/2025;AVLL3;2.3;2.37;2.19;2.21;2.19;20;10300
28/01/2025;RCSL3;4.14;4.44;4.01;4.25;4.38;8779;4840100
28/01/2025;RCSL4;0.7;0.71;0.69;0.69;0.7;1072;2133200
28/01/2025;RDNI3;2.24;2.33;2.24;2.31;2.32;5;14800
28/01/2025;RDOR3;28.4;28.55;27.68;28.14;27.77;25674;6692000
28/01/2025;TAEE3;10.72;10.83;10.71;10.77;10.83;327;56700
28/01/2025;TAEE4;10.94;10.98;10.89;10.92;10.95;355;94700
28/01/2025;TASA3;8.25;8.25;8.12;8.14;8.12;26;7800
28/01/2025;TASA4;8.08;8.13;7.96;8.03;7.99;967;225000
28/01/2025;TCSA3;1.51;1.6;1.51;1.57;1.59;241;181200
28/01/2025;TECN3;5.38;5.65;5.35;5.55;5.41;394;318300
28/01/2025;ZAMP3;3.07;3.21;3.03;3.1;3.06;2636;664600
28/01/2025;TELB3;11.0;11.0;11.0;11.0;11.0;1;500
28/01/2025;TEND3;13.23;13.4;13.06;13.22;13.2;6190;2215100
28/01/2025;TFCO4;9.36;9.36;9.22;9.29;9.3;378;195300
28/01/2025;TGMA3;29.82;29.97;29.52;29.73;29.74;574;115800
28/01/2025;TIMS3;15.85;15.89;15.39;15.57;15.46;14346;7461500
28/01/2025;CGAS5;131.0;131.0;131.0;131.0;131.0;1;100
28/01/2025;CGRA3;26.05;26.05;26.05;26.05;26.05;1;100
28/01/2025;CGRA4;26.59;26.59;26.3;26.41;26.3;6;900
28/01/2025;CLSA3;10.1;10.17;10.1;10.13;10.17;996;410200
28/01/2025;CLSC4;79.59;79.59;79.59;79.59;79.59;1;100
28/01/2025;AZEV3;1.22;1.23;1.16;1.18;1.16;307;571500
28/01/2025;AZEV4;1.21;1.23;1.16;1.18;1.18;2045;2998700
28/01/2025;AZUL4;4.7;4.76;4.45;4.58;4.45;6730;14571800
28/01/2025;CMIG4;10.75;10.83;10.69;10.75;10.78;16234;7983300
28/01/2025;CMIN3;5.31;5.33;5.25;5.27;5.26;6734;3537900
28/01/2025;ENEV3;11.3;11.34;11.11;11.23;11.18;11374;4500100
28/01/2025;CMIG3;15.07;15.24;14.93;15.06;15.09;549;84600
28/01/2025;ELMD3;29.47;29.5;29.38;29.43;29.5;1270;207000
28/01/2025;EMAE4;43.4;45.0;43.4;44.29;45.0;13;1400
28/01/2025;EMBR3;59.8;60.15;58.91;59.38;59.37;25317;4775900
28/01/2025;IFCM3;0.08;0.09;0.08;0.08;0.08;249;2014600
28/01/2025;IGTI3;2.1;2.17;2.1;2.13;2.15;158;42500
28/01/2025;INEP3;1.54;1.54;1.4;1.44;1.41;78;44900
28/01/2025;INEP4;1.47;1.47;1.4;1.41;1.4;24;8100
28/01/2025;JSLG3;5.53;5.68;5.41;5.49;5.41;1159;293600
28/01/2025;KEPL3;10.21;10.29;10.09;10.19;10.25;2904;592700
28/01/2025;ENGI3;10.97;11.14;10.66;10.87;10.98;30;6300
28/01/2025;ENGI4;6.97;7.0;6.6;6.9;6.95;31;7200
28/01/2025;ENJU3;1.27;1.29;1.22;1.24;1.23;136;226700
28/01/2025;ENMT3;82.98;82.99;82.98;82.98;82.99;2;200
28/01/2025;EPAR3;5.25;5.66;5.22;5.27;5.23;11;4200
28/01/2025;EQPA3;5.4;5.4;5.34;5.34;5.35;24;12100
28/01/2025;EQTL3;29.21;29.46;29.04;29.27;29.35;28746;8234400
28/01/2025;INTB3;13.77;13.78;13.24;13.44;13.39;5034;1986200
28/01/2025;IRBR3;50.8;52.57;50.79;52.03;52.51;8250;2156800
28/01/2025;LOGG3;17.91;17.91;17.38;17.57;17.38;1832;309300
28/01/2025;LOGN3;20.1;20.16;19.97;20.01;19.97;53;11700
28/01/2025;LPSB3;1.32;1.4;1.26;1.32;1.3;277;215300
28/01/2025;LREN3;13.6;13.75;13.36;13.54;13.43;20009;12682500
28/01/2025;AMAR3;1.09;1.13;1.07;1.09;1.11;310;254800
28/01/2025;AMBP3;121.31;128.14;120.81;123.73;122.3;1170;160800
28/01/2025;AMOB3;0.31;0.32;0.3;0.31;0.31;4402;9871700
28/01/2025;ANIM3;1.96;2.04;1.95;1.99;1.99;6677;10172800
28/01/2025;ARML3;5.0;5.11;4.9;4.97;4.93;1534;411600
28/01/2025;ASAI3;6.53;6.74;6.52;6.62;6.52;16682;12714900
28/01/2025;ATED3;1.35;1.37;1.25;1.3;1.29;55;39200
28/01/2025;CAMB3;11.25;11.29;11.15;11.23;11.29;81;12000
28/01/2025;CAML3;4.89;4.89;4.74;4.79;4.75;1892;691400
28/01/2025;CASH3;3.21;3.27;3.12;3.21;3.12;1322;551700
28/01/2025;CBAV3;4.97;4.99;4.75;4.83;4.8;6144;3624300
28/01/2025;CCRO3;11.1;11.15;10.98;11.06;11.01;15711;5740500
28/01/2025;CEAB3;9.25;9.69;9.2;9.5;9.5;8736;3554800
28/01/2025;CEBR3;16.1;16.15;15.89;16.08;16.15;6;600
28/01/2025;CEBR5;15.53;15.54;15.5;15.52;15.54;4;500
28/01/2025;CEBR6;17.23;17.65;17.23;17.47;17.65;38;8000
28/01/2025;AERI3;6.51;6.57;6.33;6.43;6.33;678;369200
28/01/2025;AFLT3;7.07;7.07;7.07;7.07;7.07;1;100
28/01/2025;AGRO3;22.59;22.8;22.54;22.69;22.79;800;127600
28/01/2025;NEOE3;18.46;18.55;18.26;18.39;18.43;2963;529600
28/01/2025;BMEB3;30.0;31.0;30.0;30.76;31.0;4;500
28/01/2025;BMEB4;37.2;38.42;37.2;37.95;38.12;106;13200
28/01/2025;BMGB4;3.74;3.78;3.72;3.73;3.72;636;436000
28/01/2025;BMOB3;13.4;13.64;13.32;13.52;13.64;738;196300
28/01/2025;BNBR3;97.85;97.85;97.85;97.85;97.85;1;100
28/01/2025;AALR3;11.13;11.29;10.46;10.94;10.7;127;25700
28/01/2025;ABCB4;20.0;20.01;19.72;19.82;19.85;2760;429500
28/01/2025;BOBR4;2.11;2.39;2.07;2.26;2.22;782;185200
28/01/2025;CSED3;3.41;3.41;3.29;3.32;3.36;527;184200
28/01/2025;CSMG3;21.95;22.24;21.74;21.98;22.04;4510;892600
28/01/2025;CSNA3;8.75;8.87;8.65;8.73;8.73;14333;8364300
28/01/2025;ABEV3;11.05;11.21;11.02;11.1;11.11;22245;39022900
28/01/2025;BRFS3;22.37;22.43;21.9;22.1;22.0;13547;4971000
28/01/2025;BRKM3;14.85;14.88;14.41;14.69;14.41;35;8400
28/01/2025;BRKM5;14.97;15.05;14.54;14.73;14.6;7997;2914500
10/01/2025;BIOM3;9.25;9.5;9.16;9.36;9.4;129;33000
10/01/2025;CPFE3;32.09;32.09;31.51;31.72;31.64;6792;1235800
10/01/2025;EKTR4;49.97;49.97;49.97;49.97;49.97;1;100
10/01/2025;ELET3;34.36;34.37;33.67;34.05;34.15;24156;9776100
10/01/2025;ELET6;38.04;38.04;37.39;37.64;37.65;6483;1135400
10/01/2025;GRND3;5.24;5.24;5.13;5.15;5.15;1770;538400
10/01/2025;GSHP3;6.0;6.0;6.0;6.0;6.0;4;4000
10/01/2025;GUAR3;5.79;5.79;5.56;5.67;5.71;2832;644500
10/01/2025;ALLD3;7.0;7.0;6.87;6.89;6.92;90;23500
10/01/2025;ALOS3;17.75;17.8;17.41;17.49;17.43;13359;5176900
10/01/2025;BMOB3;13.37;13.45;13.13;13.3;13.3;517;72900
10/01/2025;BOBR4;1.87;1.94;1.83;1.88;1.87;104;18400
10/01/2025;HAGA4;1.14;1.14;1.14;1.14;1.14;1;1000
10/01/2025;HAPV3;2.25;2.26;2.18;2.21;2.2;35083;48510500
10/01/2025;UCAS3;1.82;1.82;1.79;1.8;1.79;57;11100
10/01/2025;UGPA3;15.72;15.81;15.32;15.5;15.57;16394;6338000
10/01/2025;UNIP3;44.61;45.26;44.41;44.68;44.68;18;1900
10/01/2025;UNIP5;49.5;49.98;49.5;49.74;49.98;2;200
10/01/2025;UNIP6;45.71;45.77;44.44;44.95;44.8;992;149200
10/01/2025;USIM3;4.9;4.9;4.74;4.78;4.81;800;307800
10/01/2025;USIM5;4.81;4.83;4.68;4.73;4.76;10042;12552300
10/01/2025;VLID3;23.14;23.18;22.6;22.78;22.83;1131;234700
10/01/2025;VSTE3;7.06;7.06;6.86;7.0;6.86;28;7700
10/01/2025;VTRU3;6.06;6.16;5.89;5.97;5.89;321;54300
10/01/2025;VULC3;15.82;15.95;15.73;15.86;15.79;4066;590000
10/01/2025;VVEO3;1.91;1.93;1.85;1.89;1.93;3173;1870300
10/01/2025;WEGE3;54.07;54.47;52.87;53.39;53.35;23745;5768000
10/01/2025;PDGR3;0.01;0.01;0.01;0.01;0.01;158;635100
10/01/2025;PDTC3;1.17;1.21;1.15;1.16;1.17;33;34400
10/01/2025;PETR3;41.08;41.76;40.9;41.2;40.92;25243;10357700
10/01/2025;PETR4;37.25;37.52;36.9;37.19;36.94;48428;40328800
10/01/2025;TASA3;8.39;8.48;8.15;8.36;8.33;46;6700
10/01/2025;TASA4;8.29;8.36;8.1;8.21;8.3;767;130500
10/01/2025;TCSA3;1.35;1.44;1.35;1.37;1.43;158;126500
10/01/2025;TECN3;5.75;5.8;5.67;5.71;5.67;154;53600
10/01/2025;TELB3;12.45;12.89;12.45;12.87;12.88;5;3600
10/01/2025;TELB4;7.08;7.1;6.7;7.05;7.07;7;1200
10/01/2025;TEND3;12.11;12.25;11.9;12.08;12.06;5383;2489500
10/01/2025;TFCO4;8.69;8.73;8.57;8.62;8.59;558;181500
10/01/2025;TGMA3;28.71;28.74;28.03;28.29;28.04;617;89600
10/01/2025;TIMS3;14.55;14.58;13.78;13.99;13.82;16048;16631000
10/01/2025;TKNO4;61.2;64.0;61.2;63.08;62.5;18;2200
10/01/2025;TOTS3;26.6;26.98;26.1;26.69;26.71;15835;3484900
10/01/2025;VITT3;5.24;5.25;5.15;5.2;5.18;691;107200
10/01/2025;VIVA3;19.15;19.15;18.0;18.27;18.5;15494;4532600
10/01/2025;VIVR3;1.1;1.11;1.07;1.08;1.07;66;51400
10/01/2025;VIVT3;47.92;47.92;46.86;47.12;46.87;9054;1198300
10/01/2025;AMAR3;1.06;1.08;1.01;1.04;1.08;362;152100
10/01/2025;AMBP3;116.95;131.07;116.95;122.15;120.25;857;157800
10/01/2025;AMOB3;0.35;0.36;0.34;0.35;0.35;6076;13675700
10/01/2025;ANIM3;1.53;1.56;1.48;1.51;1.55;4132;8900500
10/01/2025;ARML3;5.28;5.28;4.99;5.08;4.99;3536;1412400
10/01/2025;ODPV3;10.66;10.7;10.31;10.43;10.35;4373;1540700
10/01/2025;OFSA3;16.75;16.75;16.36;16.42;16.4;29;12500
10/01/2025;BLAU3;12.9;12.92;12.56;12.74;12.66;826;110000
10/01/2025;RCSL3;4.69;5.04;4.49;4.83;4.82;6588;2377300
10/01/2025;RCSL4;0.71;0.74;0.69;0.7;0.74;1220;1705900
10/01/2025;RDNI3;2.21;2.27;2.21;2.24;2.27;9;900
10/01/2025;RDOR3;26.5;26.56;25.8;26.09;26.27;17437;3971100
10/01/2025;SOJA3;10.59;10.59;10.3;10.43;10.35;2869;413200
10/01/2025;SRNA3;6.05;6.09;5.87;5.95;5.87;4840;2021200
10/01/2025;STBP3;13.14;13.17;13.07;13.11;13.14;10180;4838300
10/01/2025;SUZB3;61.57;61.89;60.54;61.19;61.44;15988;5157300
10/01/2025;MGEL4;6.61;6.9;6.6;6.7;6.9;4;1100
10/01/2025;MGLU3;6.02;6.14;5.9;6.01;6.03;23624;18164800
10/01/2025;MTRE3;2.95;2.98;2.86;2.9;2.87;1441;715900
10/01/2025;MTSA4;37.77;38.19;37.75;37.97;38.19;6;600
10/01/2025;MULT3;20.46;20.51;20.11;20.24;20.24;15063;3862900
10/01/2025;MWET4;10.55;11.47;10.28;10.89;10.8;18;3000
10/01/2025;MYPK3;12.54;12.57;12.14;12.37;12.45;5854;950000
10/01/2025;RAIL3;17.76;17.85;17.18;17.32;17.21;36110;15867400
10/01/2025;RAIZ4;2.04;2.06;2.0;2.02;2.02;11104;9779600
10/01/2025;SMFT3;17.5;17.83;17.27;17.53;17.5;7969;1884900
10/01/2025;SMTO3;24.74;25.08;24.07;24.45;24.27;5340;1120500
10/01/2025;PRNR3;13.34;13.34;12.85;13.03;12.99;1088;184600
10/01/2025;PSSA3;36.57;36.67;36.25;36.45;36.42;8413;1501700
10/01/2025;IGTI4;7.57;7.57;7.5;7.53;7.5;7;700
10/01/2025;JHSF3;3.73;3.73;3.65;3.66;3.65;3103;1640200
10/01/2025;JOPA4;24.0;24.0;24.0;24.0;24.0;1;100
10/01/2025;PTBL3;3.51;3.51;3.4;3.42;3.4;351;237000
10/01/2025;PTNT3;7.35;7.51;7.1;7.31;7.44;18;2400
10/01/2025;PTNT4;5.62;5.76;5.62;5.69;5.76;2;200
10/01/2025;JSLG3;5.59;5.6;5.31;5.4;5.4;1230;280800
10/01/2025;KEPL3;9.41;9.43;9.28;9.37;9.42;3552;775700
10/01/2025;QUAL3;1.5;1.51;1.47;1.48;1.5;1120;2510600
10/01/2025;RADL3;21.02;21.08;20.2;20.68;20.97;29005;10619100
10/01/2025;SLCE3;17.39;17.69;17.06;17.31;17.19;8675;2676400
10/01/2025;KLBN3;4.64;4.7;4.6;4.65;4.7;678;161700
10/01/2025;KLBN4;4.34;4.37;4.3;4.32;4.34;1043;547600
10/01/2025;ATED3;1.37;1.41;1.33;1.36;1.4;35;21300
10/01/2025;AURE3;8.0;8.07;7.82;7.86;7.88;13941;6277600
10/01/2025;FLRY3;12.07;12.09;11.78;11.89;11.84;9301;2731000
10/01/2025;INEP3;1.39;1.41;1.36;1.38;1.36;21;6400
10/01/2025;INEP4;1.35;1.39;1.3;1.33;1.33;188;97200
10/01/2025;INTB3;12.41;12.41;12.04;12.12;12.05;2652;672800
10/01/2025;IRBR3;45.33;47.34;44.5;45.82;46.08;10918;3269200
10/01/2025;SAPR3;5.31;5.31;5.14;5.18;5.16;419;146500
10/01/2025;SAPR4;5.22;5.23;5.09;5.13;5.12;2847;1446900
10/01/2025;MILS3;8.55;8.56;8.17;8.29;8.17;2053;636800
10/01/2025;MLAS3;1.13;1.15;1.11;1.12;1.15;1191;704800
10/01/2025;MNDL3;16.3;16.4;16.3;16.38;16.4;2;500
10/01/2025;ROMI3;8.56;8.72;8.47;8.59;8.72;807;147100
10/01/2025;RSUL4;54.8;54.8;54.8;54.8;54.8;1;100
10/01/2025;ALPA3;5.94;5.94;5.94;5.94;5.94;3;1500
10/01/2025;ALPA4;6.15;6.24;6.02;6.15;6.24;4221;1853800
10/01/2025;ALPK3;2.45;2.54;2.38;2.44;2.4;239;68300
10/01/2025;ALUP3;9.05;9.1;8.88;9.07;9.1;26;2900
10/01/2025;ALUP4;8.95;8.96;8.79;8.87;8.96;41;5500
10/01/2025;SANB3;11.43;11.43;11.25;11.33;11.32;350;63700
10/01/2025;TPIS3;5.65;5.65;5.31;5.37;5.32;150;38400
10/01/2025;TRAD3;6.48;6.64;6.24;6.49;6.58;187;39300
10/01/2025;TRIS3;4.42;4.42;4.31;4.35;4.32;684;314700
10/01/2025;TTEN3;13.99;13.99;13.52;13.69;13.67;7715;1322000
10/01/2025;TUPY3;21.77;21.77;21.11;21.28;21.28;1705;268300
10/01/2025;AALR3;8.96;9.25;8.5;8.88;9.22;238;59000
10/01/2025;ABCB4;18.93;19.25;18.93;19.1;19.04;2839;501800
10/01/2025;ABEV3;11.4;11.43;11.08;11.2;11.16;35051;31277300
10/01/2025;B3SA3;10.16;10.19;9.8;9.92;9.8;51413;36793100
10/01/2025;CURY3;18.13;18.48;18.0;18.17;18.1;6964;2196000
10/01/2025;CVCB3;1.62;1.68;1.6;1.64;1.66;6509;18482200
10/01/2025;ESPA3;0.72;0.72;0.71;0.71;0.71;42;132800
10/01/2025;ETER3;4.92;4.98;4.81;4.88;4.98;477;144500
10/01/2025;EUCA3;15.0;15.2;15.0;15.07;15.2;7;700
10/01/2025;EUCA4;13.39;13.69;13.05;13.49;13.33;118;20600
10/01/2025;EVEN3;5.65;5.69;5.57;5.61;5.57;4054;2321900
10/01/2025;EZTC3;10.91;10.91;10.65;10.71;10.69;3477;1270400
10/01/2025;LJQQ3;2.08;2.09;2.02;2.05;2.06;2885;2682200
10/01/2025;LOGG3;18.5;18.62;18.02;18.21;18.02;1025;131500
10/01/2025;LOGN3;20.75;20.85;20.02;20.3;20.04;346;49700
10/01/2025;LPSB3;1.49;1.5;1.4;1.45;1.41;280;200600
10/01/2025;LREN3;12.94;13.07;12.63;12.81;12.84;23944;14184800
10/01/2025;AZZA3;30.6;30.6;29.81;30.06;30.11;5480;785700
10/01/2025;BRSR3;11.46;11.46;11.04;11.14;11.11;28;2900
10/01/2025;BRSR6;9.65;9.72;9.62;9.67;9.65;3846;1025200
10/01/2025;BRST3;2.42;2.47;2.38;2.41;2.47;766;398400
10/01/2025;FESA3;13.0;13.0;13.0;13.0;13.0;1;100
10/01/2025;FESA4;7.63;7.66;7.46;7.54;7.53;1306;356300
10/01/2025;FHER3;5.72;5.87;5.57;5.64;5.61;44;19500
10/01/2025;FICT3;2.9;3.13;2.68;2.9;3.13;157;80000
10/01/2025;FIQE3;3.49;3.49;3.38;3.4;3.38;547;204500
10/01/2025;BSLI3;7.68;7.68;7.68;7.68;7.68;1;400
10/01/2025;BIED3;4.19;4.38;4.19;4.28;4.36;3;400
10/01/2025;ENGI3;10.0;10.21;9.7;9.94;9.97;29;4800
10/01/2025;ENGI4;6.67;6.69;6.57;6.62;6.62;37;4300
10/01/2025;ENJU3;1.03;1.05;1.01;1.02;1.02;132;258200
10/01/2025;EPAR3;5.46;5.71;5.42;5.48;5.46;18;5200
10/01/2025;EQPA3;5.41;5.45;5.41;5.44;5.45;8;2900
10/01/2025;EQTL3;27.23;27.44;26.53;26.96;27.16;44525;13372300
10/01/2025;IFCM3;0.08;0.09;0.07;0.07;0.09;562;4883600
10/01/2025;IGTI3;2.07;2.07;2.04;2.06;2.06;53;14200
10/01/2025;CBAV3;4.76;4.77;4.59;4.65;4.64;3803;2277800
10/01/2025;CCRO3;10.28;10.35;10.19;10.26;10.3;12982;7306800
10/01/2025;CEAB3;7.74;7.89;7.63;7.75;7.72;15484;5252400
10/01/2025;CEBR3;15.97;15.97;15.89;15.94;15.89;5;700
10/01/2025;CEBR5;15.34;15.57;15.3;15.35;15.57;3;800
10/01/2025;CEBR6;17.27;17.27;16.8;16.96;17.08;35;5800
10/01/2025;CSUD3;15.59;15.7;15.3;15.51;15.6;113;17100
10/01/2025;CTKA4;21.01;22.0;21.01;21.37;21.11;3;300
10/01/2025;EMBR3;57.3;57.41;56.32;56.86;57.3;22109;5152800
10/01/2025;HBOR3;1.37;1.38;1.33;1.35;1.35;585;819700
10/01/2025;HBRE3;2.95;2.95;2.88;2.9;2.88;177;196600
10/01/2025;HBSA3;2.76;2.81;2.69;2.74;2.71;5199;2848100
10/01/2025;CAMB3;10.44;10.75;10.44;10.53;10.74;137;54200
10/01/2025;CAML3;5.71;5.71;4.9;5.04;4.91;10214;6507400
10/01/2025;CASH3;2.75;2.79;2.71;2.75;2.74;926;387700
10/01/2025;HYPE3;17.82;18.07;17.73;17.87;17.82;13008;4876500
10/01/2025;JALL3;4.61;4.61;4.45;4.48;4.46;1677;503400
10/01/2025;JBSS3;35.75;35.75;34.55;35.21;35.35;25517;6306500
10/01/2025;BBSE3;36.36;37.04;36.13;36.44;36.14;13599;4641300
10/01/2025;AERI3;7.98;8.15;7.43;7.71;7.43;2796;1152300
10/01/2025;AFLT3;7.06;7.06;7.06;7.06;7.06;2;1000
10/01/2025;AGRO3;22.45;22.45;22.07;22.19;22.18;919;140300
10/01/2025;ITUB4;31.06;31.14;30.55;30.74;30.64;32942;19288300
10/01/2025;BAZA3;85.79;85.79;85.79;85.79;85.79;1;100
10/01/2025;BBAS3;24.25;24.44;24.13;24.28;24.21;29136;17167200
10/01/2025;BEES3;8.36;8.36;8.27;8.3;8.3;31;4000
10/01/2025;EALT4;13.15;13.25;13.0;13.08;13.16;8;2200
10/01/2025;ITSA3;9.05;9.05;8.84;8.9;8.84;517;97100
10/01/2025;ITSA4;8.78;8.79;8.63;8.67;8.66;29242;22893500
10/01/2025;LUPA3;1.22;1.29;1.21;1.25;1.26;212;82200
10/01/2025;LVTC3;2.31;2.35;2.31;2.34;2.33;23;6700
10/01/2025;LWSA3;3.42;3.42;3.3;3.34;3.36;7432;4750500
10/01/2025;MATD3;3.76;3.76;3.61;3.65;3.65;1609;356900
10/01/2025;MBLY3;1.44;1.49;1.38;1.4;1.43;289;168400
10/01/2025;MDIA3;20.6;20.6;19.1;19.51;19.28;3507;598700
10/01/2025;BMEB4;37.3;37.99;36.98;37.33;37.21;79;9000
10/01/2025;BMGB4;3.73;3.76;3.73;3.74;3.73;401;194500
10/01/2025;BPAN4;6.37;6.42;6.28;6.36;6.34;2690;930900
10/01/2025;BRAP3;14.97;15.16;14.89;15.0;14.95;245;60100
10/01/2025;BRAP4;15.65;15.91;15.56;15.73;15.73;8854;2935000
10/01/2025;BRAV3;24.73;25.29;24.6;24.96;24.92;26066;11706500
10/01/2025;AZEV3;0.98;0.99;0.96;0.96;0.98;262;219600
10/01/2025;AZEV4;0.98;0.99;0.94;0.96;0.96;927;1846500
10/01/2025;AZUL4;4.26;4.3;4.07;4.17;4.14;9201;17708800
10/01/2025;BRKM3;11.59;11.73;11.5;11.58;11.5;75;13300
10/01/2025;BRKM5;11.11;11.31;11.06;11.19;11.14;6962;2198900
10/01/2025;BRKM6;7.4;7.4;7.4;7.4;7.4;2;800
10/01/2025;DESK3;10.18;10.2;10.0;10.09;10.1;308;78700
10/01/2025;DEXP3;8.5;8.6;8.23;8.37;8.38;428;63000
10/01/2025;DEXP4;8.29;8.3;8.24;8.26;8.24;19;5600
10/01/2025;DIRR3;24.32;24.39;23.95;24.1;24.15;9021;2371900
10/01/2025;DMVF3;5.75;5.75;5.5;5.62;5.52;225;48300
10/01/2025;DOTZ3;3.12;3.19;3.04;3.15;3.15;68;24100
10/01/2025;DXCO3;5.9;5.91;5.75;5.85;5.91;3649;2125200
10/01/2025;ECOR3;4.43;4.62;4.37;4.49;4.55;8706;8043100
10/01/2025;EGIE3;35.3;35.61;34.93;35.07;34.96;6441;1029500
10/01/2025;GGPS3;14.59;14.59;14.13;14.29;14.17;7536;3826800
10/01/2025;GMAT3;6.07;6.07;5.85;5.92;5.97;6042;3535200
10/01/2025;GOAU3;9.75;9.79;9.5;9.61;9.6;217;66700
10/01/2025;GOAU4;9.58;9.64;9.36;9.45;9.41;16607;11441900
10/01/2025;ITUB3;27.4;27.64;27.05;27.19;27.12;1291;291800
10/01/2025;BGIP4;23.41;23.41;23.41;23.41;23.41;1;100
10/01/2025;BHIA3;2.81;2.83;2.71;2.76;2.73;1712;2020600
10/01/2025;CMIN3;4.74;4.88;4.66;4.78;4.85;13593;9590100
10/01/2025;COCE5;24.82;24.82;24.6;24.63;24.6;42;9100
10/01/2025;COGN3;1.16;1.18;1.13;1.15;1.18;10859;21397000
10/01/2025;DASA3;1.88;1.91;1.82;1.85;1.87;1045;842900
10/01/2025;YDUQ3;9.11;9.19;8.91;9.01;8.97;10908;3988600
10/01/2025;MNPR3;24.69;26.9;24.4;25.01;25.48;27;15700
10/01/2025;MOVI3;3.51;3.52;3.39;3.44;3.4;4000;4921300
10/01/2025;MRFG3;16.83;16.95;16.33;16.75;16.86;19822;9910200
10/01/2025;SANB4;12.7;12.7;12.44;12.52;12.55;272;39700
10/01/2025;ONCO3;2.11;2.19;2.07;2.12;2.08;5071;7104300
10/01/2025;OPCT3;5.37;5.37;5.2;5.27;5.26;1052;249000
10/01/2025;ORVR3;37.97;37.97;36.71;36.99;36.85;1777;361200
10/01/2025;CLSA3;9.9;9.96;9.88;9.92;9.91;1176;236900
10/01/2025;CLSC4;80.04;81.36;77.98;79.78;80.25;40;4500
10/01/2025;CMIG3;14.4;14.4;14.05;14.18;14.2;3027;616700
10/01/2025;CMIG4;10.67;10.68;10.38;10.49;10.47;40697;15657100
10/01/2025;PCAR3;2.85;2.86;2.68;2.74;2.76;7769;11970000
10/01/2025;CXSE3;14.16;14.28;14.07;14.15;14.16;10082;2737700
10/01/2025;CYRE3;16.5;16.53;16.16;16.34;16.51;10551;4783900
10/01/2025;FRAS3;20.9;21.14;20.34;20.52;20.34;844;169200
10/01/2025;FRIO3;299.9;307.0;299.9;302.78;299.9;5;500
10/01/2025;PFRM3;6.15;6.15;5.94;6.02;6.09;350;178700
10/01/2025;PGMN3;3.31;3.36;3.22;3.27;3.26;1327;663800
10/01/2025;PINE3;4.32;4.6;4.11;4.33;4.13;21;9500
10/01/2025;PINE4;4.31;4.31;4.21;4.26;4.25;142;57400
10/01/2025;PLPL3;8.92;8.92;8.65;8.76;8.8;2755;769900
10/01/2025;PNVL3;8.82;8.85;8.62;8.66;8.64;765;116500
10/01/2025;POMO3;5.73;5.73;5.49;5.57;5.55;799;301300
10/01/2025;POMO4;7.5;7.5;7.24;7.36;7.31;19872;10015600
10/01/2025;PORT3;16.45;16.5;16.26;16.37;16.32;2012;586200
10/01/2025;POSI3;5.02;5.1;4.95;5.02;5.02;1562;747900
10/01/2025;PRIO3;42.88;43.71;42.46;43.05;42.63;47114;16998700
10/01/2025;REAG3;5.0;5.0;4.83;4.99;4.83;6;1900
10/01/2025;RECV3;16.68;16.76;16.27;16.4;16.36;8405;2108600
10/01/2025;REDE3;6.15;6.35;6.15;6.26;6.27;9;1200
10/01/2025;RENT3;30.16;30.7;28.7;29.25;28.87;32774;12381700
10/01/2025;SYNE3;5.05;5.1;4.97;5.03;5.04;1118;293900
10/01/2025;MRVE3;5.2;5.21;4.99;5.05;5.09;10736;9194600
10/01/2025;SBFG3;11.08;11.15;10.76;10.92;10.9;7642;2441700
10/01/2025;SBSP3;88.0;88.43;86.9;87.44;87.59;16274;3113000
10/01/2025;SCAR3;16.2;16.39;15.61;16.0;16.17;74;22600
10/01/2025;SEER3;4.42;4.42;4.19;4.25;4.24;1425;436600
10/01/2025;SHOW3;0.76;0.76;0.74;0.75;0.76;168;42000
10/01/2025;SHUL4;5.63;5.63;5.53;5.58;5.6;598;199000
10/01/2025;TAEE3;10.96;10.96;10.82;10.85;10.83;453;91400
10/01/2025;TAEE4;11.08;11.08;10.95;10.98;10.97;645;149800
10/01/2025;VAMO3;4.58;4.59;4.43;4.48;4.44;7140;3718400
10/01/2025;VBBR3;17.57;17.66;17.3;17.43;17.4;17592;8000100
10/01/2025;NEOE3;18.5;18.5;18.03;18.2;18.23;2770;740800
10/01/2025;NGRD3;19.59;19.71;18.57;19.09;19.3;215;49600
10/01/2025;NTCO3;12.66;12.79;12.5;12.6;12.6;18219;5205200
10/01/2025;PETZ3;4.0;4.09;3.94;4.04;4.06;11295;5176100
10/01/2025;RANI3;6.92;7.0;6.89;6.94;6.93;1894;536200
10/01/2025;RAPT3;8.27;8.27;7.96;8.06;7.97;115;30100
10/01/2025;RAPT4;9.33;9.37;8.88;9.05;8.9;6935;3299300
10/01/2025;GEPA4;29.26;29.26;28.4;28.93;29.0;11;1100
10/01/2025;GFSA3;1.15;1.17;1.12;1.14;1.16;842;2354600
10/01/2025;GGBR3;15.67;15.69;15.43;15.54;15.47;265;43800
10/01/2025;GGBR4;17.12;17.22;16.66;16.82;16.8;33427;17317900
10/01/2025;ISAE3;31.12;31.95;31.02;31.58;31.95;16;1700
10/01/2025;ISAE4;22.81;23.27;22.59;22.8;22.61;9964;3676000
10/01/2025;SIMH3;3.43;3.43;3.28;3.33;3.36;5255;5629700
10/01/2025;VALE3;51.54;52.31;51.23;51.7;51.52;46329;25833900
10/01/2025;WEST3;0.49;0.52;0.49;0.51;0.52;28;86400
10/01/2025;WHRL3;3.9;3.9;3.88;3.9;3.88;6;2300
10/01/2025;WHRL4;4.2;4.24;4.12;4.15;4.23;19;10100
10/01/2025;WIZC3;5.3;5.31;5.25;5.27;5.26;1270;325600
10/01/2025;WLMM4;30.0;30.0;29.24;29.59;29.6;7;1200
10/01/2025;MDNE3;10.41;10.48;10.07;10.21;10.22;3938;703500
10/01/2025;MEAL3;0.95;0.95;0.92;0.93;0.94;256;514700
10/01/2025;MELK3;3.57;3.57;3.5;3.53;3.53;299;229200
10/01/2025;CSED3;3.1;3.12;3.06;3.07;3.08;600;196400
10/01/2025;CSMG3;21.75;22.02;21.42;21.62;21.51;5510;1224300
10/01/2025;CSNA3;7.46;7.9;7.44;7.69;7.73;29635;17203200
10/01/2025;ENEV3;10.48;10.77;10.43;10.61;10.69;19539;12174600
10/01/2025;KRSA3;8.28;8.28;8.22;8.27;8.28;30;19700
10/01/2025;ASAI3;5.62;5.69;5.48;5.58;5.62;22423;14811000
10/01/2025;BBDC3;10.42;10.42;10.21;10.3;10.31;15450;11490400
10/01/2025;BBDC4;11.32;11.33;11.07;11.2;11.18;49071;46311500
10/01/2025;BRFS3;23.48;23.7;22.95;23.4;23.52;27784;13228200
10/01/2025;CPLE3;8.07;8.07;7.87;7.92;7.93;3239;5783800
10/01/2025;CPLE5;9.75;9.75;9.75;9.75;9.75;2;200
10/01/2025;CPLE6;8.92;8.93;8.72;8.78;8.76;19692;15778600
10/01/2025;BEEF3;5.12;5.32;4.98;5.12;5.08;10446;9294800
10/01/2025;BPAC3;14.83;14.83;14.03;14.39;14.03;17;2800
10/01/2025;BPAC5;7.05;7.05;6.95;7.0;6.95;7;800
10/01/2025;CGAS5;124.0;124.0;124.0;124.0;124.0;1;100
10/01/2025;CGRA3;27.85;28.3;27.85;27.97;28.0;10;1000
10/01/2025;CGRA4;27.44;28.05;27.44;27.95;27.97;413;62300
10/01/2025;CRFB3;5.53;5.53;5.32;5.4;5.49;14171;19728400
10/01/2025;CRPG5;19.9;19.9;19.9;19.9;19.9;1;100
10/01/2025;CRPG6;20.01;20.98;20.01;20.49;20.98;2;200
10/01/2025;CSAN3;8.24;8.25;8.05;8.11;8.11;27938;15466800
10/01/2025;ELMD3;28.7;28.79;28.65;28.7;28.7;239;44700
10/01/2025;EMAE4;38.52;39.98;38.52;39.25;39.98;2;200
10/01/2025;ZAMP3;2.58;2.66;2.48;2.58;2.61;3447;501900
10/01/2025;LAND3;13.7;13.7;12.77;13.07;12.77;154;29600
10/01/2025;LAVV3;7.11;7.14;7.0;7.07;7.06;1201;248700
10/01/2025;LEVE3;27.01;27.27;26.47;26.72;26.56;2272;332100
10/01/2025;NUTR3;4.14;4.25;3.92;4.16;4.25;38;4400
10/01/2025;SEQL3;2.76;2.78;2.65;2.71;2.65;307;133800
10/01/2025;AMER3;5.72;5.72;5.46;5.55;5.52;2450;2047800
10/01/2025;JFEN3;2.62;2.72;2.57;2.59;2.59;46;16000
10/01/2025;ATMP3;1.29;1.3;1.29;1.29;1.3;2;200
10/01/2025;RNEW3;0.97;0.98;0.95;0.96;0.97;54;32100
10/01/2025;RNEW4;0.94;0.95;0.9;0.92;0.94;126;139600
10/01/2025;RPMG3;2.75;2.75;2.72;2.73;2.72;2;200
10/01/2025;RSID3;2.75;2.88;2.56;2.69;2.84;696;144300
10/01/2025;AGXY3;0.46;0.47;0.45;0.45;0.45;186;78500
10/01/2025;OIBR3;1.44;1.64;1.41;1.5;1.47;3049;8742800
10/01/2025;OIBR4;8.94;9.44;8.61;8.94;8.61;43;8600
10/01/2025;PMAM3;1.45;1.47;1.26;1.32;1.28;521;593100
10/01/2025;NEXP3;3.74;3.95;3.74;3.89;3.74;6;1300
10/01/2025;LIGT3;3.86;4.05;3.78;3.93;4.05;1985;466700
20/01/2025;BRFS3;22.8;23.5;22.72;23.28;23.29;10252;3498200
20/01/2025;BRKM3;12.89;14.15;12.89;13.59;13.98;59;9000
20/01/2025;BRKM5;12.68;14.2;12.68;13.6;13.74;8509;4902600
20/01/2025;ENEV3;10.91;10.92;10.64;10.71;10.65;11465;7876500
20/01/2025;IFCM3;0.08;0.09;0.07;0.07;0.08;545;8493700
20/01/2025;IGTI3;2.04;2.11;2.04;2.07;2.11;98;42500
20/01/2025;INEP3;1.36;1.4;1.34;1.36;1.34;16;8400
20/01/2025;INEP4;1.39;1.45;1.39;1.4;1.44;23;9100
20/01/2025;INTB3;12.79;13.65;12.58;13.31;13.6;8567;3377000
20/01/2025;IRBR3;51.7;52.95;51.13;52.09;51.9;7562;1767500
20/01/2025;PNVL3;8.08;8.4;8.08;8.24;8.2;1662;314600
20/01/2025;POMO3;5.93;6.05;5.91;5.97;5.93;231;147000
20/01/2025;POMO4;7.88;7.99;7.79;7.88;7.96;9863;6379700
20/01/2025;PORT3;16.48;16.68;16.43;16.6;16.6;734;213000
20/01/2025;POSI3;5.52;5.57;5.41;5.48;5.41;940;384600
20/01/2025;PRIO3;42.7;43.17;42.58;42.87;42.69;16197;6034500
20/01/2025;RSUL4;55.0;55.0;55.0;55.0;55.0;1;100
20/01/2025;QUAL3;1.64;1.66;1.59;1.62;1.6;1104;2863600
20/01/2025;RADL3;21.11;21.55;21.03;21.32;21.45;8765;3711700
20/01/2025;SMFT3;17.82;18.42;17.73;18.12;18.01;10433;2390500
20/01/2025;SMTO3;23.05;23.64;22.65;23.19;23.19;3303;730800
20/01/2025;TIMS3;14.88;14.88;14.7;14.79;14.85;7031;3209600
20/01/2025;TKNO4;63.97;63.97;63.9;63.93;63.9;2;200
20/01/2025;TOTS3;28.46;28.7;28.13;28.47;28.45;6565;1450300
20/01/2025;VIVR3;1.1;1.1;1.09;1.09;1.1;65;38200
20/01/2025;VIVT3;48.9;49.33;48.7;48.91;49.04;6126;934700
20/01/2025;VLID3;22.85;23.26;22.4;22.89;22.9;1110;259800
20/01/2025;VSTE3;6.6;6.8;6.6;6.73;6.8;5;1500
20/01/2025;VTRU3;6.14;6.42;6.12;6.2;6.17;228;90900
20/01/2025;VULC3;16.51;16.56;16.34;16.48;16.5;1905;784500
20/01/2025;VVEO3;1.9;1.95;1.86;1.89;1.87;2156;1878500
20/01/2025;WEGE3;54.11;55.3;53.86;54.74;55.13;12445;2471800
20/01/2025;RANI3;6.96;7.1;6.94;7.04;7.08;1543;602900
20/01/2025;RAPT3;7.58;7.71;7.36;7.54;7.71;81;30900
20/01/2025;RAPT4;8.26;8.52;8.05;8.28;8.16;8611;4163800
20/01/2025;TASA4;8.14;8.19;8.04;8.11;8.15;1051;254800
20/01/2025;TCSA3;1.44;1.49;1.43;1.45;1.46;96;35300
20/01/2025;TECN3;5.42;5.43;5.33;5.36;5.34;82;45100
20/01/2025;TELB3;11.6;11.6;11.6;11.6;11.6;4;400
20/01/2025;TEND3;11.98;12.28;11.79;12.06;12.17;4712;1921600
20/01/2025;TFCO4;8.77;8.94;8.76;8.83;8.82;370;252600
02/01/2025;GOLL4;1.44;1.45;1.35;1.39;1.37;2342;7499400
20/01/2025;TGMA3;28.49;28.85;28.33;28.65;28.6;1196;280900
20/01/2025;RCSL3;4.72;4.98;4.51;4.7;4.75;7015;4753300
20/01/2025;RCSL4;0.73;0.75;0.71;0.73;0.73;1169;2262200
20/01/2025;RDNI3;2.26;2.31;2.14;2.2;2.25;49;26400
20/01/2025;RDOR3;26.4;27.27;26.37;26.94;27.0;10401;2893700
20/01/2025;SYNE3;5.12;5.18;4.96;5.0;4.96;1708;548400
20/01/2025;ITSA3;9.2;9.34;9.14;9.26;9.31;372;98000
20/01/2025;ITSA4;9.02;9.24;9.01;9.14;9.12;14276;15260300
20/01/2025;MATD3;3.55;3.62;3.48;3.57;3.56;1691;350500
20/01/2025;MBLY3;1.53;1.61;1.46;1.54;1.5;526;285100
20/01/2025;MDIA3;19.43;19.79;19.2;19.47;19.52;2115;498200
20/01/2025;MDNE3;10.94;11.06;10.6;10.9;10.9;1460;394100
20/01/2025;MEAL3;0.92;0.93;0.92;0.92;0.93;222;430800
20/01/2025;MELK3;3.71;3.74;3.64;3.7;3.73;404;325700
20/01/2025;MGEL4;6.82;7.0;6.75;6.86;6.75;20;3700
20/01/2025;MGLU3;6.01;6.22;5.85;6.09;6.11;12982;17589900
20/01/2025;AERI3;6.64;6.81;6.12;6.43;6.3;1206;576600
20/01/2025;AGRO3;22.43;22.59;22.38;22.49;22.48;472;69600
20/01/2025;ALLD3;6.87;6.87;6.73;6.8;6.77;161;41700
20/01/2025;ALOS3;17.85;18.12;17.72;18.0;18.05;9593;3702600
20/01/2025;BBDC3;10.64;10.76;10.57;10.69;10.73;4318;3688200
20/01/2025;BBDC4;11.54;11.64;11.45;11.56;11.63;24073;17924700
20/01/2025;BRSR3;11.15;11.35;11.14;11.27;11.32;18;2500
20/01/2025;ENGI3;10.35;10.55;10.11;10.4;10.11;37;6400
20/01/2025;ENGI4;6.43;6.74;6.43;6.57;6.74;72;15400
20/01/2025;ENJU3;1.1;1.19;1.1;1.16;1.15;215;452900
20/01/2025;EPAR3;5.35;5.36;5.21;5.28;5.23;32;7200
20/01/2025;EQPA3;5.27;5.35;5.27;5.3;5.31;13;4100
20/01/2025;EQTL3;27.72;28.17;27.42;27.94;28.1;14204;5139900
20/01/2025;ESPA3;0.73;0.75;0.72;0.73;0.73;357;564400
20/01/2025;ESTR4;3.51;3.51;3.5;3.5;3.5;3;1600
20/01/2025;ETER3;4.98;5.2;4.97;5.07;5.14;426;109300
20/01/2025;EUCA3;15.19;15.3;15.19;15.24;15.3;2;200
20/01/2025;LUPA3;1.26;1.28;1.24;1.26;1.27;140;57900
20/01/2025;LVTC3;2.27;2.33;2.27;2.28;2.32;31;12300
20/01/2025;LWSA3;3.05;3.17;3.01;3.1;3.11;8579;9038700
20/01/2025;TAEE3;10.84;10.92;10.78;10.86;10.92;259;53100
20/01/2025;TAEE4;10.99;11.05;10.91;11.0;11.05;467;114600
20/01/2025;VAMO3;4.56;4.74;4.52;4.66;4.67;5883;3302300
20/01/2025;VBBR3;17.0;17.35;16.83;17.19;17.23;9125;5352000
20/01/2025;PCAR3;2.72;2.81;2.68;2.77;2.78;4292;6157700
20/01/2025;PDGR3;0.01;0.01;0.01;0.01;0.01;193;4365600
20/01/2025;PDTC3;1.11;1.22;1.1;1.16;1.2;49;59600
20/01/2025;PETR3;41.57;42.0;41.5;41.82;41.9;6670;3191500
20/01/2025;PETR4;37.22;37.43;37.11;37.27;37.29;32827;13912800
20/01/2025;AALR3;10.8;11.21;10.41;10.88;11.21;97;28300
20/01/2025;ABCB4;19.61;19.76;19.49;19.62;19.7;2441;347300
20/01/2025;ABEV3;11.05;11.11;10.79;11.03;11.05;39867;22293700
20/01/2025;YDUQ3;8.48;8.93;8.46;8.8;8.89;9787;4884600
20/01/2025;ZAMP3;2.62;2.63;2.53;2.56;2.55;1203;433500
20/01/2025;PETZ3;4.48;4.57;4.37;4.48;4.47;3497;2542000
20/01/2025;ROMI3;8.76;8.85;8.62;8.73;8.85;488;90300
20/01/2025;TPIS3;5.0;5.2;4.88;5.02;4.94;261;34100
20/01/2025;TRAD3;6.18;6.34;5.97;6.07;6.24;204;87000
20/01/2025;TRIS3;4.86;5.04;4.8;4.94;4.99;1455;589400
20/01/2025;RAIZ4;2.01;2.02;1.91;1.93;1.93;14535;27664800
20/01/2025;SNSY5;3.64;3.64;3.37;3.54;3.37;5;600
20/01/2025;SOJA3;10.09;10.42;9.93;10.2;10.25;1759;376400
28/01/2025;DASA3;1.96;1.98;1.88;1.92;1.92;1134;396800
28/01/2025;DESK3;10.48;10.48;10.1;10.24;10.22;1334;190300
28/01/2025;ALLD3;6.87;6.97;6.87;6.92;6.93;111;21700
28/01/2025;ALOS3;18.61;18.75;18.48;18.64;18.68;6661;2642400
28/01/2025;ALPA3;5.97;5.98;5.71;5.74;5.71;30;7800
28/01/2025;ALPA4;6.34;6.38;6.11;6.21;6.13;5976;2905100
28/01/2025;ALPK3;2.5;2.58;2.44;2.5;2.44;230;82100
28/01/2025;ALUP3;9.36;9.57;9.36;9.45;9.57;23;2300
28/01/2025;ALUP4;9.13;9.15;9.1;9.14;9.14;60;8100
28/01/2025;BBDC3;10.65;10.75;10.54;10.65;10.64;13249;10071700
28/01/2025;BBDC4;11.55;11.73;11.43;11.59;11.63;24612;24844400
28/01/2025;BRSR3;11.8;11.96;11.8;11.89;11.94;8;1300
28/01/2025;EGIE3;36.16;37.15;36.06;36.76;36.76;13870;2971600
28/01/2025;EKTR4;52.0;52.0;52.0;52.0;52.0;3;300
28/01/2025;ELET3;36.17;36.36;35.88;36.02;35.98;18367;4475800
28/01/2025;ELET5;75.0;75.0;75.0;75.0;75.0;1;200
28/01/2025;ELET6;39.89;40.12;39.48;39.63;39.56;5993;1033400
28/01/2025;HBOR3;1.57;1.57;1.5;1.53;1.5;537;596900
28/01/2025;HBRE3;3.09;3.14;3.01;3.05;3.04;566;320600
28/01/2025;HBSA3;2.8;2.82;2.63;2.71;2.72;2864;2129600
28/01/2025;DEXP3;8.86;8.9;8.53;8.67;8.63;372;61800
28/01/2025;DIRR3;27.46;27.69;27.27;27.46;27.41;8154;1387600
28/01/2025;DMVF3;5.89;5.9;5.61;5.75;5.68;315;55000
28/01/2025;DOTZ3;3.3;3.35;3.26;3.3;3.33;24;7100
28/01/2025;DXCO3;5.98;6.07;5.87;5.94;5.93;2842;1891500
28/01/2025;EALT4;14.11;14.2;13.51;13.94;13.85;83;20800
28/01/2025;JALL3;4.68;4.68;4.5;4.56;4.52;2240;697200
28/01/2025;JBSS3;35.01;35.44;34.71;35.05;34.78;22504;4751100
20/01/2025;SRNA3;5.89;6.02;5.77;5.87;5.85;8010;3357200
20/01/2025;STBP3;13.12;13.17;13.1;13.12;13.14;4167;2931500
20/01/2025;SUZB3;62.0;62.3;61.34;61.7;61.8;11935;3212200
20/01/2025;PRNR3;13.41;13.57;13.3;13.46;13.57;531;125900
20/01/2025;VITT3;5.22;5.28;5.0;5.1;5.1;1566;429700
20/01/2025;VIVA3;19.02;19.61;18.95;19.39;19.45;5853;1309900
20/01/2025;RAIL3;17.17;17.17;16.76;16.96;16.97;13704;5948800
20/01/2025;CPFE3;33.2;33.44;33.0;33.22;33.31;4962;884000
20/01/2025;CPLE3;8.27;8.33;8.23;8.28;8.31;6961;6286500
20/01/2025;CPLE5;10.38;10.38;10.38;10.38;10.38;1;100
20/01/2025;CPLE6;9.15;9.24;9.09;9.13;9.15;17734;10178400
20/01/2025;DMVF3;6.02;6.11;5.94;6.05;5.95;210;37400
20/01/2025;DOHL4;3.9;3.99;3.82;3.92;3.82;5;500
20/01/2025;DOTZ3;3.28;3.3;3.2;3.24;3.22;33;7300
20/01/2025;DXCO3;5.87;6.0;5.79;5.91;5.93;3580;1337100
20/01/2025;EALT4;13.59;13.75;13.59;13.64;13.64;37;15600
20/01/2025;PSSA3;36.5;36.82;36.39;36.61;36.7;4815;1270000
20/01/2025;PTBL3;3.6;3.7;3.48;3.6;3.59;790;533100
20/01/2025;PTNT3;7.71;7.85;7.63;7.71;7.75;9;900
20/01/2025;PTNT4;5.8;5.8;5.66;5.75;5.8;11;2100
20/01/2025;ECOR3;4.62;4.77;4.52;4.67;4.64;5860;2662300
20/01/2025;EGIE3;35.16;35.6;34.97;35.3;35.32;4420;736400
20/01/2025;SCAR3;15.84;16.23;15.84;16.0;15.86;30;31700
20/01/2025;SEER3;4.48;4.58;4.4;4.5;4.53;2343;500100
20/01/2025;SHOW3;0.75;0.75;0.73;0.74;0.74;170;33100
20/01/2025;SHUL4;5.65;5.68;5.6;5.64;5.67;912;196100
20/01/2025;SIMH3;3.27;3.43;3.2;3.32;3.34;4791;3991400
20/01/2025;GRND3;5.32;5.44;5.31;5.38;5.44;926;707600
20/01/2025;GUAR3;5.77;6.06;5.72;5.93;5.84;1578;511600
20/01/2025;SLCE3;18.05;18.13;17.82;18.03;17.99;4746;1428700
20/01/2025;HAGA3;2.35;2.35;2.12;2.15;2.19;15;4000
20/01/2025;HAGA4;1.17;1.2;1.17;1.17;1.18;10;8200
20/01/2025;HAPV3;2.22;2.33;2.19;2.28;2.27;40826;45853500
20/01/2025;JALL3;4.65;4.65;4.53;4.58;4.59;1402;351600
20/01/2025;JBSS3;33.85;34.42;33.72;34.12;34.29;11634;2881000
20/01/2025;MNDL3;16.38;16.39;16.38;16.38;16.39;2;600
20/01/2025;MNPR3;25.68;26.5;25.5;26.08;26.5;15;2000
20/01/2025;MOVI3;3.6;3.83;3.55;3.73;3.8;4362;4355300
20/01/2025;MRFG3;15.48;15.71;15.23;15.51;15.58;9247;3877500
20/01/2025;AZZA3;30.0;31.37;29.98;31.02;31.37;9089;1575900
20/01/2025;BEEF3;5.07;5.07;4.94;4.99;4.98;5059;3883200
20/01/2025;BPAC3;14.8;15.14;14.8;14.99;15.14;3;300
20/01/2025;BPAC5;7.15;7.29;7.12;7.16;7.15;12;1400
20/01/2025;CMIN3;5.1;5.17;5.02;5.09;5.17;8672;6989700
20/01/2025;KRSA3;8.41;8.58;8.4;8.43;8.41;127;208700
20/01/2025;LAND3;13.57;13.8;13.51;13.63;13.56;119;14100
20/01/2025;LAVV3;7.28;7.37;7.17;7.29;7.37;1175;241400
20/01/2025;LEVE3;27.43;27.43;26.77;26.98;27.03;1132;203000
20/01/2025;COCE5;23.81;24.29;23.63;23.82;23.63;50;11100
20/01/2025;COGN3;1.23;1.3;1.22;1.26;1.27;10659;23621100
20/01/2025;CYRE3;17.81;18.32;17.67;18.03;17.95;10849;3303000
20/01/2025;LJQQ3;2.1;2.1;2.05;2.07;2.05;2078;2558900
20/01/2025;LOGG3;18.93;18.93;18.53;18.67;18.69;1061;128400
20/01/2025;LOGN3;20.12;20.2;19.85;19.99;19.85;160;25800
20/01/2025;LPSB3;1.33;1.34;1.29;1.31;1.34;119;102800
20/01/2025;LREN3;12.35;12.52;12.14;12.37;12.4;20795;10296200
20/01/2025;ALPA4;6.12;6.31;6.11;6.18;6.11;4020;1665100
20/01/2025;ALPK3;2.62;2.68;2.46;2.56;2.48;350;107600
28/01/2025;MRSA3B;32.5;32.5;32.5;32.5;32.5;1;100
28/01/2025;MRVE3;5.44;5.49;5.34;5.41;5.42;8203;5597400
28/01/2025;ECOR3;5.1;5.13;4.94;5.03;4.94;3966;2599400
28/01/2025;GRND3;5.68;5.78;5.63;5.74;5.78;3212;880600
28/01/2025;BIOM3;9.9;9.99;9.7;9.87;9.88;238;97800
28/01/2025;GUAR3;6.45;6.49;6.31;6.39;6.39;2796;642600
28/01/2025;BLAU3;12.29;12.65;12.08;12.46;12.58;1008;139400
28/01/2025;HAGA3;2.07;2.3;2.07;2.26;2.3;11;2600
28/01/2025;HAGA4;1.19;1.19;1.19;1.19;1.19;1;100
28/01/2025;HAPV3;2.39;2.47;2.31;2.38;2.32;40128;135921400
28/01/2025;MILS3;8.85;8.86;8.69;8.74;8.74;1384;453700
28/01/2025;MLAS3;1.16;1.22;1.12;1.16;1.16;5074;3585300
28/01/2025;MNDL3;16.99;17.2;16.99;17.03;17.2;4;1100
28/01/2025;MNPR3;26.49;27.49;26.49;26.99;26.99;20;6900
28/01/2025;MOVI3;3.83;3.87;3.75;3.81;3.81;6722;5016500
28/01/2025;BAZA3;88.5;88.94;87.38;87.98;88.57;11;1100
28/01/2025;BBAS3;27.69;27.7;27.32;27.49;27.53;31785;13016900
28/01/2025;BGIP4;24.82;24.96;24.82;24.85;24.96;9;1300
28/01/2025;BHIA3;3.68;3.68;3.46;3.56;3.47;3662;4731900
28/01/2025;BRSR6;10.31;10.34;10.24;10.28;10.26;3065;950900
28/01/2025;BRST3;2.55;2.62;2.5;2.56;2.5;728;129400
28/01/2025;BIED3;3.81;4.0;3.81;3.96;4.0;16;10100
28/01/2025;BRAV3;23.01;23.05;22.22;22.56;22.44;12732;5261800
28/01/2025;CSAN3;7.83;7.86;7.62;7.69;7.62;18928;15909900
28/01/2025;CXSE3;14.88;15.04;14.78;14.92;14.86;9547;2659300
28/01/2025;CYRE3;19.4;19.62;19.3;19.44;19.36;8411;2250600
28/01/2025;GGPS3;15.25;15.32;14.64;14.82;14.64;7633;2908300
28/01/2025;GMAT3;6.5;6.58;6.46;6.52;6.49;9091;3486800
28/01/2025;GOAU3;9.96;10.04;9.9;9.97;9.94;61;16600
20/01/2025;ALUP3;9.13;9.17;9.01;9.11;9.12;41;4700
20/01/2025;ALUP4;9.02;9.06;8.93;8.99;9.02;37;3900
20/01/2025;AMAR3;1.07;1.1;1.06;1.08;1.09;573;207800
20/01/2025;AMBP3;125.2;126.28;120.9;122.85;120.9;209;30700
20/01/2025;AMOB3;0.34;0.34;0.32;0.33;0.33;4128;23080900
20/01/2025;ANIM3;1.62;1.75;1.59;1.69;1.75;6372;7377500
20/01/2025;ARML3;4.87;4.99;4.73;4.89;4.96;1692;659900
20/01/2025;ASAI3;5.76;6.21;5.67;6.02;6.1;12223;11097900
20/01/2025;BRSR6;9.75;9.86;9.67;9.79;9.77;3517;1055300
20/01/2025;BRST3;2.6;2.62;2.53;2.59;2.6;655;147400
20/01/2025;CAMB3;11.2;11.2;10.76;10.85;10.79;149;23500
20/01/2025;CAML3;4.7;4.81;4.62;4.74;4.76;2216;1276200
20/01/2025;CASH3;3.06;3.15;2.99;3.11;3.13;1401;928900
20/01/2025;CBAV3;5.08;5.21;5.03;5.11;5.1;4380;2142900
20/01/2025;CCRO3;10.45;10.7;10.44;10.61;10.6;14545;6499600
20/01/2025;CSED3;3.15;3.27;3.13;3.21;3.23;1239;676900
20/01/2025;CSMG3;21.72;21.95;21.6;21.78;21.73;2919;666800
20/01/2025;CSNA3;8.09;8.09;7.91;7.98;7.99;8647;7395500
20/01/2025;EUCA4;13.41;13.51;13.17;13.37;13.48;120;17500
20/01/2025;EVEN3;5.59;5.76;5.52;5.67;5.65;4031;1054100
20/01/2025;EZTC3;11.32;11.57;11.17;11.42;11.43;4436;1526900
20/01/2025;FESA3;12.75;12.76;12.75;12.75;12.75;4;600
20/01/2025;FESA4;7.67;7.8;7.57;7.69;7.65;881;344200
20/01/2025;FHER3;5.64;5.81;5.3;5.48;5.5;87;37800
20/01/2025;FICT3;3.32;3.32;3.14;3.26;3.24;96;15400
20/01/2025;FIQE3;3.43;3.47;3.39;3.43;3.42;374;191900
20/01/2025;FLRY3;11.45;11.77;11.41;11.68;11.77;6317;1717600
20/01/2025;ISAE3;31.35;31.99;30.83;31.49;31.58;22;3500
20/01/2025;ISAE4;22.96;23.24;22.95;23.15;23.24;4363;1242300
20/01/2025;NEOE3;18.39;18.39;18.05;18.14;18.07;3020;599700
28/01/2025;GOAU4;9.91;9.98;9.81;9.9;9.93;6626;6197400
28/01/2025;HYPE3;18.88;19.02;18.09;18.42;18.17;14236;3529600
28/01/2025;B3SA3;10.56;10.61;10.43;10.54;10.55;43886;45701800
28/01/2025;BEEF3;4.87;4.92;4.79;4.85;4.82;5906;5088000
28/01/2025;BEES3;8.35;8.36;8.13;8.24;8.17;79;15700
28/01/2025;BPAN4;6.92;6.95;6.78;6.86;6.82;1920;687000
28/01/2025;BRAP3;15.4;15.4;15.08;15.2;15.1;284;61400
28/01/2025;BRAP4;16.47;16.47;16.13;16.24;16.2;4576;2776500
28/01/2025;CPFE3;33.8;34.16;33.51;33.91;33.96;4250;1817600
28/01/2025;CPLE3;8.52;8.63;8.46;8.57;8.62;5377;4425700
28/01/2025;CPLE5;10.89;10.89;10.89;10.89;10.89;3;300
28/01/2025;CPLE6;9.45;9.56;9.39;9.48;9.51;24654;14726000
28/01/2025;JHSF3;3.88;3.88;3.79;3.84;3.85;3443;2207800
28/01/2025;FESA4;7.91;7.92;7.75;7.8;7.79;997;257700
28/01/2025;FHER3;5.47;5.59;5.34;5.49;5.34;43;14200
28/01/2025;ISAE3;31.4;31.69;31.37;31.43;31.39;6;1300
28/01/2025;ISAE4;23.58;23.68;23.47;23.58;23.59;5133;1911200
28/01/2025;ITSA3;9.45;9.54;9.38;9.46;9.44;248;77000
28/01/2025;ITSA4;9.34;9.45;9.28;9.37;9.38;23534;22097800
28/01/2025;CRFB3;5.95;6.14;5.89;6.01;6.05;13206;9198300
28/01/2025;CRPG5;19.55;19.74;19.55;19.64;19.74;2;200
28/01/2025;CRPG6;19.5;19.5;19.5;19.5;19.5;1;500
28/01/2025;CSUD3;15.61;15.98;15.61;15.83;15.94;121;18700
28/01/2025;CTKA4;21.9;21.9;21.9;21.9;21.9;1;100
28/01/2025;LUPA3;1.26;1.27;1.24;1.25;1.26;99;55300
28/01/2025;LVTC3;2.22;2.3;2.22;2.23;2.22;41;36200
28/01/2025;LWSA3;3.26;3.3;3.16;3.22;3.21;5701;5281900
28/01/2025;CURY3;20.75;20.84;20.58;20.71;20.71;8705;1451900
28/01/2025;CVCB3;1.84;1.86;1.77;1.79;1.77;6710;25437200
28/01/2025;FICT3;3.7;3.83;3.65;3.7;3.75;115;20100
28/01/2025;FIQE3;3.39;3.45;3.36;3.4;3.39;434;367600
28/01/2025;MATD3;3.73;3.76;3.67;3.71;3.71;1306;450600
28/01/2025;MBLY3;1.53;1.53;1.49;1.5;1.5;71;20300
28/01/2025;MDIA3;22.29;23.13;22.02;22.54;22.32;5679;907700
28/01/2025;FLRY3;11.96;11.96;11.64;11.8;11.64;7767;2530400
28/01/2025;FRAS3;21.5;21.56;21.33;21.39;21.38;898;411100
28/01/2025;KLBN3;4.75;4.83;4.71;4.78;4.71;364;163900
28/01/2025;KLBN4;4.38;4.38;4.32;4.35;4.37;887;601800
28/01/2025;GEPA4;29.0;29.49;29.0;29.29;29.0;4;500
28/01/2025;GFSA3;1.4;1.43;1.34;1.38;1.35;2358;4664700
28/01/2025;KRSA3;8.45;8.61;8.45;8.57;8.61;52;17600
28/01/2025;GGBR3;16.44;16.52;16.27;16.41;16.31;138;30900
28/01/2025;GGBR4;17.66;17.88;17.55;17.66;17.67;16318;7886500
28/01/2025;ITUB3;29.2;29.5;29.04;29.28;29.2;1570;415200
28/01/2025;ITUB4;33.24;33.45;32.97;33.25;33.3;33623;14337600
28/01/2025;MGEL4;7.5;7.5;7.5;7.5;7.5;1;100
28/01/2025;MGLU3;6.98;7.04;6.76;6.89;6.76;14680;18431700
28/01/2025;AZZA3;33.17;33.84;32.79;33.52;33.75;9221;1369500
28/01/2025;LAND3;14.9;15.15;14.7;14.99;15.0;314;176500
28/01/2025;LAVV3;8.24;8.24;8.05;8.1;8.1;2407;808800
28/01/2025;LEVE3;27.83;28.12;27.64;27.95;27.94;1153;172300
28/01/2025;LJQQ3;2.23;2.25;2.17;2.2;2.18;2967;2866900
28/01/2025;BBSE3;38.57;39.09;38.55;38.89;39.03;14134;3011700
28/01/2025;BPAC3;15.55;15.6;15.54;15.55;15.54;5;500
28/01/2025;BPAC5;7.42;7.42;7.38;7.4;7.38;2;200
28/01/2025;COCE5;24.46;24.49;24.1;24.31;24.49;19;2100
28/01/2025;COGN3;1.39;1.4;1.32;1.35;1.33;14553;30181400
28/01/2025;NGRD3;21.77;21.93;21.03;21.43;21.04;146;22600
28/01/2025;NTCO3;12.24;12.28;12.03;12.11;12.06;10580;3863800
28/01/2025;ESPA3;0.75;0.75;0.74;0.74;0.74;231;168700
28/01/2025;ESTR4;3.5;3.5;3.5;3.5;3.5;2;1400
28/01/2025;ETER3;5.25;5.26;5.14;5.21;5.21;305;58800
28/01/2025;EUCA4;13.74;13.74;13.44;13.58;13.68;146;23400
28/01/2025;EVEN3;5.88;5.94;5.83;5.87;5.84;3379;991500
28/01/2025;ODPV3;11.07;11.2;10.98;11.13;11.13;2976;810900
28/01/2025;PRNR3;15.05;15.11;14.84;15.02;15.11;1343;255900
28/01/2025;PSSA3;38.34;39.66;38.1;38.6;38.5;12295;2634100
28/01/2025;SLCE3;18.09;18.09;17.63;17.78;17.66;5950;1826000
28/01/2025;SBSP3;95.55;95.69;94.17;94.59;94.57;10766;2187000
28/01/2025;EZTC3;12.05;12.24;11.86;12.09;12.0;7103;1805100
28/01/2025;FESA3;12.75;12.75;12.75;12.75;12.75;1;100
28/01/2025;SCAR3;16.38;17.34;16.26;16.64;16.85;179;47000
28/01/2025;SEER3;4.98;5.02;4.8;4.92;4.8;2203;386000
28/01/2025;SHOW3;0.72;0.74;0.72;0.72;0.73;191;77100
28/01/2025;SHUL4;5.97;6.07;5.93;6.02;6.05;620;190500
28/01/2025;SIMH3;3.41;3.44;3.32;3.36;3.35;5503;4301600
28/01/2025;MRFG3;15.78;16.09;15.74;15.91;15.93;8860;3689300
28/01/2025;MTRE3;3.22;3.22;3.15;3.17;3.15;782;382800
28/01/2025;MTSA4;38.39;38.78;38.39;38.69;38.77;5;500
28/01/2025;MULT3;21.55;21.69;21.34;21.54;21.56;10597;2012000
28/01/2025;MYPK3;13.75;13.79;13.42;13.56;13.62;4575;797000
28/01/2025;TTEN3;15.4;15.66;15.08;15.39;15.55;7360;1296300
28/01/2025;TUPY3;21.98;21.98;21.27;21.41;21.3;2869;496700
28/01/2025;VSTE3;6.37;6.58;6.35;6.39;6.58;21;3800
28/01/2025;VTRU3;6.39;6.39;5.52;5.87;5.9;969;312400
28/01/2025;VULC3;17.32;17.36;17.11;17.25;17.13;3421;703200
28/01/2025;VVEO3;1.74;1.74;1.63;1.65;1.63;3265;4586100
28/01/2025;WEGE3;54.49;55.44;53.74;54.16;54.09;34665;10279700
28/01/2025;RANI3;7.3;7.3;7.05;7.14;7.06;1756;559100
28/01/2025;RAPT3;7.89;7.95;7.85;7.88;7.86;30;8500
28/01/2025;RAPT4;8.99;9.04;8.86;8.93;8.94;2684;1125100
28/01/2025;UCAS3;1.57;1.6;1.53;1.55;1.55;263;149500
28/01/2025;UGPA3;16.82;16.83;16.29;16.51;16.36;12906;4675500
28/01/2025;VLID3;23.64;23.69;23.05;23.22;23.05;1007;139900
28/01/2025;PNVL3;8.28;8.28;8.12;8.19;8.17;1094;234200
28/01/2025;POMO3;6.32;6.32;6.21;6.24;6.22;430;146400
28/01/2025;POMO4;8.3;8.4;8.22;8.31;8.33;9334;6610200
28/01/2025;PORT3;16.86;16.87;16.73;16.81;16.83;1733;591300
28/01/2025;POSI3;5.56;5.65;5.5;5.55;5.5;1695;460300
28/01/2025;PRIO3;42.13;42.32;41.32;41.6;41.38;19266;4684000
28/01/2025;SANB3;11.88;11.92;11.78;11.83;11.92;190;42000
28/01/2025;SANB4;13.14;13.19;13.05;13.1;13.18;256;53100
28/01/2025;SAPR3;5.05;5.13;5.05;5.08;5.07;570;135900
28/01/2025;SAPR4;5.15;5.2;5.1;5.13;5.16;1601;1211000
28/01/2025;SBFG3;11.0;11.12;10.89;10.97;10.89;5107;1201700
28/01/2025;VITT3;5.21;5.25;5.11;5.19;5.25;1107;253000
28/01/2025;VIVA3;21.14;21.15;20.5;20.71;20.51;5752;1630100
28/01/2025;VIVR3;1.09;1.09;1.07;1.08;1.09;77;20800
28/01/2025;VIVT3;52.42;52.75;51.07;51.64;51.4;12367;2220300
28/01/2025;OFSA3;17.74;17.74;17.63;17.63;17.63;5;25400
28/01/2025;ONCO3;2.25;2.29;2.15;2.21;2.17;5948;7936300
28/01/2025;OPCT3;5.69;5.74;5.5;5.6;5.5;878;255700
28/01/2025;ORVR3;39.44;39.81;38.98;39.48;39.6;2275;418800
28/01/2025;ROMI3;9.34;9.36;9.13;9.22;9.13;518;102500
28/01/2025;RSUL4;54.88;57.5;54.8;55.22;57.5;12;2000
28/01/2025;NUTR3;3.83;3.9;3.69;3.77;3.85;54;12600
28/01/2025;SEQL3;2.83;3.06;2.79;2.95;2.9;1165;1050500
28/01/2025;TXRX4;2.05;2.29;2.0;2.08;2.29;8;1800
28/01/2025;ATMP3;1.14;1.14;1.11;1.12;1.12;22;11900
28/01/2025;RNEW3;0.93;0.93;0.9;0.9;0.92;32;33200
28/01/2025;AMER3;6.65;6.72;6.44;6.54;6.5;2209;1910100
28/01/2025;AGXY3;0.55;0.75;0.54;0.69;0.72;874;1960700
28/01/2025;JFEN3;2.37;2.47;2.37;2.4;2.37;55;25000
28/01/2025;LIGT3;3.99;4.01;3.97;3.99;4.0;564;157000
28/01/2025;NEXP3;3.9;3.95;3.89;3.92;3.89;9;900
28/01/2025;PMAM3;1.2;1.24;1.14;1.19;1.17;197;407200
28/01/2025;OIBR3;1.6;1.63;1.59;1.61;1.61;806;1180500
28/01/2025;OIBR4;8.9;9.14;8.7;8.94;8.7;100;40700
28/01/2025;RNEW4;0.91;0.92;0.9;0.9;0.9;61;43400
28/01/2025;RPMG3;2.88;2.9;2.79;2.85;2.9;15;7500
28/01/2025;RSID3;2.92;3.12;2.86;2.94;2.89;381;88700
03/01/2025;ITSA3;8.9;8.92;8.72;8.79;8.74;632;187600
03/01/2025;ITSA4;8.68;8.71;8.52;8.57;8.53;31655;32026100
03/01/2025;LUPA3;1.28;1.31;1.21;1.25;1.22;260;95800
03/01/2025;LVTC3;2.34;2.35;2.27;2.31;2.3;51;51700
03/01/2025;LWSA3;3.25;3.27;3.18;3.21;3.23;7849;4070200
03/01/2025;QUAL3;1.48;1.55;1.48;1.51;1.5;2416;2527000
03/01/2025;SMFT3;16.63;16.88;16.57;16.73;16.7;8524;2019300
03/01/2025;SMTO3;23.1;24.2;23.1;23.85;24.2;8272;2567200
03/01/2025;WEGE3;52.6;53.11;52.26;52.61;52.46;23008;5795500
03/01/2025;SCAR3;18.26;18.26;16.67;16.92;16.99;418;120000
03/01/2025;SEER3;4.41;4.48;4.18;4.29;4.27;1583;393100
03/01/2025;SHOW3;0.68;0.71;0.66;0.69;0.71;269;150900
03/01/2025;SHUL4;5.65;5.68;5.54;5.58;5.54;353;168600
03/01/2025;SIMH3;3.38;3.5;3.35;3.42;3.41;3331;2194500
03/01/2025;SLCE3;17.21;17.28;17.02;17.09;17.02;7452;1765700
03/01/2025;VIVR3;1.1;1.13;1.08;1.1;1.1;98;64000
03/01/2025;VIVT3;47.09;47.49;46.33;46.7;46.86;13549;3000800
03/01/2025;VLID3;21.8;25.0;21.66;23.9;25.0;7505;2256300
03/01/2025;VSTE3;6.71;6.72;6.21;6.43;6.21;54;26100
03/01/2025;VTRU3;6.22;6.41;6.06;6.2;6.07;485;127000
03/01/2025;VULC3;15.55;15.84;14.95;15.18;15.0;5741;3608100
03/01/2025;VVEO3;2.08;2.11;1.96;2.02;2.05;2970;2400100
03/01/2025;SBFG3;10.55;10.78;10.48;10.57;10.49;4270;1358800
03/01/2025;SBSP3;88.43;88.83;86.4;87.17;86.91;17170;3034300
03/01/2025;VALE3;53.9;54.0;52.88;53.36;53.24;58394;23595200
03/01/2025;VAMO3;4.59;4.7;4.53;4.59;4.58;9405;4404900
03/01/2025;VBBR3;17.72;17.87;17.59;17.67;17.6;20488;7856000
03/01/2025;ARML3;4.96;5.31;4.96;5.2;5.24;2355;871100
03/01/2025;ASAI3;5.47;5.51;5.33;5.4;5.42;25699;13594100
03/01/2025;BRKM3;12.4;12.52;11.89;12.01;12.08;54;16100
03/01/2025;BRKM5;11.93;12.07;11.38;11.67;11.48;11748;3871100
03/01/2025;CXSE3;14.42;14.5;14.23;14.31;14.31;15958;4563300
03/01/2025;CYRE3;16.54;16.7;16.3;16.45;16.43;9933;3959800
03/01/2025;ESPA3;0.73;0.73;0.71;0.71;0.73;251;172500
03/01/2025;ETER3;5.14;5.14;5.06;5.09;5.07;365;98000
03/01/2025;EUCA3;16.55;16.55;16.52;16.53;16.52;2;200
03/01/2025;EUCA4;13.7;13.83;13.31;13.55;13.31;424;67600
03/01/2025;VITT3;5.2;5.33;5.13;5.18;5.14;916;144400
03/01/2025;VIVA3;18.5;18.73;18.07;18.24;18.1;12115;2999700
03/01/2025;MBLY3;1.49;1.49;1.41;1.43;1.41;315;113500
03/01/2025;MDIA3;19.61;19.9;19.46;19.64;19.59;1786;309000
03/01/2025;MDNE3;10.69;10.7;10.44;10.55;10.53;3593;729100
03/01/2025;MEAL3;1.0;1.01;0.97;0.98;0.97;127;133700
03/01/2025;ALPA3;5.97;6.14;5.86;5.96;5.86;10;4400
03/01/2025;ALPA4;6.24;6.41;6.16;6.36;6.41;7420;8485900
03/01/2025;ALPK3;2.28;2.3;2.11;2.18;2.12;874;267000
03/01/2025;COCE5;24.28;24.88;24.2;24.45;24.4;80;19500
03/01/2025;COGN3;1.08;1.11;1.07;1.08;1.08;21274;24974900
03/01/2025;GRND3;4.92;5.18;4.92;5.14;5.18;4968;3896600
03/01/2025;GUAR3;5.66;5.85;5.58;5.74;5.83;4329;1587100
03/01/2025;HAGA4;1.15;1.18;1.15;1.15;1.15;14;4800
03/01/2025;HAPV3;2.15;2.22;2.1;2.13;2.1;42229;53170300
03/01/2025;MILS3;8.31;8.48;8.25;8.4;8.41;1827;712700
03/01/2025;MLAS3;1.06;1.09;1.04;1.06;1.05;1068;1394000
03/01/2025;MNDL3;16.11;16.11;16.1;16.1;16.1;2;200
03/01/2025;MNPR3;21.95;21.95;21.95;21.95;21.95;1;100
03/01/2025;MOVI3;3.55;3.67;3.51;3.59;3.61;3799;4381300
03/01/2025;MWET4;12.58;12.58;12.58;12.58;12.58;1;100
03/01/2025;MYPK3;11.48;11.48;10.98;11.07;11.08;4174;957400
03/01/2025;NEOE3;18.93;19.0;18.71;18.88;18.9;3714;1206800
03/01/2025;NGRD3;21.05;22.56;21.05;21.87;21.82;392;54500
03/01/2025;NINJ3;5.1;5.1;4.92;5.03;5.0;10;4900
03/01/2025;B3SA3;10.16;10.28;10.04;10.12;10.1;38306;42764500
03/01/2025;BEEF3;4.8;4.87;4.71;4.78;4.76;10061;9315200
03/01/2025;BRSR6;10.11;10.11;9.57;9.69;9.57;6999;6467400
03/01/2025;BRST3;2.5;2.56;2.45;2.49;2.45;365;305400
03/01/2025;BSLI4;8.39;8.39;8.39;8.39;8.39;3;300
03/01/2025;DASA3;1.92;2.02;1.9;1.96;1.92;2040;3322500
03/01/2025;DESK3;10.28;10.66;10.28;10.39;10.31;889;174400
03/01/2025;DEXP3;8.51;8.51;8.13;8.24;8.23;445;57900
03/01/2025;DEXP4;8.29;8.29;8.26;8.27;8.26;6;1100
03/01/2025;DIRR3;26.65;26.87;26.51;26.61;26.56;7083;2432600
03/01/2025;DMVF3;5.69;5.73;5.33;5.46;5.46;395;87100
03/01/2025;DOTZ3;3.06;3.07;2.9;3.0;3.07;39;9600
03/01/2025;DXCO3;5.83;5.9;5.73;5.79;5.78;16003;7669100
03/01/2025;FIQE3;3.48;3.48;3.36;3.39;3.36;1062;363000
03/01/2025;FLRY3;12.09;12.15;11.91;11.99;11.95;13983;5677800
03/01/2025;FRAS3;20.82;20.82;20.26;20.36;20.38;948;233900
03/01/2025;FRIO3;302.5;319.0;299.0;306.41;307.21;27;3400
03/01/2025;GEPA4;30.64;30.64;30.07;30.45;30.07;2;300
03/01/2025;GFSA3;1.17;1.24;1.17;1.2;1.18;1675;4374400
03/01/2025;GGBR3;16.5;16.59;16.07;16.27;16.07;131;25600
03/01/2025;GGBR4;17.81;17.87;17.32;17.47;17.32;29029;12763600
03/01/2025;BIOM3;10.4;10.59;10.11;10.43;10.5;389;73000
03/01/2025;BLAU3;12.83;12.97;12.71;12.86;12.9;1034;154600
03/01/2025;SANB3;11.37;11.37;11.1;11.15;11.11;621;120800
03/01/2025;SANB4;12.52;12.52;12.16;12.3;12.24;685;166700
03/01/2025;SAPR3;5.3;5.46;5.17;5.31;5.3;1586;540400
03/01/2025;SAPR4;5.32;5.46;5.03;5.12;5.03;5901;9631600
03/01/2025;UNIP3;45.73;46.2;45.2;45.61;45.21;43;4900
03/01/2025;UNIP5;50.0;51.0;50.0;50.16;51.0;3;600
03/01/2025;UNIP6;46.0;46.17;44.91;45.24;44.99;1172;208200
03/01/2025;USIM3;5.22;5.22;4.91;4.98;4.98;762;482700
03/01/2025;USIM5;5.16;5.16;4.85;4.95;4.85;12987;18660100
03/01/2025;PFRM3;6.11;6.19;6.03;6.11;6.09;574;138400
03/01/2025;PGMN3;3.13;3.16;3.03;3.06;3.03;972;883500
03/01/2025;PINE3;4.63;4.94;4.25;4.34;4.94;42;13100
03/01/2025;PINE4;4.36;4.5;4.24;4.36;4.34;861;322200
03/01/2025;PLAS3;5.99;5.99;5.99;5.99;5.99;1;100
03/01/2025;PLPL3;9.02;9.08;8.83;8.91;9.0;4056;1704400
03/01/2025;PNVL3;8.63;8.63;8.44;8.49;8.47;1420;282600
03/01/2025;POMO3;5.83;5.85;5.65;5.73;5.67;2457;330700
03/01/2025;POMO4;7.66;7.69;7.35;7.4;7.35;18181;33429300
03/01/2025;TELB3;12.55;12.95;12.55;12.56;12.95;9;2200
03/01/2025;TELB4;7.5;7.5;7.02;7.2;7.39;7;2000
03/01/2025;TEND3;12.29;12.67;12.24;12.43;12.43;7506;1754100
03/01/2025;TFCO4;8.73;8.88;8.7;8.81;8.7;1513;391300
03/01/2025;TGMA3;28.59;28.59;27.57;27.77;27.71;962;144600
03/01/2025;TIMS3;14.55;14.67;14.37;14.42;14.42;18891;11361900
03/01/2025;MRVE3;5.2;5.29;5.12;5.19;5.12;10315;8119400
03/01/2025;MTRE3;2.81;2.86;2.8;2.82;2.85;1161;661100
03/01/2025;INTB3;12.35;12.54;12.25;12.35;12.28;4304;822500
03/01/2025;IRBR3;44.01;44.27;42.05;43.0;42.05;6313;1811400
03/01/2025;JSLG3;5.33;5.81;5.32;5.68;5.66;4481;1834000
03/01/2025;KEPL3;9.34;9.4;9.07;9.15;9.11;4681;1241800
03/01/2025;JALL3;4.6;4.62;4.52;4.55;4.52;1994;608200
03/01/2025;JBSS3;36.88;37.05;36.12;36.53;36.33;30693;5857500
03/01/2025;MRFG3;17.04;17.22;16.53;16.92;16.85;29886;11384300
03/01/2025;ODPV3;10.58;10.61;10.3;10.38;10.32;5096;826900
03/01/2025;OFSA3;17.11;17.11;16.01;16.56;16.01;27;6700
03/01/2025;ONCO3;2.37;2.57;2.33;2.43;2.44;10878;7096000
03/01/2025;OPCT3;5.31;5.34;5.27;5.3;5.27;1595;835700
03/01/2025;ORVR3;37.75;38.1;37.33;37.5;37.4;1664;261000
03/01/2025;LOGN3;20.3;20.58;20.08;20.29;20.25;227;30200
03/01/2025;PDGR3;0.01;0.01;0.01;0.01;0.01;253;1601700
03/01/2025;PDTC3;1.25;1.25;1.2;1.21;1.22;20;5300
03/01/2025;PETR3;40.49;40.72;39.96;40.26;40.38;30019;16509100
03/01/2025;PETR4;36.88;37.04;36.32;36.49;36.38;38744;23274100
03/01/2025;ROMI3;8.26;8.26;7.96;8.14;8.22;2386;1115700
03/01/2025;RSUL4;54.99;54.99;54.99;54.99;54.99;1;100
03/01/2025;AALR3;8.14;8.15;7.27;7.56;7.27;284;66900
03/01/2025;ALOS3;18.1;18.25;17.78;17.95;17.88;17043;6080100
03/01/2025;BMOB3;13.09;13.26;13.03;13.16;13.18;720;252700
03/01/2025;BOBR4;1.84;1.85;1.74;1.79;1.83;140;35300
03/01/2025;PCAR3;2.63;2.74;2.61;2.68;2.65;10630;16461600
03/01/2025;PORT3;16.4;16.53;16.35;16.47;16.48;2623;1845800
03/01/2025;POSI3;4.98;5.09;4.98;5.03;5.08;1637;640900
03/01/2025;PRIO3;41.26;41.26;40.38;40.62;40.62;21884;8415700
03/01/2025;MTSA4;38.33;38.99;37.11;38.41;38.99;29;3700
03/01/2025;MULT3;20.56;20.6;20.16;20.32;20.28;19255;6836800
03/01/2025;RAIZ4;2.13;2.14;2.08;2.1;2.13;14815;8758400
03/01/2025;RANI3;6.68;6.7;6.46;6.55;6.46;2013;791500
03/01/2025;RAPT3;8.53;8.53;8.16;8.31;8.2;71;14400
03/01/2025;RAPT4;9.95;10.11;9.63;9.86;9.7;4817;1969900
03/01/2025;TKNO3;50.09;50.09;50.09;50.09;50.09;1;100
03/01/2025;TKNO4;61.0;61.0;61.0;61.0;61.0;7;700
03/01/2025;TOTS3;26.37;26.46;25.89;26.12;26.14;12727;2210400
03/01/2025;TPIS3;5.11;5.25;4.99;5.12;5.25;58;22400
03/01/2025;TRAD3;6.82;7.0;6.8;6.91;6.95;187;49400
03/01/2025;KLBN3;4.8;4.86;4.74;4.81;4.76;815;308700
03/01/2025;KLBN4;4.52;4.59;4.45;4.51;4.49;1928;1236000
03/01/2025;AERI3;6.94;8.11;6.93;7.7;7.94;6615;3422300
03/01/2025;AGRO3;22.27;22.35;22.04;22.13;22.23;2815;472600
03/01/2025;ALLD3;6.97;6.97;6.63;6.79;6.66;287;50600
03/01/2025;SYNE3;5.36;5.58;5.23;5.48;5.55;6049;3493700
03/01/2025;JHSF3;3.64;3.68;3.6;3.64;3.66;3878;2995700
03/01/2025;TAEE3;11.05;11.05;10.7;10.8;10.7;1077;182400
03/01/2025;TAEE4;11.05;11.05;10.85;10.9;10.9;1294;260200
03/01/2025;CSED3;3.14;3.15;3.0;3.06;3.0;606;292000
03/01/2025;CSMG3;20.53;21.02;20.42;20.89;20.8;11840;2328800
03/01/2025;CSNA3;8.34;8.4;8.16;8.23;8.21;27023;18854400
03/01/2025;ENEV3;9.98;10.14;9.85;10.01;10.07;44723;34677500
03/01/2025;ZAMP3;2.13;2.2;2.1;2.14;2.15;3266;1174000
03/01/2025;MELK3;3.43;3.52;3.43;3.47;3.48;399;201400
03/01/2025;MGLU3;6.43;6.56;6.15;6.31;6.26;19505;20258600
03/01/2025;ABCB4;19.08;19.27;18.96;19.04;18.99;2837;744500
03/01/2025;ABEV3;11.49;11.55;11.27;11.36;11.33;36532;41344300
03/01/2025;RADL3;21.78;21.87;20.75;21.02;20.8;25691;8898400
03/01/2025;RAIL3;17.77;17.92;17.56;17.67;17.59;20646;5476600
03/01/2025;SNSY5;3.77;3.77;3.77;3.77;3.77;1;100
03/01/2025;YDUQ3;8.54;8.58;7.95;8.1;8.04;10812;7453800
03/01/2025;PRNR3;13.18;13.57;13.0;13.12;13.0;3416;1521100
03/01/2025;PSSA3;36.05;36.32;34.77;35.13;34.77;15309;8724200
03/01/2025;PTBL3;3.51;3.51;3.25;3.33;3.36;2451;2065600
03/01/2025;PTNT3;8.38;8.38;8.38;8.38;8.38;1;100
03/01/2025;PTNT4;5.98;5.98;5.63;5.71;5.63;22;6600
03/01/2025;TRIS3;4.27;4.31;4.15;4.2;4.22;3325;2992800
03/01/2025;TTEN3;13.15;13.34;12.89;13.15;13.09;3936;637300
03/01/2025;TUPY3;21.74;21.78;20.91;21.19;21.36;5560;2812000
03/01/2025;SOJA3;10.07;10.18;9.86;9.94;9.87;1841;453800
03/01/2025;SRNA3;5.28;5.46;5.28;5.4;5.4;3577;1640100
03/01/2025;STBP3;13.21;13.25;13.15;13.18;13.18;12765;8881700
03/01/2025;SUZB3;62.51;63.54;62.4;62.8;62.68;24479;8119400
03/01/2025;WEST3;0.5;0.51;0.48;0.5;0.5;29;45500
03/01/2025;WHRL3;3.92;3.92;3.91;3.91;3.92;6;2800
03/01/2025;WHRL4;4.24;4.31;4.2;4.26;4.2;17;2700
03/01/2025;WIZC3;5.53;5.53;5.15;5.21;5.17;3898;2870500
03/01/2025;WLMM4;30.5;31.0;29.06;30.17;31.0;8;900
03/01/2025;MATD3;3.49;3.61;3.35;3.44;3.61;2784;1522000
03/01/2025;EQMA3B;23.5;24.0;23.5;23.72;23.5;7;1800
03/01/2025;EQPA3;5.62;5.63;5.56;5.59;5.6;12;2200
03/01/2025;EQTL3;26.63;26.91;26.24;26.43;26.24;29329;8847000
03/01/2025;IFCM3;0.06;0.07;0.06;0.06;0.06;635;2631700
03/01/2025;IGTI3;2.13;2.14;2.07;2.11;2.12;451;53000
03/01/2025;INEP3;1.4;1.47;1.37;1.41;1.44;41;27800
03/01/2025;INEP4;1.3;1.4;1.29;1.31;1.29;37;12400
03/01/2025;EVEN3;5.31;5.48;5.31;5.42;5.46;5757;3289700
03/01/2025;EZTC3;10.72;10.9;10.54;10.62;10.59;10582;6795500
03/01/2025;ISAE4;22.9;23.0;22.55;22.66;22.55;13017;5518100
03/01/2025;LPSB3;1.52;1.57;1.44;1.47;1.47;166;92900
03/01/2025;LREN3;12.15;12.31;11.99;12.12;12.15;26223;11473000
03/01/2025;BBDC3;10.47;10.52;10.26;10.33;10.32;24899;13586100
03/01/2025;BBDC4;11.4;11.44;11.13;11.22;11.2;36752;27702100
03/01/2025;BRFS3;24.76;24.78;23.96;24.28;24.01;19368;5513800
03/01/2025;CSUD3;15.17;15.26;14.8;14.96;15.08;174;29800
03/01/2025;CTKA4;21.95;22.0;20.82;21.91;21.99;8;1500
03/01/2025;CURY3;17.36;17.61;17.22;17.32;17.3;6370;1447900
03/01/2025;CVCB3;1.52;1.54;1.45;1.48;1.5;8692;18102000
03/01/2025;ENGI3;10.26;10.87;10.0;10.29;10.0;46;10300
03/01/2025;ENGI4;6.48;6.5;6.33;6.39;6.34;54;8800
03/01/2025;ENJU3;1.07;1.1;1.02;1.05;1.04;645;410200
03/01/2025;ENMT3;78.75;78.75;77.26;78.25;77.26;3;300
03/01/2025;EPAR3;5.47;5.78;5.39;5.63;5.78;29;10100
03/01/2025;FESA4;7.85;7.85;7.55;7.64;7.58;2660;887700
03/01/2025;FHER3;6.0;6.06;5.65;5.84;5.8;49;61500
03/01/2025;FICT3;3.13;3.4;2.93;3.04;3.03;117;39200
03/01/2025;ISAE3;31.75;31.75;31.21;31.4;31.42;29;4200
03/01/2025;KRSA3;8.2;8.25;8.15;8.18;8.16;85;43000
03/01/2025;BMEB3;31.06;31.06;31.06;31.06;31.06;1;100
03/01/2025;BMEB4;37.5;38.78;36.98;37.45;38.78;103;14600
03/01/2025;BMGB4;3.72;3.77;3.7;3.72;3.73;546;259800
03/01/2025;BRAP3;15.77;15.77;15.29;15.42;15.36;387;83500
03/01/2025;BRAP4;16.39;16.42;16.0;16.13;16.02;9776;4169800
03/01/2025;BRAV3;23.25;23.54;22.92;23.18;23.2;14861;6287100
03/01/2025;ALUP3;8.91;9.01;8.86;8.93;8.86;44;7100
03/01/2025;ALUP4;8.9;8.92;8.69;8.74;8.69;97;13700
03/01/2025;AMAR3;0.97;1.01;0.97;0.98;0.99;349;141400
03/01/2025;AMBP3;118.99;119.05;111.75;118.21;118.87;693;548200
03/01/2025;AMOB3;0.34;0.35;0.33;0.33;0.33;9020;14958800
03/01/2025;ANIM3;1.57;1.6;1.51;1.55;1.53;6473;10444300
03/01/2025;LAND3;13.84;14.56;13.55;14.14;14.46;257;78200
03/01/2025;LAVV3;7.35;7.46;7.07;7.12;7.13;3192;4482100
03/01/2025;LEVE3;26.65;26.69;26.09;26.3;26.18;1611;381900
03/01/2025;LJQQ3;2.12;2.16;2.07;2.1;2.07;3699;1838800
03/01/2025;LOGG3;18.43;18.55;17.98;18.17;17.98;1505;276800
03/01/2025;CPFE3;31.41;31.51;30.93;31.07;31.0;5627;1094000
03/01/2025;CPLE3;8.22;8.26;8.09;8.12;8.1;10703;8348900
03/01/2025;CPLE5;10.49;10.5;10.49;10.49;10.49;4;500
03/01/2025;CPLE6;9.09;9.13;8.93;8.98;8.99;22945;16119200
03/01/2025;CRFB3;5.5;5.57;5.28;5.35;5.31;12195;15960500
03/01/2025;CRPG5;19.8;19.9;19.45;19.71;19.9;3;300
03/01/2025;CSAN3;8.01;8.1;7.92;8.01;8.05;26004;14609100
03/01/2025;ELMD3;28.45;28.9;28.34;28.59;28.73;1368;430000
03/01/2025;EMAE4;39.0;39.89;38.75;39.16;38.75;12;1500
03/01/2025;EMBR3;57.79;58.0;57.03;57.49;57.03;20461;4186100
03/01/2025;HBOR3;1.42;1.42;1.37;1.38;1.37;511;437300
03/01/2025;HBRE3;3.04;3.07;2.93;2.98;2.97;791;770800
03/01/2025;HBSA3;2.72;2.76;2.7;2.73;2.72;5741;4653100
03/01/2025;UCAS3;1.86;1.92;1.81;1.86;1.81;265;35900
03/01/2025;UGPA3;15.86;15.97;15.5;15.68;15.55;17826;7585400
03/01/2025;NTCO3;12.43;12.56;12.26;12.38;12.42;24484;5941100
03/01/2025;PETZ3;4.0;4.06;3.95;4.01;4.02;7215;4321400
03/01/2025;RCSL3;5.36;5.71;5.15;5.43;5.4;3748;1739400
03/01/2025;RCSL4;0.95;1.13;0.89;1.0;0.89;4853;9120400
03/01/2025;RDNI3;2.05;2.12;2.05;2.09;2.12;5;500
03/01/2025;RDOR3;25.2;25.6;24.91;25.12;25.15;21779;4278300
03/01/2025;RECV3;16.45;16.5;16.2;16.4;16.43;9336;2437200
03/01/2025;REDE3;6.27;6.28;6.27;6.27;6.28;2;200
03/01/2025;RENT3;32.06;32.56;32.02;32.23;32.28;25274;7113800
03/01/2025;TASA3;8.62;8.73;8.6;8.64;8.62;22;4800
03/01/2025;TASA4;8.31;8.34;8.03;8.13;8.1;1313;332900
03/01/2025;TCSA3;1.26;1.31;1.26;1.27;1.26;181;38800
03/01/2025;TECN3;5.44;5.5;5.22;5.35;5.37;258;87200
03/01/2025;HYPE3;17.83;17.92;17.61;17.82;17.92;17680;9444800
03/01/2025;BAUH4;77.0;78.47;77.0;77.78;78.47;8;800
03/01/2025;BAZA3;84.37;84.61;84.2;84.4;84.61;13;2900
03/01/2025;BBAS3;23.92;24.06;23.68;23.78;23.74;36969;13769200
03/01/2025;BEES3;8.43;8.6;8.21;8.4;8.21;103;19900
03/01/2025;BGIP4;23.2;23.4;23.19;23.21;23.19;17;6700
03/01/2025;BHIA3;2.84;2.88;2.75;2.8;2.84;1744;1931400
03/01/2025;BPAN4;6.21;6.26;6.14;6.18;6.18;2884;2208000
03/01/2025;BPAC3;13.67;13.87;13.62;13.75;13.87;19;2200
03/01/2025;BPAC5;7.31;7.31;6.99;7.12;7.1;22;6100
03/01/2025;CLSA3;9.84;9.86;9.74;9.79;9.8;1427;1188200
03/01/2025;CLSC4;77.07;77.88;76.8;76.98;77.07;46;6500
03/01/2025;CMIG3;14.6;14.6;14.01;14.33;14.35;3668;3750300
03/01/2025;CMIG4;10.99;11.01;10.6;10.74;10.84;43130;25030100
03/01/2025;CMIN3;5.03;5.06;4.88;4.9;4.88;21219;25297800
03/01/2025;EKTR4;51.96;51.97;47.17;48.91;47.17;14;2700
03/01/2025;ELET3;33.87;34.07;33.36;33.58;33.55;29773;14388700
03/01/2025;ELET6;37.83;38.05;37.09;37.31;37.31;7174;1368500
03/01/2025;GGPS3;13.91;14.21;13.91;14.05;14.03;5116;1682000
03/01/2025;GMAT3;6.07;6.09;5.88;5.96;5.96;8293;4729800
03/01/2025;GOAU3;10.15;10.2;9.86;9.96;9.94;254;56800
03/01/2025;GOAU4;10.12;10.12;9.75;9.87;9.75;18332;13898200
03/01/2025;AZZA3;29.15;29.92;28.76;29.09;28.88;7517;1558800
03/01/2025;BBSE3;36.45;36.56;35.92;36.07;35.99;18537;4137900
03/01/2025;CAMB3;10.39;10.49;10.3;10.4;10.49;73;18100
03/01/2025;CAML3;5.62;5.79;5.59;5.65;5.6;2649;909700
03/01/2025;CASH3;2.7;2.72;2.61;2.64;2.61;1441;572700
03/01/2025;CBAV3;4.51;4.7;4.47;4.64;4.66;7498;6077500
03/01/2025;CCRO3;10.17;10.28;10.1;10.16;10.1;17603;7869700
03/01/2025;CEAB3;7.47;7.59;7.38;7.46;7.44;10912;5048000
03/01/2025;CEBR3;15.63;15.94;15.5;15.62;15.94;16;2900
03/01/2025;CEBR5;15.45;15.49;15.42;15.48;15.42;13;3900
03/01/2025;CEBR6;17.19;17.6;17.19;17.4;17.6;19;7500
03/01/2025;CEDO4;21.6;22.0;21.6;21.8;22.0;2;200
03/01/2025;CGAS5;122.69;122.71;119.0;120.43;119.0;29;3600
03/01/2025;CGRA3;25.35;26.65;25.35;25.77;26.65;5;700
03/01/2025;CGRA4;25.76;25.76;24.85;25.06;25.4;44;8300
03/01/2025;EALT4;13.45;13.45;13.07;13.15;13.22;11;1400
03/01/2025;ECOR3;4.19;4.3;4.05;4.12;4.07;8535;4612800
03/01/2025;EGIE3;35.4;35.58;34.79;35.1;35.31;9363;1602400
03/01/2025;ITUB3;26.86;26.97;26.34;26.52;26.39;4387;1026800
03/01/2025;ITUB4;30.59;30.62;29.82;30.1;29.82;44345;35324700
03/01/2025;ATED3;1.56;1.65;1.46;1.55;1.5;116;49300
03/01/2025;AURE3;8.6;8.63;8.4;8.43;8.42;8664;9695900
03/01/2025;AZEV3;1.0;1.05;0.96;1.01;1.01;345;591400
03/01/2025;AZEV4;0.98;1.06;0.97;1.0;0.97;2800;3203100
03/01/2025;AZUL4;3.75;3.82;3.61;3.7;3.75;10092;14154600
03/01/2025;BRSR3;11.66;11.66;11.13;11.27;11.21;42;11800
03/01/2025;SEQL3;2.55;2.7;2.42;2.54;2.7;806;661900
03/01/2025;NUTR3;4.07;4.07;3.9;3.93;3.92;27;4900
03/01/2025;NEXP3;3.86;3.89;3.72;3.85;3.72;4;600
03/01/2025;PMAM3;1.01;1.13;1.01;1.07;1.12;326;235300
03/01/2025;OIBR3;1.33;1.36;1.32;1.33;1.34;414;637300
03/01/2025;OIBR4;8.99;8.99;8.47;8.68;8.7;35;14900
03/01/2025;RNEW3;0.97;1.0;0.94;0.96;0.96;136;96800
03/01/2025;RNEW4;0.94;0.95;0.91;0.92;0.93;141;100900
03/01/2025;RPMG3;2.6;2.79;2.6;2.66;2.79;10;3800
03/01/2025;RSID3;2.82;2.9;2.66;2.8;2.9;559;123000
03/01/2025;AGXY3;0.46;0.49;0.46;0.47;0.48;289;245200
03/01/2025;JFEN3;2.32;3.28;2.32;2.9;2.71;603;305100
03/01/2025;AMER3;5.7;5.91;5.59;5.74;5.74;4817;3403400
03/01/2025;LIGT3;3.96;4.03;3.96;3.99;4.0;432;412000
03/01/2025;ATMP3;1.19;1.19;1.13;1.14;1.18;13;6000
20/01/2025;NGRD3;20.48;22.52;20.26;21.0;22.5;244;49600
20/01/2025;BMOB3;13.31;13.57;13.15;13.34;13.3;904;204700
20/01/2025;BNBR3;95.0;95.0;95.0;95.0;95.0;1;100
20/01/2025;BOBR4;1.9;1.98;1.89;1.93;1.9;282;76800
20/01/2025;KEPL3;9.49;9.66;9.33;9.53;9.5;1978;577000
20/01/2025;KLBN3;4.63;4.75;4.56;4.66;4.72;680;287700
20/01/2025;KLBN4;4.26;4.38;4.23;4.29;4.36;1458;1049400
20/01/2025;MYPK3;13.6;13.6;13.17;13.28;13.38;4687;827200
20/01/2025;JHSF3;3.66;3.73;3.62;3.68;3.73;3548;2156700
20/01/2025;JSLG3;5.31;5.47;5.1;5.24;5.25;1562;636600
20/01/2025;ELMD3;29.38;29.4;29.14;29.26;29.37;828;307500
20/01/2025;EMAE4;37.53;37.89;37.5;37.57;37.5;11;1500
20/01/2025;EMBR3;60.0;60.75;59.55;60.25;60.72;10081;1920600
20/01/2025;BGIP4;24.5;24.5;24.5;24.5;24.5;5;1400
20/01/2025;BHIA3;2.87;3.01;2.83;2.93;2.96;1396;2393800
20/01/2025;BPAN4;6.64;6.8;6.46;6.66;6.69;3039;891000
20/01/2025;BRAP3;15.55;15.65;15.5;15.56;15.56;206;39500
20/01/2025;BRAP4;16.67;16.72;16.49;16.62;16.7;5942;2506500
20/01/2025;PFRM3;6.26;6.41;6.19;6.31;6.33;552;122500
20/01/2025;PGMN3;3.37;3.41;3.24;3.32;3.28;2485;2134200
20/01/2025;PINE3;4.4;4.4;4.2;4.23;4.27;13;1800
20/01/2025;PINE4;4.39;4.4;4.32;4.35;4.35;185;71700
20/01/2025;PLAS3;5.8;5.8;5.8;5.8;5.8;1;100
20/01/2025;PLPL3;8.87;9.2;8.85;9.03;9.0;2710;564900
20/01/2025;SANB3;11.89;11.89;11.7;11.8;11.84;420;127300
20/01/2025;SANB4;13.08;13.2;12.98;13.08;13.2;360;127400
20/01/2025;SAPR3;5.1;5.26;5.06;5.18;5.22;720;205500
20/01/2025;SAPR4;5.18;5.27;5.14;5.22;5.23;2067;1084300
20/01/2025;WEST3;4.75;4.76;4.67;4.71;4.67;17;5400
20/01/2025;WHRL3;3.89;3.89;3.89;3.89;3.89;1;100
20/01/2025;WHRL4;4.2;4.2;4.14;4.17;4.14;13;3000
20/01/2025;WIZC3;5.53;5.55;5.4;5.44;5.4;923;264300
20/01/2025;WLMM4;29.0;29.0;28.81;28.9;28.81;2;200
20/01/2025;BIOM3;9.2;9.95;9.1;9.61;9.3;352;128400
20/01/2025;BLAU3;11.91;12.43;11.74;12.25;12.26;1940;971800
20/01/2025;BMEB3;32.0;32.0;31.7;31.78;31.7;4;700
20/01/2025;BMEB4;37.19;37.74;35.67;36.54;36.0;175;29100
20/01/2025;BMGB4;3.76;3.76;3.71;3.72;3.73;572;335800
20/01/2025;BRAV3;25.15;25.47;23.71;24.48;23.71;23678;12703800
20/01/2025;CRFB3;5.61;5.86;5.54;5.73;5.8;10367;10013400
20/01/2025;CRPG5;19.15;19.47;19.1;19.26;19.45;21;2500
20/01/2025;CRPG6;19.56;19.99;19.05;19.61;19.99;7;1300
20/01/2025;CSAN3;8.2;8.2;7.64;7.86;7.64;31304;36878200
20/01/2025;EKTR4;48.61;50.0;48.61;49.07;50.0;3;300
20/01/2025;ELET3;34.68;35.27;34.49;35.02;35.02;13493;4627800
20/01/2025;ELET6;38.55;39.03;38.35;38.73;38.77;4947;811900
20/01/2025;HBOR3;1.38;1.39;1.34;1.37;1.38;466;493200
20/01/2025;HBRE3;3.0;3.13;2.94;3.06;3.08;419;359600
20/01/2025;HBSA3;2.9;2.95;2.83;2.88;2.86;2614;1374700
20/01/2025;HYPE3;18.27;18.47;17.92;18.31;18.38;8759;2128200
20/01/2025;MRSA6B;29.0;29.0;29.0;29.0;29.0;1;200
20/01/2025;MRVE3;5.24;5.44;5.2;5.34;5.36;9452;7314900
20/01/2025;MTRE3;3.05;3.17;3.01;3.11;3.13;549;476700
20/01/2025;MTSA4;36.86;36.86;36.85;36.85;36.85;5;500
20/01/2025;B3SA3;10.2;10.46;10.2;10.33;10.32;16476;11418100
20/01/2025;BEES3;8.22;8.28;8.2;8.23;8.25;44;7100
20/01/2025;BAZA3;85.74;86.46;85.34;86.0;86.46;14;1900
20/01/2025;BBAS3;25.35;25.6;25.26;25.44;25.43;21395;10499700
20/01/2025;BIED3;3.96;3.96;3.91;3.94;3.91;6;1500
20/01/2025;TTEN3;13.82;14.23;13.73;14.0;14.01;3230;837400
20/01/2025;TUPY3;21.73;21.91;21.52;21.67;21.78;2060;256400
20/01/2025;NTCO3;12.25;12.67;12.23;12.45;12.45;10669;4580400
20/01/2025;UCAS3;1.83;1.86;1.81;1.82;1.81;61;14200
20/01/2025;UGPA3;15.87;16.38;15.58;16.1;16.1;10045;4847400
20/01/2025;UNIP3;45.2;46.33;44.83;45.85;46.33;97;10600
20/01/2025;UNIP6;45.52;46.49;44.9;45.97;45.96;761;103100
20/01/2025;ODPV3;10.99;10.99;10.68;10.79;10.75;3164;856100
20/01/2025;OFSA3;16.58;16.88;16.25;16.64;16.88;19;16600
20/01/2025;ONCO3;2.24;2.3;2.18;2.25;2.24;2697;3343300
20/01/2025;OPCT3;5.05;5.1;4.93;5.01;4.93;699;405500
20/01/2025;ORVR3;36.58;37.25;36.19;36.89;36.83;1601;260400
20/01/2025;SBFG3;10.98;11.07;10.61;10.81;10.67;4205;1258400
20/01/2025;SBSP3;92.58;94.69;92.23;93.72;93.55;11640;2390500
20/01/2025;VALE3;54.22;54.49;53.76;54.08;54.29;24903;12317600
20/01/2025;MULT3;20.36;20.88;20.23;20.68;20.7;13049;2080500
20/01/2025;USIM3;5.1;5.12;4.99;5.06;5.05;417;133800
20/01/2025;USIM5;5.01;5.07;4.94;5.02;5.04;6794;7166400
20/01/2025;MILS3;8.58;8.74;8.47;8.63;8.67;1590;365100
20/01/2025;MLAS3;1.14;1.15;1.08;1.1;1.1;1870;2289100
20/01/2025;REAG3;5.1;5.1;5.0;5.08;5.09;43;27600
20/01/2025;RECV3;16.53;16.74;16.45;16.57;16.51;4488;1128000
20/01/2025;REDE3;6.28;6.32;6.28;6.29;6.31;10;1500
20/01/2025;RENT3;30.0;31.0;29.85;30.6;30.58;14966;4633500
20/01/2025;TASA3;8.23;8.25;8.1;8.18;8.21;55;9300
20/01/2025;DASA3;1.88;1.91;1.83;1.86;1.83;813;644600
20/01/2025;DESK3;10.05;10.5;10.0;10.27;10.21;566;126300
20/01/2025;DEXP3;8.94;9.16;8.7;9.0;9.04;765;131600
20/01/2025;DEXP4;8.99;8.99;8.98;8.98;8.99;5;1000
20/01/2025;DIRR3;25.06;25.44;24.63;25.17;25.33;8894;2999400
20/01/2025;GGPS3;13.7;14.03;13.55;13.77;13.57;8542;3407700
20/01/2025;GMAT3;6.21;6.28;6.14;6.18;6.15;4625;2726400
20/01/2025;GOAU3;9.63;9.85;9.61;9.78;9.85;117;42600
20/01/2025;GOAU4;9.72;9.84;9.55;9.71;9.82;6928;7453300
20/01/2025;ATED3;1.37;1.41;1.35;1.37;1.4;35;18100
20/01/2025;AURE3;7.78;7.79;7.66;7.72;7.77;6453;6091700
20/01/2025;AVLL3;2.66;2.73;2.65;2.66;2.65;3;900
20/01/2025;AZEV3;1.06;1.23;1.04;1.16;1.2;1107;1720000
20/01/2025;AZEV4;1.04;1.22;1.04;1.17;1.2;2290;8405400
20/01/2025;AZUL4;4.4;4.44;4.27;4.34;4.35;6007;9886800
20/01/2025;BBSE3;37.75;38.11;37.5;37.84;37.9;8862;2782300
20/01/2025;CEAB3;7.93;8.22;7.89;8.12;8.14;4453;1629200
20/01/2025;CEBR3;16.29;16.29;16.12;16.18;16.12;10;1200
20/01/2025;CEBR5;15.31;15.48;15.2;15.34;15.48;20;3400
20/01/2025;CEBR6;17.0;17.3;17.0;17.08;17.3;9;1700
20/01/2025;CEDO4;21.0;21.0;20.95;20.98;20.95;6;1100
20/01/2025;CEEB3;38.0;38.0;38.0;38.0;38.0;2;300
20/01/2025;CGAS5;121.39;121.39;121.39;121.39;121.39;1;100
20/01/2025;CGRA3;27.81;27.81;25.4;26.35;26.1;111;18900
20/01/2025;CGRA4;27.55;27.55;26.5;26.85;26.53;65;11500
20/01/2025;CLSA3;10.14;10.14;10.02;10.06;10.1;2314;1330400
20/01/2025;CLSC4;79.3;79.89;78.95;79.26;79.51;24;2600
20/01/2025;CMIG3;14.3;14.66;14.25;14.52;14.56;484;90400
20/01/2025;CMIG4;10.48;10.63;10.4;10.55;10.58;9797;5075900
20/01/2025;CSUD3;16.43;16.43;16.0;16.14;16.0;145;31400
20/01/2025;CURY3;19.42;20.23;19.35;19.95;19.89;3610;783800
20/01/2025;CVCB3;1.69;1.71;1.65;1.68;1.71;3021;12780800
20/01/2025;CXSE3;14.45;14.62;14.41;14.49;14.44;8148;2221300
20/01/2025;FRAS3;21.14;21.14;20.74;20.99;21.05;845;113800
20/01/2025;FRIO3;300.1;300.1;299.3;299.8;300.0;10;1100
20/01/2025;GEPA3;31.0;31.0;31.0;31.0;31.0;1;100
20/01/2025;GEPA4;29.0;29.0;28.87;28.95;28.87;3;300
20/01/2025;GFSA3;1.25;1.36;1.25;1.32;1.31;1853;6719400
20/01/2025;GGBR3;16.0;16.14;15.75;15.98;16.14;2260;283300
20/01/2025;GGBR4;17.29;17.61;17.11;17.4;17.53;13974;6081600
20/01/2025;ITUB3;28.32;28.72;28.25;28.55;28.58;1419;445600
20/01/2025;ITUB4;32.2;32.9;32.2;32.67;32.66;20374;9234400
20/01/2025;ALPA3;5.99;6.0;5.84;5.91;5.84;10;2200
20/01/2025;SEQL3;3.38;3.38;2.92;3.08;2.94;1274;1106500
20/01/2025;NUTR3;4.07;4.07;3.84;4.02;3.84;33;25800
20/01/2025;PMAM3;1.35;1.38;1.3;1.32;1.33;178;377300
20/01/2025;RPMG3;2.75;2.77;2.72;2.74;2.72;19;14300
20/01/2025;RSID3;2.82;2.94;2.76;2.86;2.94;309;37700
20/01/2025;AGXY3;0.84;0.87;0.64;0.75;0.73;2392;4866100
20/01/2025;RNEW3;0.91;0.94;0.9;0.91;0.92;62;63800
20/01/2025;RNEW4;0.91;0.92;0.9;0.91;0.9;91;77800
20/01/2025;LIGT3;3.95;4.08;3.94;4.01;4.08;759;503300
20/01/2025;AMER3;5.62;5.85;5.62;5.77;5.8;1587;1391300
20/01/2025;NEXP3;3.91;3.91;3.75;3.8;3.75;6;2100
20/01/2025;JFEN3;2.44;2.5;2.44;2.45;2.44;37;15600
20/01/2025;OIBR3;1.43;1.45;1.41;1.42;1.43;677;714300
20/01/2025;OIBR4;8.84;8.84;8.46;8.67;8.82;69;40100
20/01/2025;ATMP3;1.11;1.15;1.09;1.1;1.15;52;82900
03/01/2025;GOLL4;1.4;1.43;1.38;1.39;1.38;1138;3530400
10/01/2025;GOLL4;1.71;1.72;1.58;1.62;1.59;4498;11405300
06/01/2025;RADL3;20.84;21.91;20.76;21.44;21.91;26927;13149100
06/01/2025;SMFT3;16.8;17.47;16.8;17.26;17.34;11058;2851400
06/01/2025;SMTO3;24.4;24.44;23.64;23.99;24.14;5774;1232100
06/01/2025;KEPL3;9.11;9.21;9.09;9.14;9.19;5464;1067200
06/01/2025;KLBN3;4.69;4.76;4.64;4.7;4.72;677;286200
06/01/2025;KLBN4;4.48;4.49;4.38;4.42;4.42;1655;994800
06/01/2025;MILS3;8.4;8.62;8.38;8.56;8.6;2898;662800
06/01/2025;MLAS3;1.05;1.2;1.05;1.13;1.15;3992;2116400
06/01/2025;MNDL3;16.0;16.03;15.91;16.0;16.03;8;2300
06/01/2025;MNPR3;21.89;21.9;21.84;21.87;21.84;3;300
06/01/2025;MOVI3;3.7;3.8;3.66;3.72;3.75;6461;5249100
06/01/2025;MRFG3;16.95;16.96;16.26;16.48;16.41;23470;8523100
06/01/2025;PRNR3;12.92;13.15;12.87;13.03;13.01;1513;389700
06/01/2025;BRFS3;24.15;24.33;23.61;23.88;23.81;18306;4495800
06/01/2025;CPFE3;31.49;31.7;31.01;31.5;31.58;6266;1461300
06/01/2025;CPLE3;8.2;8.25;8.11;8.18;8.17;6773;5792300
06/01/2025;CPLE5;10.49;10.49;10.48;10.48;10.48;5;500
06/01/2025;CPLE6;9.07;9.18;8.99;9.09;9.09;16388;17787000
06/01/2025;GRND3;5.23;5.28;5.13;5.22;5.19;5027;1466800
06/01/2025;YDUQ3;8.24;8.95;8.21;8.66;8.87;12985;6685300
06/01/2025;ZAMP3;2.26;2.45;2.19;2.34;2.35;3672;1013300
06/01/2025;PDGR3;0.01;0.01;0.01;0.01;0.01;234;3008400
06/01/2025;PDTC3;1.2;1.26;1.19;1.23;1.23;30;10000
06/01/2025;PETR3;40.45;40.58;39.88;40.18;40.0;23507;9440100
06/01/2025;PETR4;36.6;36.69;36.06;36.26;36.21;50002;23760200
06/01/2025;PRIO3;41.3;41.95;40.98;41.38;40.98;23301;7626900
06/01/2025;VALE3;53.48;53.79;52.48;52.93;52.56;48525;21689500
06/01/2025;WEST3;0.5;0.52;0.49;0.5;0.52;24;69400
06/01/2025;WHRL3;3.92;3.92;3.86;3.86;3.9;19;4300
06/01/2025;WHRL4;4.2;4.33;4.18;4.3;4.29;17;4900
06/01/2025;WIZC3;5.29;5.33;5.19;5.27;5.27;1432;625300
06/01/2025;WLMM4;30.0;30.99;30.0;30.33;30.99;2;300
06/01/2025;CAMB3;10.47;10.49;10.32;10.41;10.36;88;30600
06/01/2025;CAML3;5.66;5.84;5.6;5.75;5.8;3299;1074400
06/01/2025;CSED3;3.06;3.16;3.04;3.09;3.15;1130;395900
06/01/2025;CSMG3;21.1;21.24;20.72;20.86;20.8;7633;1393900
06/01/2025;ENEV3;10.5;10.7;10.27;10.55;10.66;24974;19928900
06/01/2025;ENGI3;10.08;10.43;10.08;10.34;10.43;43;5000
06/01/2025;ENGI4;6.35;6.65;6.35;6.56;6.61;61;12500
06/01/2025;ATED3;1.52;1.56;1.37;1.41;1.47;66;42100
06/01/2025;AURE3;8.48;8.61;8.4;8.49;8.43;9023;6310100
06/01/2025;AVLL3;2.77;2.77;2.46;2.7;2.72;6;1400
06/01/2025;AZEV3;1.0;1.02;0.96;0.98;0.98;317;487200
06/01/2025;AZEV4;0.99;1.01;0.95;0.98;0.96;1041;1729200
06/01/2025;AZUL4;3.96;4.31;3.91;4.16;4.3;14129;35441200
06/01/2025;BRKM3;12.08;12.65;12.08;12.3;12.22;51;6200
06/01/2025;BRKM5;11.6;12.1;11.59;11.82;11.87;6927;2767200
06/01/2025;CRFB3;5.45;5.86;5.39;5.71;5.84;14213;15314600
06/01/2025;CRPG5;19.7;19.96;19.64;19.71;19.64;5;700
06/01/2025;CRPG6;20.99;20.99;20.99;20.99;20.99;1;100
06/01/2025;CSAN3;8.16;8.46;8.14;8.31;8.29;25420;18328600
06/01/2025;ELMD3;28.8;28.8;28.35;28.48;28.45;1187;396900
06/01/2025;EMAE4;38.97;40.41;38.97;39.93;40.41;3;300
06/01/2025;EMBR3;57.32;57.65;56.34;56.81;56.87;16070;3628100
06/01/2025;HBOR3;1.38;1.46;1.36;1.41;1.39;722;1376800
06/01/2025;HBRE3;3.02;3.09;2.98;3.03;3.04;658;246200
06/01/2025;HBSA3;2.72;2.78;2.69;2.74;2.77;5926;3654500
06/01/2025;RSUL4;54.99;55.0;54.99;54.99;55.0;4;500
06/01/2025;BRAP3;15.37;15.49;15.27;15.36;15.31;256;60300
06/01/2025;BRAP4;16.15;16.29;16.01;16.13;16.07;8080;3461400
06/01/2025;CXSE3;14.0;14.16;13.85;14.04;14.16;13725;4714800
06/01/2025;CYRE3;16.63;16.82;16.33;16.64;16.74;27407;10029000
06/01/2025;FESA3;13.07;13.47;12.76;13.32;12.76;10;1100
06/01/2025;FESA4;7.6;7.95;7.6;7.8;7.78;1459;406900
06/01/2025;FHER3;5.8;5.95;5.71;5.81;5.71;36;15300
06/01/2025;FICT3;3.13;3.17;2.85;2.98;2.93;104;53400
06/01/2025;FIQE3;3.36;3.44;3.35;3.39;3.41;814;249600
06/01/2025;FLRY3;12.05;12.3;12.0;12.21;12.28;7506;2525300
06/01/2025;FRAS3;20.37;20.7;20.31;20.51;20.6;804;136500
06/01/2025;FRIO3;309.0;320.1;300.0;308.53;303.35;18;2000
06/01/2025;GEPA4;29.5;29.5;29.5;29.5;29.5;1;100
06/01/2025;ISAE3;31.6;31.79;31.27;31.43;31.28;52;6900
06/01/2025;ISAE4;22.84;23.32;22.79;23.09;23.1;8891;4040700
06/01/2025;ITSA3;8.85;9.03;8.81;8.96;8.95;521;181100
06/01/2025;LOGG3;18.15;18.65;17.85;18.42;18.64;1860;248400
06/01/2025;LOGN3;20.88;20.88;20.12;20.46;20.12;178;28700
06/01/2025;LPSB3;1.46;1.52;1.45;1.48;1.52;305;56300
06/01/2025;LREN3;12.37;12.64;12.25;12.46;12.53;25771;14582200
06/01/2025;B3SA3;10.25;10.44;10.16;10.34;10.38;48936;39587600
06/01/2025;BEEF3;4.82;4.96;4.8;4.9;4.96;11595;9052400
06/01/2025;BIOM3;10.39;10.48;9.7;10.04;10.07;415;118400
06/01/2025;HYPE3;18.1;18.59;18.03;18.21;18.03;13372;4008900
06/01/2025;JALL3;4.51;4.67;4.51;4.6;4.65;1670;737500
06/01/2025;JBSS3;36.3;36.54;36.0;36.27;36.39;24786;11830400
06/01/2025;MBLY3;1.42;1.44;1.41;1.42;1.44;119;71900
06/01/2025;MDIA3;20.14;20.24;19.74;19.96;20.09;1742;315800
06/01/2025;MDNE3;10.53;10.94;10.53;10.75;10.7;3007;794200
06/01/2025;BLAU3;12.9;13.29;12.9;13.07;12.97;1150;238000
06/01/2025;BRAV3;23.47;23.91;23.07;23.39;23.15;15501;7157700
06/01/2025;MEAL3;0.97;1.01;0.97;0.99;0.98;1425;496100
06/01/2025;MELK3;3.52;3.58;3.45;3.52;3.56;316;194200
06/01/2025;MERC4;9.45;9.45;9.45;9.45;9.45;2;800
06/01/2025;MGEL4;6.75;6.99;6.5;6.72;6.95;8;1200
06/01/2025;MGLU3;6.41;6.69;6.37;6.52;6.65;20498;31326400
06/01/2025;ORVR3;38.0;38.0;37.32;37.71;37.78;1532;228900
06/01/2025;DASA3;1.93;2.05;1.93;1.99;2.01;2653;1906100
06/01/2025;DESK3;10.4;10.68;10.31;10.46;10.47;317;79600
06/01/2025;DEXP3;8.18;8.28;8.1;8.18;8.2;267;49100
06/01/2025;DEXP4;8.42;8.42;8.22;8.34;8.22;3;500
06/01/2025;DIRR3;25.36;25.71;25.19;25.48;25.6;10646;1991700
06/01/2025;PCAR3;2.7;2.81;2.65;2.73;2.78;6265;12965600
06/01/2025;WEGE3;52.57;52.74;51.66;52.21;52.47;20412;5551100
06/01/2025;MYPK3;11.28;12.03;11.13;11.82;12.03;7998;1666300
06/01/2025;NEOE3;18.86;19.02;18.83;18.89;18.89;2789;843800
06/01/2025;MTRE3;2.85;2.97;2.85;2.9;2.97;955;685900
06/01/2025;MTSA4;38.22;38.98;38.22;38.69;38.98;14;1600
06/01/2025;MULT3;20.51;21.0;20.44;20.74;20.93;21370;5069000
06/01/2025;RAIL3;18.24;18.24;17.76;17.99;17.97;16099;8743400
06/01/2025;RAIZ4;2.13;2.18;2.1;2.16;2.17;12975;11428400
06/01/2025;SNSY3;10.7;10.7;10.7;10.7;10.7;1;100
06/01/2025;SNSY5;3.3;3.5;3.3;3.37;3.41;10;2400
06/01/2025;SOJA3;10.3;10.3;10.01;10.12;10.08;1454;267100
06/01/2025;SRNA3;5.42;5.77;5.42;5.68;5.7;5099;4778300
06/01/2025;SANB3;11.27;11.39;11.13;11.28;11.29;558;107900
06/01/2025;SANB4;12.24;12.63;12.22;12.49;12.6;409;95800
06/01/2025;SAPR3;5.26;5.42;5.21;5.29;5.27;2556;640200
06/01/2025;SAPR4;5.11;5.22;5.04;5.14;5.16;6817;4303400
06/01/2025;STBP3;13.24;13.26;13.11;13.14;13.15;5609;4664400
06/01/2025;SUZB3;62.31;62.68;61.86;62.31;62.45;19275;3577500
06/01/2025;VAMO3;4.66;4.89;4.65;4.79;4.8;7081;5174000
06/01/2025;VBBR3;17.7;17.89;17.42;17.61;17.65;19353;14301200
06/01/2025;KRSA3;8.05;8.22;8.05;8.15;8.22;123;92100
06/01/2025;LAND3;14.32;14.32;13.65;13.92;13.69;147;28800
06/01/2025;LAVV3;7.13;7.21;7.04;7.11;7.15;3791;1897200
06/01/2025;LEVE3;26.23;26.69;26.21;26.4;26.63;1698;335600
06/01/2025;LJQQ3;2.09;2.19;2.09;2.14;2.17;5117;5634200
06/01/2025;MRVE3;5.23;5.39;5.2;5.31;5.34;9661;9285800
06/01/2025;PTNT4;5.64;5.7;5.62;5.64;5.65;24;9000
06/01/2025;ARML3;5.22;5.56;5.22;5.41;5.41;2383;571400
06/01/2025;ASAI3;5.59;5.8;5.59;5.68;5.69;20039;13729000
06/01/2025;BBDC3;10.41;10.58;10.35;10.49;10.48;17009;8487400
06/01/2025;BBDC4;11.34;11.58;11.28;11.44;11.42;31209;30587800
06/01/2025;HAPV3;2.14;2.2;2.13;2.17;2.18;27375;49024100
06/01/2025;ALLD3;6.72;6.95;6.7;6.82;6.88;189;46200
06/01/2025;ALOS3;18.47;18.47;17.92;18.09;18.12;13251;3643600
06/01/2025;ALPA3;6.11;6.45;5.93;6.08;5.93;20;7700
06/01/2025;ALPA4;6.5;6.87;6.5;6.7;6.71;11881;5225200
06/01/2025;ALPK3;2.16;2.35;2.16;2.24;2.31;514;145500
06/01/2025;BMEB3;31.06;32.5;31.06;31.85;32.0;9;1000
06/01/2025;BMEB4;38.79;39.31;37.4;38.12;37.4;127;18100
06/01/2025;ELET3;33.94;34.15;33.57;33.91;33.98;23209;8139400
06/01/2025;ELET6;37.72;37.83;37.33;37.61;37.69;4317;922100
06/01/2025;GGPS3;14.03;14.52;14.0;14.41;14.45;4842;2036500
06/01/2025;GMAT3;5.98;6.12;5.97;6.06;6.11;12114;6131400
06/01/2025;GOAU3;9.94;10.24;9.83;10.06;10.07;143;32700
06/01/2025;GOAU4;9.85;10.17;9.74;10.05;10.07;14781;11932400
06/01/2025;ITUB3;26.77;27.66;26.51;27.17;27.66;4434;940800
06/01/2025;ITUB4;30.21;31.25;30.11;30.99;31.16;49762;30983300
06/01/2025;ALUP3;8.72;9.05;8.72;8.89;9.05;73;8000
06/01/2025;ALUP4;8.72;8.8;8.65;8.72;8.78;101;16800
06/01/2025;AMAR3;1.0;1.04;0.97;1.01;1.04;343;458000
06/01/2025;AMBP3;118.87;123.57;115.23;117.73;116.0;645;127300
06/01/2025;AMOB3;0.33;0.34;0.32;0.32;0.33;6351;17284600
06/01/2025;ANIM3;1.56;1.62;1.55;1.58;1.61;14551;13595600
06/01/2025;BPAC3;13.85;14.19;13.85;14.02;14.19;13;1500
06/01/2025;BPAC5;7.07;7.07;6.93;6.99;7.0;15;3200
06/01/2025;CMIN3;4.95;5.02;4.9;4.98;5.01;9209;10352600
06/01/2025;CSUD3;15.08;15.4;14.94;15.13;15.03;238;48200
06/01/2025;CTKA4;23.0;23.0;23.0;23.0;23.0;1;100
06/01/2025;CURY3;17.39;17.87;17.39;17.72;17.87;5990;1314500
06/01/2025;CVCB3;1.54;1.58;1.53;1.55;1.56;7369;25094000
06/01/2025;ESPA3;0.72;0.73;0.71;0.72;0.72;227;221500
06/01/2025;ESTR4;4.0;4.0;3.42;3.87;4.0;10;1300
06/01/2025;ETER3;5.06;5.21;5.06;5.14;5.15;332;88400
06/01/2025;EUCA3;16.56;16.57;16.5;16.51;16.5;6;1500
06/01/2025;EUCA4;13.35;13.85;13.35;13.71;13.58;361;89400
06/01/2025;EVEN3;5.56;5.65;5.43;5.55;5.56;4264;1301300
06/01/2025;EZTC3;10.79;11.01;10.69;10.88;10.94;8770;2660000
06/01/2025;INEP3;1.47;1.48;1.43;1.45;1.45;19;5300
06/01/2025;INEP4;1.29;1.4;1.29;1.33;1.33;33;11600
06/01/2025;INTB3;12.8;12.8;12.28;12.45;12.5;6158;1640100
06/01/2025;IRBR3;42.51;43.95;41.5;42.95;43.48;6263;1479700
06/01/2025;AZZA3;29.71;30.55;29.08;29.93;30.55;11133;1856700
06/01/2025;BBSE3;36.1;36.41;35.72;36.16;36.41;15505;4581500
06/01/2025;CASH3;2.63;2.74;2.63;2.7;2.74;1599;652000
06/01/2025;CBAV3;4.79;4.79;4.48;4.6;4.53;8563;6921000
06/01/2025;CCRO3;10.22;10.39;10.21;10.31;10.35;10233;7521200
06/01/2025;CEAB3;7.62;7.79;7.53;7.67;7.79;13861;5081300
06/01/2025;CEBR3;15.95;15.99;15.51;15.78;15.95;28;3800
06/01/2025;CEBR5;15.47;15.52;15.32;15.45;15.52;10;1800
06/01/2025;CEBR6;17.59;17.6;17.36;17.5;17.53;61;10300
06/01/2025;CEEB3;38.41;38.41;38.41;38.41;38.41;3;400
06/01/2025;CGAS5;121.5;124.0;121.0;123.14;124.0;7;900
06/01/2025;CGRA3;26.49;26.5;25.95;26.34;26.49;64;8900
06/01/2025;CGRA4;25.45;26.56;25.45;26.36;26.51;97;14500
06/01/2025;CLSA3;9.79;9.86;9.79;9.81;9.8;3626;651300
06/01/2025;CLSC4;77.25;78.97;76.96;77.46;78.51;19;3600
06/01/2025;CMIG3;14.35;14.53;14.24;14.39;14.42;1220;242700
06/01/2025;CMIG4;10.94;11.01;10.79;10.86;10.85;34648;16343700
06/01/2025;CSNA3;8.28;8.69;8.27;8.54;8.53;14356;11194600
06/01/2025;ENJU3;1.07;1.08;1.02;1.03;1.02;233;328900
06/01/2025;EPAR3;5.44;5.77;5.41;5.55;5.67;29;5600
06/01/2025;EQPA3;5.61;5.65;5.35;5.45;5.39;58;19700
06/01/2025;EQTL3;26.77;27.38;26.72;27.12;27.16;38489;12049200
06/01/2025;IFCM3;0.07;0.09;0.06;0.07;0.08;1137;22151200
06/01/2025;IGTI3;2.1;2.14;2.08;2.09;2.09;144;48600
06/01/2025;BRSR3;11.21;11.36;11.0;11.18;11.17;62;8500
06/01/2025;BRSR6;9.64;9.8;9.55;9.68;9.7;5110;1524900
06/01/2025;BRST3;2.49;2.52;2.45;2.47;2.45;194;82900
06/01/2025;BSLI3;7.82;7.82;7.82;7.82;7.82;1;100
06/01/2025;BSLI4;8.37;8.46;8.37;8.41;8.46;2;200
06/01/2025;NGRD3;21.98;22.19;21.03;21.64;21.03;77;10100
06/01/2025;NINJ3;4.92;5.0;4.91;4.96;4.92;10;6000
06/01/2025;NTCO3;12.43;12.89;12.37;12.6;12.72;19357;11464400
06/01/2025;RANI3;6.46;6.76;6.45;6.66;6.68;2660;952800
06/01/2025;RAPT3;8.15;8.48;8.12;8.3;8.48;124;55900
06/01/2025;RAPT4;9.7;9.92;9.68;9.8;9.83;6772;1811300
06/01/2025;RCSL3;5.66;6.05;4.22;5.06;4.34;5499;2630300
06/01/2025;RCSL4;0.93;0.95;0.72;0.78;0.78;4375;10554800
06/01/2025;RDNI3;2.14;2.14;2.09;2.12;2.14;13;5600
06/01/2025;RDOR3;25.31;26.02;25.31;25.84;26.02;19420;5206200
06/01/2025;SYNE3;5.58;5.68;5.31;5.45;5.39;2423;780500
06/01/2025;TAEE3;10.81;10.93;10.69;10.82;10.89;585;103600
06/01/2025;TAEE4;10.9;11.0;10.85;10.93;10.99;812;182800
06/01/2025;TOTS3;26.46;27.49;26.37;27.02;27.37;15805;3904900
06/01/2025;TPIS3;5.25;5.9;5.2;5.7;5.9;87;46800
06/01/2025;TRAD3;6.97;7.0;6.55;6.69;6.55;313;89800
06/01/2025;TRIS3;4.26;4.44;4.26;4.36;4.44;1485;593900
06/01/2025;TTEN3;13.5;13.69;13.0;13.19;13.33;6085;1221400
06/01/2025;TUPY3;21.84;21.84;21.11;21.46;21.65;4998;766500
06/01/2025;UCAS3;1.83;1.85;1.78;1.81;1.8;245;35000
06/01/2025;UGPA3;15.68;15.92;15.56;15.73;15.84;13693;4884500
06/01/2025;VITT3;5.16;5.31;5.14;5.25;5.3;848;201400
06/01/2025;VIVA3;18.27;18.95;18.22;18.59;18.82;20403;4748900
06/01/2025;VIVR3;1.1;1.11;1.08;1.09;1.1;98;76000
06/01/2025;VIVT3;47.14;47.74;46.96;47.38;47.74;8917;1783300
06/01/2025;DMVF3;5.54;5.54;5.35;5.42;5.4;270;61300
06/01/2025;DOHL4;3.8;3.95;3.8;3.91;3.94;9;3300
06/01/2025;DOTZ3;3.14;3.14;3.02;3.05;3.05;22;6500
06/01/2025;DXCO3;5.98;5.98;5.77;5.84;5.86;12098;3692300
06/01/2025;AERI3;7.96;8.5;7.27;7.83;7.73;5046;2333000
06/01/2025;AFLT3;7.15;7.15;7.14;7.14;7.14;2;300
06/01/2025;AGRO3;22.52;22.81;22.25;22.59;22.81;1053;157400
06/01/2025;BGIP4;23.26;23.43;23.25;23.31;23.43;3;300
06/01/2025;BHIA3;2.89;3.0;2.84;2.92;2.95;2039;2990700
06/01/2025;BPAN4;6.23;6.32;6.17;6.23;6.24;3018;1005300
06/01/2025;EALT4;13.44;13.86;13.01;13.42;13.18;68;23000
06/01/2025;ECOR3;4.12;4.25;4.12;4.2;4.24;6366;3497700
06/01/2025;GFSA3;1.2;1.24;1.2;1.22;1.23;778;2307800
06/01/2025;GGBR3;16.02;16.61;16.02;16.38;16.3;510;145200
06/01/2025;GGBR4;17.6;18.29;17.4;18.0;18.03;36543;19572100
06/01/2025;ITSA4;8.6;8.83;8.57;8.76;8.81;30570;29299900
06/01/2025;LUPA3;1.22;1.27;1.21;1.23;1.24;181;126900
06/01/2025;LUXM4;12.0;12.0;12.0;12.0;12.0;1;100
06/01/2025;LVTC3;2.33;2.36;2.29;2.31;2.34;44;22300
06/01/2025;LWSA3;3.31;3.34;3.21;3.28;3.32;7212;6705700
06/01/2025;MATD3;3.6;3.8;3.55;3.72;3.8;3334;944000
06/01/2025;AALR3;7.26;7.68;7.25;7.49;7.66;105;24200
06/01/2025;ABCB4;19.4;19.4;19.0;19.22;19.31;3902;705300
06/01/2025;ABEV3;11.36;11.5;11.21;11.29;11.29;37956;50881500
06/01/2025;BALM4;10.51;10.51;10.51;10.51;10.51;3;600
06/01/2025;BAUH4;77.0;78.48;77.0;77.67;78.19;31;4000
06/01/2025;BAZA3;85.37;85.41;84.18;85.0;85.2;26;3800
06/01/2025;BBAS3;23.98;24.05;23.81;23.94;23.96;27085;12112300
06/01/2025;BEES3;8.22;8.35;8.19;8.26;8.28;67;10500
06/01/2025;QUAL3;1.51;1.55;1.48;1.5;1.5;5921;4490000
06/01/2025;GUAR3;5.95;5.97;5.75;5.85;5.88;6666;1714100
06/01/2025;HAGA3;1.8;1.8;1.8;1.8;1.8;1;100
06/01/2025;HAGA4;1.18;1.21;1.17;1.19;1.17;9;10700
06/01/2025;PFRM3;6.1;6.38;6.1;6.25;6.3;487;115100
06/01/2025;PGMN3;3.11;3.36;3.07;3.22;3.28;2446;1799700
06/01/2025;PINE3;4.89;4.89;4.53;4.62;4.79;40;7100
06/01/2025;PINE4;4.31;4.43;4.31;4.38;4.42;388;190400
06/01/2025;PLPL3;9.09;9.24;9.0;9.12;9.18;2747;520500
06/01/2025;PNVL3;8.54;8.69;8.5;8.6;8.66;1374;519300
06/01/2025;POMO3;5.63;5.78;5.57;5.65;5.63;391;165400
06/01/2025;POMO4;7.4;7.62;7.34;7.46;7.46;18799;16686600
06/01/2025;PORT3;16.4;16.73;16.4;16.63;16.69;2169;861900
06/01/2025;POSI3;5.07;5.25;5.07;5.18;5.24;2146;916500
06/01/2025;ROMI3;8.46;8.6;8.22;8.48;8.6;763;198900
06/01/2025;ODPV3;10.35;10.64;10.35;10.53;10.61;3240;527300
06/01/2025;OFSA3;16.4;16.79;16.25;16.32;16.68;67;37600
06/01/2025;ONCO3;2.56;2.6;2.26;2.39;2.32;6429;7605100
06/01/2025;OPCT3;5.41;5.41;5.29;5.36;5.4;1305;839400
06/01/2025;PETZ3;4.02;4.28;4.01;4.17;4.28;11623;8537500
06/01/2025;RECV3;16.61;16.69;16.03;16.28;16.1;10638;2419400
06/01/2025;REDE3;6.26;6.26;6.23;6.25;6.25;12;1700
06/01/2025;RENT3;32.62;33.39;32.1;32.41;32.3;21796;7088000
06/01/2025;TASA3;8.62;8.84;8.45;8.73;8.83;33;5700
06/01/2025;TASA4;8.07;8.62;8.07;8.4;8.58;1540;315400
06/01/2025;TCSA3;1.26;1.38;1.26;1.32;1.37;246;180600
06/01/2025;TECN3;5.37;5.55;5.32;5.47;5.44;783;519500
06/01/2025;TELB4;7.37;7.59;7.25;7.33;7.25;6;1300
06/01/2025;TEND3;12.71;12.73;12.46;12.61;12.67;6455;1931200
06/01/2025;TFCO4;8.75;8.88;8.68;8.79;8.88;1543;803500
06/01/2025;TGMA3;27.7;28.7;27.59;28.22;28.7;855;311200
06/01/2025;TIMS3;14.44;14.6;14.42;14.54;14.59;10190;4801600
06/01/2025;UNIP3;45.01;46.15;45.0;45.2;46.15;64;11600
06/01/2025;UNIP5;48.01;50.9;48.01;49.93;50.9;3;300
06/01/2025;UNIP6;44.96;46.46;44.95;45.85;46.07;805;111700
06/01/2025;USIM3;5.0;5.11;4.93;5.02;5.1;900;410700
06/01/2025;USIM5;4.9;5.09;4.87;5.0;5.09;11637;15628800
06/01/2025;VLID3;25.0;25.5;24.1;24.56;24.42;3379;688000
06/01/2025;VSTE3;6.23;7.4;5.98;6.86;7.4;216;132400
06/01/2025;VTRU3;6.0;6.5;6.0;6.33;6.5;484;158700
06/01/2025;VULC3;15.03;15.79;15.03;15.54;15.79;3737;887700
06/01/2025;VVEO3;2.04;2.24;2.0;2.15;2.21;2798;3958500
06/01/2025;PSSA3;35.52;36.46;35.44;35.94;36.17;15818;3674100
06/01/2025;PTBL3;3.31;3.46;3.31;3.38;3.41;1025;545200
06/01/2025;PTNT3;8.3;8.44;7.58;7.75;7.66;24;6300
06/01/2025;SCAR3;16.99;17.3;16.54;16.75;16.54;368;147600
06/01/2025;SEER3;4.36;4.51;4.3;4.4;4.51;2017;431700
06/01/2025;SHOW3;0.71;0.77;0.69;0.73;0.74;179;85000
06/01/2025;BIED3;4.15;4.54;3.96;4.11;4.54;31;14000
06/01/2025;JHSF3;3.69;3.78;3.68;3.73;3.75;4887;2916600
06/01/2025;JOPA4;23.1;23.1;23.1;23.1;23.1;1;100
06/01/2025;JSLG3;5.8;5.86;5.64;5.73;5.74;2001;446000
06/01/2025;BMGB4;3.73;3.8;3.73;3.77;3.78;626;418200
06/01/2025;BMOB3;13.76;13.76;13.21;13.46;13.5;1036;246400
06/01/2025;BOBR4;1.78;1.88;1.78;1.82;1.87;313;91400
06/01/2025;SHUL4;5.54;5.65;5.49;5.56;5.54;807;312200
06/01/2025;SIMH3;3.46;3.58;3.44;3.51;3.55;6303;3363000
06/01/2025;SLCE3;17.04;17.3;17.01;17.17;17.22;7499;1793900
06/01/2025;SBFG3;10.66;11.22;10.66;10.94;11.1;6606;2295100
06/01/2025;SBSP3;87.89;88.95;87.17;87.98;88.07;12440;2385200
06/01/2025;COCE5;24.88;25.68;24.7;25.35;24.99;117;27200
06/01/2025;COGN3;1.1;1.16;1.09;1.11;1.14;14821;34459700
06/01/2025;EGIE3;35.49;35.71;35.16;35.3;35.27;6802;1227200
06/01/2025;EKTR4;50.0;50.0;50.0;50.0;50.0;1;100
06/01/2025;NUTR3;3.96;4.08;3.74;3.87;4.05;47;7300
06/01/2025;SEQL3;2.7;2.8;2.54;2.68;2.65;764;530100
06/01/2025;ATMP3;1.18;1.2;1.12;1.14;1.2;16;5200
06/01/2025;RPMG3;2.78;2.9;2.69;2.82;2.7;13;30300
06/01/2025;RSID3;2.87;2.89;2.73;2.83;2.86;154;21600
06/01/2025;LIGT3;4.0;4.1;3.98;4.0;4.1;1468;488000
06/01/2025;AMER3;5.9;5.96;5.77;5.85;5.87;5273;3210300
06/01/2025;NEXP3;3.9;3.91;3.9;3.9;3.91;4;500
06/01/2025;AGXY3;0.49;0.49;0.46;0.46;0.47;310;274700
06/01/2025;PMAM3;1.13;1.13;1.0;1.03;1.01;513;442600
06/01/2025;RNEW3;0.94;0.97;0.94;0.94;0.94;46;11300
06/01/2025;RNEW4;0.92;0.94;0.92;0.93;0.93;60;22900
06/01/2025;OIBR3;1.35;1.39;1.33;1.35;1.36;1505;1907400
06/01/2025;OIBR4;8.7;8.97;8.56;8.81;8.63;64;31700
06/01/2025;JFEN3;2.66;3.14;2.64;2.8;2.65;366;206200
28/01/2025;GOLL4;1.72;1.82;1.71;1.75;1.71;2613;11320500
13/01/2025;GMAT3;5.97;5.98;5.87;5.9;5.89;8376;3672500
13/01/2025;GOAU3;9.6;9.64;9.37;9.43;9.58;123;36400
13/01/2025;GOAU4;9.48;9.52;9.27;9.42;9.48;17181;10690000
13/01/2025;ITUB3;27.13;27.56;27.13;27.37;27.29;1099;232100
13/01/2025;ITUB4;30.63;31.13;30.63;30.9;30.86;39397;15477300
13/01/2025;AMOB3;0.35;0.36;0.33;0.34;0.34;7143;16870800
13/01/2025;ANIM3;1.55;1.6;1.52;1.56;1.56;3475;4391000
13/01/2025;ARML3;4.99;5.05;4.67;4.77;4.67;2413;1248500
13/01/2025;ASAI3;5.62;5.65;5.49;5.54;5.52;26022;17516600
13/01/2025;ATED3;1.4;1.4;1.32;1.37;1.4;32;6600
13/01/2025;TELB3;12.35;12.69;12.2;12.26;12.69;5;1100
13/01/2025;TELB4;7.29;7.29;6.85;7.13;6.85;21;2600
13/01/2025;TEND3;11.99;12.12;11.78;12.0;12.12;3530;1234900
13/01/2025;TFCO4;8.59;8.6;8.41;8.48;8.44;1022;236000
13/01/2025;TGMA3;28.01;28.21;27.91;28.01;28.0;754;126200
13/01/2025;TIMS3;13.9;13.98;13.78;13.87;13.84;23406;11833400
13/01/2025;MTRE3;2.9;2.95;2.85;2.9;2.9;703;576900
13/01/2025;MTSA4;38.44;40.19;36.7;37.78;36.7;35;5000
13/01/2025;MULT3;20.08;20.33;19.95;20.05;20.0;10357;1739500
13/01/2025;RADL3;20.94;21.17;20.65;20.81;20.95;22843;8327500
13/01/2025;RAIL3;17.2;17.41;17.01;17.18;17.11;25887;9326300
13/01/2025;SHOW3;0.76;0.77;0.69;0.74;0.76;262;109000
13/01/2025;JHSF3;3.67;3.67;3.6;3.63;3.63;4276;2602400
13/01/2025;JSLG3;5.54;5.54;5.18;5.27;5.18;820;183000
13/01/2025;KEPL3;9.49;9.56;9.19;9.31;9.22;3572;860500
13/01/2025;BALM4;10.55;11.34;10.55;10.94;11.34;2;200
13/01/2025;BAUH4;77.2;78.18;77.2;77.87;78.18;12;1400
13/01/2025;BAZA3;85.01;85.2;84.33;84.96;85.2;8;1000
13/01/2025;BEES3;8.38;8.38;8.24;8.3;8.3;54;8600
13/01/2025;BPAC3;14.14;14.66;14.14;14.24;14.22;4;600
13/01/2025;BPAC5;6.97;7.2;6.97;7.1;7.2;17;4600
13/01/2025;CEBR5;15.5;15.5;15.44;15.48;15.44;3;300
13/01/2025;CEBR6;17.04;17.1;16.84;16.96;16.88;14;2500
13/01/2025;CEDO4;22.01;22.01;21.59;21.76;21.59;3;300
13/01/2025;CEEB3;38.0;38.0;38.0;38.0;38.0;4;400
13/01/2025;CGAS5;120.01;124.0;120.0;121.56;124.0;16;1600
13/01/2025;CGRA3;27.39;27.39;26.0;26.73;27.02;74;9400
13/01/2025;CGRA4;28.47;28.47;26.43;27.03;26.43;65;48600
13/01/2025;CLSA3;9.97;9.98;9.89;9.92;9.94;912;563300
13/01/2025;CLSC4;80.19;80.19;77.79;79.51;77.79;23;3100
13/01/2025;CMIG3;14.2;14.38;14.12;14.23;14.23;662;105400
13/01/2025;CMIG4;10.48;10.69;10.42;10.51;10.49;26064;17354900
13/01/2025;ENEV3;10.67;11.21;10.67;11.0;11.06;18829;14924100
13/01/2025;ENGI3;10.08;10.28;9.77;10.01;9.77;19;2000
13/01/2025;ENGI4;6.66;6.66;6.57;6.62;6.6;18;2600
13/01/2025;PLPL3;8.76;8.93;8.64;8.78;8.73;4194;1129900
13/01/2025;PNVL3;8.62;8.65;8.49;8.57;8.52;1913;272700
13/01/2025;POMO3;5.59;5.59;5.46;5.52;5.53;2009;606900
13/01/2025;POMO4;7.34;7.4;7.14;7.23;7.29;15977;7810700
13/01/2025;PORT3;16.33;16.33;16.07;16.18;16.15;2268;989500
13/01/2025;POSI3;5.05;5.09;4.99;5.03;5.03;1698;537900
13/01/2025;OFSA3;16.4;16.4;16.23;16.3;16.23;7;700
13/01/2025;ONCO3;2.09;2.15;2.02;2.08;2.07;3507;4978800
13/01/2025;OPCT3;5.21;5.22;4.9;5.05;4.9;1938;867500
13/01/2025;ORVR3;37.0;37.0;36.56;36.68;36.58;1108;366500
13/01/2025;PETZ3;4.27;4.46;4.1;4.21;4.1;8749;10699300
13/01/2025;RANI3;6.93;7.08;6.9;6.97;6.9;2273;603700
13/01/2025;RAPT3;7.96;8.0;7.75;7.89;7.75;136;44600
13/01/2025;RAPT4;8.9;8.96;8.52;8.68;8.55;9263;3125500
13/01/2025;YDUQ3;8.99;8.99;8.59;8.75;8.59;8199;3412300
13/01/2025;RCSL3;4.85;4.95;4.51;4.72;4.66;4348;1902800
13/01/2025;RCSL4;0.73;0.76;0.7;0.72;0.72;1080;2674100
13/01/2025;RDNI3;2.45;2.45;2.2;2.27;2.21;18;3900
13/01/2025;RDOR3;26.14;26.31;25.66;25.94;26.06;16771;3311500
13/01/2025;TKNO3;50.09;50.09;50.09;50.09;50.09;3;500
13/01/2025;TKNO4;62.51;64.0;59.75;60.07;59.75;49;14300
13/01/2025;TOTS3;26.83;26.83;26.39;26.59;26.73;14774;3734600
13/01/2025;TPIS3;5.29;5.29;5.12;5.16;5.12;127;17600
13/01/2025;TRAD3;6.59;6.59;6.15;6.28;6.21;433;117600
13/01/2025;TRIS3;4.32;4.45;4.31;4.37;4.39;1088;377300
13/01/2025;VALE3;52.0;52.31;50.87;51.59;51.51;52360;30845300
13/01/2025;WEST3;0.52;0.52;0.48;0.49;0.49;41;93400
13/01/2025;WHRL3;3.94;3.94;3.94;3.94;3.94;1;100
13/01/2025;WHRL4;4.16;4.23;4.16;4.16;4.16;11;3100
13/01/2025;WIZC3;5.23;5.27;5.11;5.18;5.19;1434;516700
13/01/2025;B3SA3;9.81;9.89;9.73;9.81;9.79;37033;30436900
13/01/2025;BEEF3;5.02;5.09;4.81;4.89;4.81;10746;9921000
13/01/2025;CAMB3;10.68;10.71;10.54;10.61;10.65;58;9400
13/01/2025;CAML3;4.96;5.06;4.82;4.93;4.89;5373;3068000
13/01/2025;CASH3;2.74;2.8;2.73;2.76;2.78;772;424300
13/01/2025;CBAV3;4.64;4.68;4.56;4.6;4.59;5060;2843600
13/01/2025;CCRO3;10.26;10.27;10.12;10.17;10.15;16636;9323500
13/01/2025;CEAB3;7.76;7.86;7.49;7.68;7.78;10119;3438000
13/01/2025;CEBR3;15.7;15.88;15.52;15.73;15.87;14;2000
13/01/2025;CSED3;3.06;3.12;3.01;3.06;3.11;974;313600
13/01/2025;CSMG3;21.59;21.85;21.2;21.63;21.75;9552;2223600
13/01/2025;CSNA3;7.76;7.86;7.56;7.7;7.68;20495;10836500
13/01/2025;HBOR3;1.35;1.36;1.31;1.33;1.31;657;1081400
13/01/2025;HBRE3;2.88;2.9;2.77;2.81;2.83;470;508000
13/01/2025;HBSA3;2.72;2.77;2.67;2.72;2.71;5468;2293900
13/01/2025;HYPE3;17.78;18.22;17.74;17.99;17.98;9285;4927000
13/01/2025;PDGR3;0.01;0.01;0.01;0.01;0.01;215;558900
13/01/2025;PDTC3;1.15;1.18;1.15;1.15;1.15;15;6600
13/01/2025;PETR3;41.29;41.63;40.93;41.17;40.95;16105;5703800
13/01/2025;PETR4;37.3;37.53;36.97;37.23;37.07;49760;22897100
13/01/2025;PFRM3;6.05;6.19;5.95;6.04;6.1;755;172300
13/01/2025;PGMN3;3.28;3.4;3.27;3.34;3.36;2278;1290800
13/01/2025;PINE3;4.15;4.32;4.15;4.25;4.25;8;800
13/01/2025;PINE4;4.25;4.38;4.21;4.28;4.31;615;127700
13/01/2025;PRIO3;43.09;43.54;42.5;42.66;42.53;28414;9702500
13/01/2025;WEGE3;53.39;53.85;52.69;53.19;53.25;18262;4563200
13/01/2025;MATD3;3.65;3.66;3.56;3.61;3.63;2631;614700
13/01/2025;MBLY3;1.43;1.55;1.39;1.47;1.54;251;196500
13/01/2025;MDIA3;19.25;19.6;19.23;19.42;19.39;1501;438600
13/01/2025;MDNE3;10.33;10.44;10.18;10.32;10.33;1617;434900
13/01/2025;MEAL3;0.93;0.94;0.92;0.93;0.92;211;386400
13/01/2025;MELK3;3.53;3.55;3.42;3.46;3.45;623;416100
13/01/2025;MGEL4;7.45;7.46;7.0;7.3;7.0;3;300
13/01/2025;MGLU3;6.07;6.08;5.77;5.92;5.81;13170;17078200
13/01/2025;PCAR3;2.72;2.75;2.61;2.65;2.63;11565;17143800
13/01/2025;REAG3;4.86;5.0;4.86;4.98;4.98;6;1300
13/01/2025;RECV3;16.4;16.8;16.4;16.57;16.47;9741;3114600
13/01/2025;REDE3;6.27;6.28;6.27;6.27;6.28;2;600
13/01/2025;RENT3;28.77;29.33;28.31;28.82;28.76;27140;8055800
13/01/2025;UNIP3;44.9;45.06;44.25;44.52;44.25;38;4600
13/01/2025;UNIP5;50.8;50.8;50.8;50.8;50.8;1;100
13/01/2025;UNIP6;44.8;45.49;44.48;44.85;44.48;929;117400
13/01/2025;USIM3;4.86;4.99;4.76;4.85;4.84;565;162900
13/01/2025;USIM5;4.8;4.93;4.72;4.81;4.75;11465;11158600
13/01/2025;VIVR3;1.07;1.11;1.06;1.08;1.07;124;24800
13/01/2025;VIVT3;46.88;47.05;46.56;46.82;46.84;8632;1277200
13/01/2025;VLID3;22.69;23.4;22.49;23.0;22.92;1979;315700
13/01/2025;VSTE3;6.86;6.86;6.82;6.85;6.86;12;4200
13/01/2025;VTRU3;6.18;6.18;5.73;5.95;6.09;346;56300
13/01/2025;VULC3;15.83;16.27;15.82;16.05;16.03;4336;1089800
13/01/2025;VVEO3;1.94;1.96;1.88;1.91;1.89;1444;1486400
13/01/2025;LUPA3;1.25;1.34;1.22;1.26;1.29;189;163000
13/01/2025;LVTC3;2.31;2.34;2.22;2.28;2.28;36;16700
13/01/2025;LWSA3;3.36;3.36;3.27;3.31;3.33;7950;4879100
13/01/2025;ODPV3;10.36;10.59;10.35;10.49;10.56;5309;1143600
13/01/2025;SHUL4;5.7;5.7;5.5;5.56;5.57;1075;273600
13/01/2025;SIMH3;3.35;3.38;3.23;3.29;3.26;3936;3851300
13/01/2025;SLCE3;17.2;17.65;17.2;17.46;17.37;9096;2475800
13/01/2025;PRNR3;12.92;13.19;12.9;12.99;12.97;466;184500
13/01/2025;PSSA3;36.43;36.62;35.78;36.27;36.53;9789;1856800
13/01/2025;PTBL3;3.4;3.44;3.35;3.39;3.38;640;257900
13/01/2025;PTNT3;7.4;7.9;7.36;7.64;7.57;10;1000
13/01/2025;PTNT4;5.9;5.9;5.62;5.79;5.62;7;2800
13/01/2025;QUAL3;1.52;1.53;1.47;1.49;1.47;821;1282600
13/01/2025;SBFG3;10.9;10.97;10.57;10.68;10.62;5588;2358200
13/01/2025;SBSP3;87.35;88.36;87.35;88.09;88.16;13160;2306900
13/01/2025;SCAR3;16.19;16.25;15.74;16.0;16.05;146;25100
13/01/2025;SEER3;4.23;4.25;4.04;4.14;4.07;1779;686400
13/01/2025;SRNA3;5.85;5.94;5.73;5.8;5.73;5205;1382900
13/01/2025;STBP3;13.14;13.23;13.11;13.14;13.14;8732;5379800
13/01/2025;SUZB3;61.39;62.7;61.29;62.12;62.08;18198;3958400
13/01/2025;MILS3;8.27;8.31;8.12;8.22;8.23;1268;304200
13/01/2025;MLAS3;1.15;1.15;1.1;1.11;1.11;912;656100
13/01/2025;MNPR3;25.21;25.21;24.01;24.6;24.99;14;1400
13/01/2025;SYNE3;5.1;5.1;4.96;5.01;4.98;2122;652600
13/01/2025;TAEE3;10.83;10.89;10.68;10.76;10.72;622;121500
13/01/2025;TAEE4;10.96;11.01;10.8;10.88;10.82;1062;239000
13/01/2025;MRVE3;5.06;5.19;5.02;5.11;5.19;11900;6694300
13/01/2025;MOVI3;3.41;3.43;3.32;3.35;3.34;3076;2872200
13/01/2025;MRFG3;16.53;16.91;16.21;16.61;16.9;21451;11599100
13/01/2025;SAPR3;5.16;5.23;5.01;5.07;5.04;649;179800
13/01/2025;SAPR4;5.13;5.14;5.01;5.07;5.03;3017;1810400
13/01/2025;SMFT3;17.54;17.55;17.28;17.39;17.35;8128;1777400
13/01/2025;SMTO3;24.2;24.56;24.09;24.28;24.26;5423;798900
13/01/2025;AZZA3;30.11;30.11;28.97;29.4;29.7;8417;1702200
13/01/2025;BBSE3;36.14;36.32;35.98;36.15;36.18;10380;2676900
13/01/2025;BRSR3;11.15;11.24;11.03;11.12;11.04;16;6200
13/01/2025;BRSR6;9.67;9.81;9.59;9.66;9.59;6173;3193400
13/01/2025;BRST3;2.47;2.51;2.4;2.45;2.43;635;121700
13/01/2025;RSUL4;54.8;54.95;54.8;54.87;54.95;2;200
13/01/2025;SANB3;11.35;11.49;11.28;11.39;11.44;279;48600
13/01/2025;SANB4;12.92;12.92;12.42;12.61;12.66;337;63200
13/01/2025;ZAMP3;2.61;2.77;2.55;2.69;2.75;2092;843300
13/01/2025;JALL3;4.59;4.59;4.42;4.45;4.45;1164;501700
13/01/2025;JBSS3;35.35;35.6;34.96;35.27;35.45;19205;4223700
13/01/2025;HAGA3;1.77;2.19;1.77;2.06;2.19;12;1600
13/01/2025;HAGA4;1.14;1.14;1.14;1.14;1.14;3;1100
13/01/2025;HAPV3;2.21;2.23;2.15;2.16;2.16;55393;51973200
13/01/2025;AZEV3;0.96;0.98;0.92;0.94;0.92;382;392100
13/01/2025;AZEV4;0.97;0.98;0.92;0.94;0.92;996;2549400
13/01/2025;CPFE3;31.77;32.23;31.56;32.02;32.02;9398;1977000
13/01/2025;EGIE3;35.0;35.29;34.65;34.83;34.67;5963;1490200
13/01/2025;ITSA3;8.88;8.98;8.86;8.91;8.96;353;76800
13/01/2025;ITSA4;8.65;8.78;8.63;8.72;8.72;22139;21984600
13/01/2025;ALPA3;6.2;6.21;5.84;6.07;5.84;10;1300
13/01/2025;ALPA4;6.25;6.28;6.11;6.17;6.14;4927;1729000
13/01/2025;SNSY5;3.85;3.86;3.52;3.72;3.52;5;500
13/01/2025;SOJA3;10.48;10.62;10.23;10.43;10.49;2983;636900
13/01/2025;TTEN3;13.81;14.01;13.66;13.85;13.87;6394;989300
13/01/2025;TUPY3;21.41;21.52;21.17;21.33;21.28;2123;325600
13/01/2025;UCAS3;1.8;1.87;1.79;1.82;1.79;105;16600
13/01/2025;UGPA3;15.58;15.79;15.49;15.61;15.51;14602;3668200
13/01/2025;VITT3;5.19;5.19;4.92;5.02;4.99;965;242800
13/01/2025;VIVA3;18.5;18.74;18.2;18.49;18.38;10240;2050800
13/01/2025;LOGG3;18.0;18.2;17.94;18.05;17.99;1675;205200
13/01/2025;LOGN3;20.02;20.02;19.62;19.88;19.84;200;32700
13/01/2025;LPSB3;1.41;1.45;1.37;1.4;1.41;98;53600
13/01/2025;LREN3;12.9;12.9;12.57;12.73;12.85;19507;11375400
13/01/2025;MWET4;10.5;11.16;10.5;10.81;11.16;3;400
13/01/2025;ROMI3;8.71;8.72;8.47;8.55;8.48;644;102000
13/01/2025;VAMO3;4.46;4.46;4.25;4.35;4.38;7292;9366700
13/01/2025;VBBR3;17.52;17.63;17.34;17.48;17.5;21836;10257500
13/01/2025;DASA3;1.89;1.89;1.84;1.86;1.84;613;224700
13/01/2025;DESK3;9.97;10.15;9.83;9.97;9.98;518;194000
13/01/2025;DEXP3;8.49;8.49;8.15;8.27;8.15;484;69300
13/01/2025;DEXP4;8.35;8.35;8.2;8.24;8.2;11;4800
13/01/2025;DIRR3;24.15;24.35;23.88;24.21;24.25;8557;1628300
13/01/2025;DMVF3;5.58;5.65;5.31;5.43;5.47;232;46500
13/01/2025;DOHL4;3.92;3.94;3.92;3.93;3.94;3;500
13/01/2025;DOTZ3;3.19;3.24;3.11;3.16;3.11;29;11900
13/01/2025;DXCO3;5.88;6.04;5.86;5.93;5.9;5649;2703300
13/01/2025;EALT4;13.1;13.16;12.9;13.02;13.12;28;5100
13/01/2025;ECOR3;4.57;4.71;4.5;4.64;4.64;4699;4013400
13/01/2025;FRAS3;20.29;20.57;20.17;20.3;20.25;1239;338700
13/01/2025;FRIO3;300.4;304.99;300.01;301.28;300.01;5;500
13/01/2025;GFSA3;1.16;1.17;1.13;1.15;1.15;465;1926900
13/01/2025;GGBR3;15.34;15.75;15.2;15.52;15.74;134;23000
13/01/2025;GGBR4;16.82;17.07;16.51;16.9;16.99;25548;12931600
13/01/2025;ISAE3;31.92;31.92;31.16;31.56;31.2;51;8300
06/01/2025;GOLL4;1.49;1.63;1.48;1.56;1.57;4441;16861500
13/01/2025;ISAE4;22.64;22.85;22.64;22.73;22.68;6743;1940800
13/01/2025;AERI3;7.56;7.75;7.24;7.42;7.24;1665;689300
13/01/2025;AGRO3;22.18;22.32;22.06;22.19;22.13;1060;169400
13/01/2025;ALLD3;6.99;6.99;6.65;6.78;6.65;196;41600
13/01/2025;ALPK3;2.38;2.47;2.35;2.38;2.4;199;80400
13/01/2025;ALUP3;8.93;9.41;8.93;9.36;9.2;50;5200
13/01/2025;ALUP4;9.08;9.2;8.81;9.08;8.81;136;19200
13/01/2025;AMAR3;1.08;1.1;1.05;1.07;1.07;345;128300
13/01/2025;AMBP3;124.68;125.95;118.86;121.56;120.0;637;94000
13/01/2025;BBDC3;10.32;10.41;10.23;10.32;10.33;10274;10124100
13/01/2025;BBDC4;11.11;11.38;11.1;11.23;11.22;34554;36560700
13/01/2025;CMIN3;4.93;5.05;4.87;4.95;4.95;14314;10042100
13/01/2025;CRPG5;19.7;19.7;19.7;19.7;19.7;3;1800
13/01/2025;CSAN3;8.11;8.49;8.07;8.32;8.21;19304;18084000
13/01/2025;ELMD3;28.48;28.81;28.48;28.77;28.72;536;250500
13/01/2025;EMAE4;39.11;39.11;38.95;39.08;39.1;8;1000
13/01/2025;EMBR3;57.09;58.06;56.3;56.94;56.55;19502;4258300
13/01/2025;COCE5;24.72;24.72;24.45;24.49;24.45;40;9300
13/01/2025;COGN3;1.17;1.19;1.14;1.15;1.14;9047;17442600
13/01/2025;AURE3;7.9;7.94;7.77;7.86;7.77;8713;6244300
13/01/2025;BRFS3;23.55;23.65;23.19;23.39;23.55;21683;5086700
13/01/2025;AZUL4;4.1;4.16;4.04;4.1;4.11;6024;9908200
13/01/2025;BRKM3;11.6;11.69;11.3;11.4;11.56;36;6600
13/01/2025;BRKM5;11.11;11.41;11.11;11.24;11.27;6040;1730500
13/01/2025;BRKM6;7.4;7.4;7.0;7.26;7.0;6;1200
13/01/2025;CPLE3;7.93;8.05;7.89;7.95;7.92;4439;5288800
13/01/2025;CPLE5;10.1;10.4;10.1;10.33;10.39;4;500
13/01/2025;CPLE6;8.76;8.92;8.73;8.85;8.83;20423;18709600
13/01/2025;NEOE3;18.22;18.27;17.93;18.09;18.19;3012;719300
13/01/2025;NGRD3;19.02;19.46;18.23;18.79;19.35;380;71500
13/01/2025;NTCO3;12.52;12.64;12.07;12.28;12.08;20388;8662300
13/01/2025;RAIZ4;2.03;2.05;1.99;2.02;2.02;11356;12207500
13/01/2025;TASA3;8.36;8.36;8.2;8.25;8.2;60;8000
13/01/2025;TASA4;8.3;8.31;8.0;8.12;8.0;1121;211200
13/01/2025;TCSA3;1.43;1.47;1.35;1.38;1.42;181;121500
13/01/2025;TECN3;5.57;5.67;5.45;5.55;5.45;158;30400
13/01/2025;KRSA3;8.21;8.25;8.18;8.21;8.24;81;55400
13/01/2025;LAND3;12.81;13.23;12.64;12.91;12.67;129;19600
13/01/2025;LAVV3;7.06;7.19;7.03;7.11;7.1;2743;870700
13/01/2025;LEVE3;26.66;26.99;26.4;26.62;26.55;1992;293300
13/01/2025;LJQQ3;2.05;2.07;1.98;2.02;2.02;2392;2548200
13/01/2025;CRFB3;5.46;5.5;5.23;5.32;5.25;15770;15439500
13/01/2025;EKTR4;50.0;51.0;50.0;50.33;51.0;2;300
13/01/2025;ELET3;33.98;34.16;33.79;33.92;33.97;16315;4631500
13/01/2025;ELET6;37.56;37.8;37.37;37.48;37.4;5984;1190200
13/01/2025;GGPS3;14.1;14.15;13.8;13.91;13.8;5290;1473800
13/01/2025;AALR3;9.32;9.78;9.23;9.48;9.69;83;18800
13/01/2025;ABCB4;19.09;19.09;18.76;18.89;18.78;3362;557000
13/01/2025;ABEV3;11.18;11.31;11.12;11.2;11.24;34541;28945300
13/01/2025;BBAS3;24.21;24.43;24.16;24.27;24.21;24659;9941700
13/01/2025;BGIP4;23.5;23.5;23.41;23.45;23.5;4;500
13/01/2025;BHIA3;2.75;2.77;2.68;2.71;2.7;1554;1722100
13/01/2025;BIED3;4.24;4.27;4.1;4.18;4.1;11;2000
13/01/2025;MYPK3;12.54;12.54;12.16;12.37;12.44;4644;702400
13/01/2025;GRND3;5.11;5.18;5.08;5.13;5.12;4044;1305000
13/01/2025;GSHP3;6.0;6.0;6.0;6.0;6.0;2;1100
13/01/2025;GUAR3;5.66;5.87;5.66;5.8;5.81;2581;682700
13/01/2025;BPAN4;6.35;6.42;6.25;6.32;6.3;2710;1151200
13/01/2025;BRAP3;14.98;15.0;14.74;14.79;14.75;415;123400
13/01/2025;BRAP4;15.75;15.81;15.48;15.58;15.53;6205;3301700
13/01/2025;CSUD3;15.58;15.69;15.3;15.47;15.3;472;66200
13/01/2025;CTKA4;21.11;21.11;21.11;21.11;21.11;2;200
13/01/2025;CURY3;17.96;18.69;17.9;18.45;18.55;15892;2732500
13/01/2025;CVCB3;1.66;1.67;1.6;1.63;1.64;4502;7360300
13/01/2025;ENJU3;1.02;1.05;1.02;1.03;1.02;466;447100
13/01/2025;ENMT3;73.01;80.0;73.0;76.97;80.0;7;700
13/01/2025;EPAR3;5.67;5.67;5.43;5.61;5.45;18;4200
13/01/2025;EQMA3B;24.0;24.0;24.0;24.0;24.0;1;100
13/01/2025;EQPA3;5.3;5.45;5.06;5.2;5.22;39;14600
13/01/2025;EQTL3;27.23;27.33;26.87;27.07;27.14;27521;6915600
13/01/2025;IFCM3;0.09;0.09;0.08;0.08;0.08;1799;2319000
13/01/2025;IGTI3;2.04;2.1;2.01;2.02;2.01;54;26300
13/01/2025;IGTI4;7.29;7.29;7.29;7.29;7.29;1;100
13/01/2025;INEP3;1.39;1.39;1.33;1.35;1.36;20;7400
13/01/2025;INEP4;1.28;1.34;1.27;1.3;1.29;557;308900
13/01/2025;INTB3;12.1;12.14;11.91;12.01;11.95;2420;716300
13/01/2025;ALOS3;17.43;17.52;17.16;17.24;17.17;11420;3378600
13/01/2025;BIOM3;9.32;9.32;9.1;9.24;9.26;134;40500
13/01/2025;BLAU3;12.66;12.87;12.43;12.7;12.76;1279;151000
13/01/2025;BMEB3;32.0;32.0;32.0;32.0;32.0;1;200
13/01/2025;BMEB4;36.84;38.32;36.72;37.33;37.8;163;21700
13/01/2025;BMGB4;3.73;3.76;3.7;3.73;3.7;615;364000
13/01/2025;BMOB3;13.24;13.38;12.98;13.16;13.12;1095;224100
13/01/2025;BOBR4;1.92;2.0;1.85;1.91;1.93;375;59000
13/01/2025;BRAV3;25.25;25.98;25.09;25.5;25.4;28212;12701900
13/01/2025;CXSE3;14.15;14.18;14.02;14.09;14.11;8592;2713200
13/01/2025;CYRE3;16.55;16.55;16.2;16.38;16.39;15442;5134900
13/01/2025;ESPA3;0.72;0.72;0.71;0.71;0.71;49;102300
13/01/2025;ETER3;5.0;5.0;4.87;4.93;4.89;326;79000
13/01/2025;EUCA3;14.56;14.56;14.56;14.56;14.56;1;100
13/01/2025;EUCA4;13.33;13.62;13.2;13.32;13.2;205;24500
13/01/2025;EVEN3;5.53;5.65;5.47;5.55;5.5;3441;722800
13/01/2025;EZTC3;10.7;10.73;10.53;10.62;10.6;6045;1449000
13/01/2025;FESA3;12.99;12.99;12.99;12.99;12.99;1;100
13/01/2025;FESA4;7.53;7.7;7.46;7.53;7.5;1701;395300
13/01/2025;FHER3;5.61;5.74;5.31;5.47;5.36;46;13100
13/01/2025;FICT3;3.13;3.13;2.86;2.96;2.92;76;20300
13/01/2025;FIQE3;3.45;3.45;3.35;3.37;3.36;782;317300
13/01/2025;FLRY3;11.82;11.9;11.54;11.65;11.55;13245;3618900
13/01/2025;IRBR3;46.08;48.36;45.74;47.4;48.2;10281;2708000
13/01/2025;KLBN3;4.7;4.73;4.67;4.7;4.7;655;205800
13/01/2025;KLBN4;4.34;4.36;4.3;4.33;4.33;1375;868800
13/01/2025;SEQL3;2.64;2.72;2.6;2.65;2.63;344;122700
13/01/2025;NUTR3;4.23;4.23;3.88;4.02;3.99;36;6000
13/01/2025;ATMP3;1.15;1.24;1.11;1.14;1.11;234;80200
13/01/2025;PMAM3;1.28;1.53;1.22;1.36;1.49;781;1141500
13/01/2025;OIBR3;1.52;1.52;1.42;1.46;1.44;1060;1746800
13/01/2025;OIBR4;8.61;8.61;8.6;8.6;8.6;3;300
13/01/2025;RSID3;2.85;2.85;2.61;2.7;2.79;415;60200
13/01/2025;RNEW3;0.95;0.97;0.9;0.9;0.9;108;177800
13/01/2025;RNEW4;0.92;0.93;0.89;0.91;0.93;152;223300
13/01/2025;RPMG3;2.77;2.77;2.7;2.74;2.75;13;2300
13/01/2025;AGXY3;0.46;0.46;0.44;0.44;0.44;205;151000
13/01/2025;AMER3;5.62;5.62;5.46;5.52;5.48;1860;1095200
13/01/2025;NEXP3;3.85;3.85;3.85;3.85;3.85;4;1000
13/01/2025;LIGT3;4.01;4.03;3.95;3.98;3.96;1010;239200
13/01/2025;JFEN3;2.61;2.7;2.53;2.6;2.53;59;23500
07/01/2025;ELET3;34.17;34.4;33.99;34.17;34.17;20441;4703200
07/01/2025;ELET6;37.73;38.09;37.67;37.82;37.73;6774;1149200
07/01/2025;GRND3;5.15;5.35;5.13;5.29;5.33;2706;1084700
07/01/2025;HAGA3;1.85;2.0;1.85;1.9;1.87;6;1600
07/01/2025;HAGA4;1.2;1.22;1.2;1.2;1.22;5;800
07/01/2025;HAPV3;2.2;2.38;2.17;2.32;2.38;35777;114445400
07/01/2025;DASA3;2.01;2.14;1.99;2.08;2.05;1943;1607200
07/01/2025;DESK3;10.57;10.83;10.4;10.56;10.5;605;136800
07/01/2025;DEXP3;8.2;8.32;8.14;8.26;8.2;314;57200
07/01/2025;DEXP4;8.25;8.35;8.22;8.23;8.24;9;3400
07/01/2025;DIRR3;25.6;26.2;25.45;25.75;25.58;8648;2166200
07/01/2025;FRIO3;302.1;308.49;299.0;301.41;300.21;18;1900
07/01/2025;CYRE3;16.94;17.08;16.71;16.86;16.85;14787;8100400
07/01/2025;DXCO3;5.88;6.03;5.87;5.96;6.03;6295;2467400
07/01/2025;BBSE3;36.59;36.69;36.19;36.46;36.53;22383;5943000
07/01/2025;CEAB3;7.93;8.23;7.87;8.05;8.06;12843;5991200
07/01/2025;CEBR3;15.81;15.97;15.81;15.89;15.9;5;600
07/01/2025;CEBR5;15.56;15.56;15.42;15.49;15.42;2;200
07/01/2025;CEBR6;17.55;17.6;17.38;17.51;17.6;18;3600
07/01/2025;CEDO4;22.0;22.0;22.0;22.0;22.0;1;100
07/01/2025;CGAS5;124.0;125.0;124.0;124.34;124.02;3;300
07/01/2025;CGRA3;26.49;27.0;26.49;26.91;27.0;39;6500
07/01/2025;MEAL3;0.98;1.0;0.97;0.98;0.98;202;398300
07/01/2025;MELK3;3.47;3.57;3.47;3.54;3.53;304;151500
07/01/2025;MGEL4;6.99;6.99;6.41;6.7;6.41;2;200
07/01/2025;MGLU3;6.72;6.81;6.54;6.67;6.6;20738;21863100
07/01/2025;AZZA3;30.58;31.64;30.55;31.32;31.32;16107;2623200
07/01/2025;EALT4;13.2;13.27;12.98;13.08;13.07;54;19600
07/01/2025;ECOR3;4.3;4.38;4.25;4.32;4.3;4925;3222100
07/01/2025;EGIE3;35.3;35.76;35.3;35.49;35.58;5167;792400
07/01/2025;GGPS3;14.62;15.0;14.43;14.84;14.88;6147;2192200
07/01/2025;MATD3;3.82;3.87;3.69;3.82;3.84;2798;451300
07/01/2025;MBLY3;1.45;1.47;1.43;1.44;1.46;150;99400
07/01/2025;MDIA3;20.14;20.62;20.05;20.39;20.37;2240;458700
07/01/2025;MDNE3;10.8;10.94;10.71;10.83;10.79;3794;1128400
07/01/2025;BAZA3;85.07;85.07;84.32;84.71;84.8;22;3300
07/01/2025;BEES3;8.34;8.34;8.25;8.27;8.29;48;10800
07/01/2025;BGIP4;23.75;24.0;23.75;23.92;24.0;4;500
07/01/2025;BHIA3;2.97;3.02;2.91;2.96;2.99;1464;1889400
07/01/2025;SLCE3;17.22;17.42;17.1;17.3;17.33;6314;2067000
07/01/2025;VLID3;25.0;25.1;23.4;23.97;23.4;3527;532200
07/01/2025;VSTE3;7.35;7.99;7.01;7.66;7.99;108;56500
07/01/2025;VTRU3;6.5;6.9;6.4;6.7;6.71;341;75200
07/01/2025;VULC3;15.8;16.27;15.78;16.13;16.17;4161;1041200
07/01/2025;VVEO3;2.21;2.26;2.0;2.09;2.0;2533;1776600
07/01/2025;SBFG3;11.26;11.87;11.13;11.67;11.85;7733;4166100
07/01/2025;SBSP3;88.74;89.24;88.18;88.78;89.24;17093;3064600
07/01/2025;VITT3;5.31;5.37;5.21;5.27;5.21;859;129700
07/01/2025;VIVA3;19.14;19.14;18.52;18.82;18.96;17994;3728800
07/01/2025;VIVR3;1.09;1.12;1.09;1.1;1.1;124;122300
07/01/2025;VIVT3;48.69;49.17;48.1;48.63;48.72;23513;4364100
07/01/2025;PORT3;16.88;16.88;16.64;16.69;16.69;1848;622200
07/01/2025;POSI3;5.24;5.35;5.2;5.28;5.21;2739;1155000
07/01/2025;PRIO3;41.33;42.14;41.11;41.66;41.63;21608;6776100
07/01/2025;RSUL4;55.0;55.0;55.0;55.0;55.0;2;600
07/01/2025;UCAS3;1.82;1.9;1.8;1.85;1.82;288;48400
07/01/2025;UGPA3;16.81;17.04;16.28;16.57;16.42;26204;9552900
07/01/2025;ODPV3;10.7;10.7;10.51;10.57;10.53;3176;636700
07/01/2025;OFSA3;16.89;16.89;16.89;16.89;16.89;4;500
07/01/2025;GEPA4;30.38;30.38;30.38;30.38;30.38;2;200
07/01/2025;GFSA3;1.21;1.26;1.21;1.24;1.25;1131;2742200
07/01/2025;GGBR3;16.51;16.79;16.22;16.47;16.32;102;17900
07/01/2025;GGBR4;18.14;18.57;17.85;18.1;17.94;23795;12132300
07/01/2025;ISAE3;31.5;31.75;31.23;31.48;31.5;18;2800
07/01/2025;ISAE4;23.29;23.46;23.18;23.33;23.38;11513;4228300
07/01/2025;ONCO3;2.33;2.37;2.07;2.18;2.13;7011;12830700
07/01/2025;OPCT3;5.46;5.49;5.33;5.39;5.33;1032;350800
07/01/2025;ORVR3;37.77;38.43;37.5;38.09;38.21;2973;532200
07/01/2025;PETZ3;4.28;4.39;4.14;4.28;4.3;14325;7724000
07/01/2025;RECV3;16.36;16.54;16.06;16.31;16.36;7057;1601900
07/01/2025;REDE3;6.21;6.35;6.15;6.21;6.35;15;4600
07/01/2025;RENT3;32.54;32.61;31.32;31.94;32.0;33151;11412100
07/01/2025;TASA3;8.66;8.98;8.66;8.75;8.68;80;12000
07/01/2025;TASA4;8.58;8.7;8.45;8.54;8.45;934;149500
07/01/2025;TCSA3;1.4;1.4;1.36;1.38;1.4;108;35900
07/01/2025;TECN3;5.56;5.6;5.46;5.57;5.46;857;440500
07/01/2025;TELB3;12.45;12.45;12.45;12.45;12.45;1;100
07/01/2025;TELB4;7.11;7.12;7.0;7.07;7.07;17;4500
07/01/2025;TEND3;12.74;12.88;12.46;12.67;12.65;7834;3436700
07/01/2025;TFCO4;8.88;8.93;8.74;8.8;8.8;1452;310900
07/01/2025;MYPK3;12.09;12.34;12.07;12.21;12.22;6272;1104800
07/01/2025;NEOE3;18.97;19.12;18.91;19.01;19.06;1805;621400
07/01/2025;NGRD3;21.04;22.38;20.7;21.39;20.81;165;34900
07/01/2025;NINJ3;5.0;5.0;4.92;4.99;5.0;7;6000
07/01/2025;NTCO3;12.74;13.19;12.67;12.99;13.07;23554;7415100
07/01/2025;RANI3;6.83;7.05;6.78;6.91;6.99;3184;1034500
07/01/2025;RAPT3;8.43;8.53;8.18;8.38;8.32;183;60000
07/01/2025;RAPT4;9.9;9.94;9.54;9.74;9.55;8846;2603900
07/01/2025;AALR3;7.66;8.0;7.4;7.73;7.9;59;12800
07/01/2025;ABCB4;19.34;19.61;19.34;19.51;19.5;3211;560200
07/01/2025;ABEV3;11.3;11.58;11.27;11.45;11.54;26616;34905200
07/01/2025;BBAS3;24.14;24.38;24.02;24.24;24.25;30698;15724400
07/01/2025;BIED3;4.21;4.77;4.12;4.58;4.77;33;13100
07/01/2025;BIOM3;10.0;10.13;9.2;9.7;9.8;280;71500
07/01/2025;BLAU3;13.06;13.39;12.93;13.15;12.93;1171;139300
07/01/2025;BMEB4;37.38;38.5;37.38;38.01;38.19;76;8700
07/01/2025;BMGB4;3.85;3.87;3.76;3.8;3.8;802;517900
07/01/2025;BRAV3;23.54;24.42;23.33;23.9;23.94;24318;11818800
07/01/2025;CPFE3;31.66;31.85;31.28;31.47;31.82;8597;2890600
07/01/2025;CPLE3;8.21;8.3;8.17;8.24;8.28;3223;5115600
07/01/2025;CPLE5;10.9;10.9;10.9;10.9;10.9;1;100
07/01/2025;CPLE6;9.14;9.19;9.07;9.13;9.15;18304;20318500
07/01/2025;CRFB3;5.88;6.16;5.85;6.04;6.15;21291;20090600
07/01/2025;HBOR3;1.4;1.44;1.39;1.41;1.4;593;896800
07/01/2025;HBRE3;3.08;3.12;3.03;3.06;3.05;163;148500
07/01/2025;HBSA3;2.82;2.86;2.77;2.82;2.86;5176;2578400
07/01/2025;SANB3;11.26;11.61;11.26;11.52;11.55;1007;190800
07/01/2025;SANB4;12.62;12.83;12.61;12.71;12.75;385;81700
07/01/2025;SAPR3;5.27;5.34;5.24;5.28;5.32;690;239700
07/01/2025;SAPR4;5.21;5.27;5.19;5.23;5.2;3950;2044400
07/01/2025;UNIP3;45.75;46.15;45.0;45.77;46.06;35;3700
07/01/2025;UNIP5;51.0;51.0;50.8;50.93;50.8;3;300
07/01/2025;UNIP6;46.6;46.79;45.63;46.2;45.63;806;110500
07/01/2025;USIM3;5.18;5.19;5.03;5.1;5.11;713;220600
07/01/2025;USIM5;5.1;5.15;5.02;5.08;5.08;10621;13075100
07/01/2025;VAMO3;4.8;4.85;4.69;4.77;4.75;8844;3939200
07/01/2025;VBBR3;17.84;18.22;17.71;18.0;18.02;17797;15294700
07/01/2025;PCAR3;2.82;2.86;2.75;2.81;2.82;6461;11056100
07/01/2025;PDGR3;0.01;0.01;0.01;0.01;0.01;315;7720000
07/01/2025;PDTC3;1.23;1.24;1.16;1.18;1.17;83;99900
07/01/2025;PETR3;40.38;41.43;40.1;41.06;41.12;26707;12535000
07/01/2025;PETR4;36.55;37.25;36.3;36.86;36.98;65276;37753300
07/01/2025;PFRM3;6.21;6.46;6.21;6.34;6.23;721;167500
07/01/2025;PGMN3;3.26;3.49;3.26;3.41;3.42;2555;1331100
07/01/2025;PINE3;4.4;4.45;4.3;4.39;4.44;30;5100
07/01/2025;PINE4;4.3;4.35;4.28;4.31;4.29;292;135400
07/01/2025;PLPL3;9.23;9.38;9.11;9.27;9.25;4832;1291000
07/01/2025;PNVL3;8.77;8.88;8.68;8.79;8.76;1365;180400
07/01/2025;POMO3;5.63;5.8;5.63;5.75;5.8;477;201400
07/01/2025;POMO4;7.54;7.76;7.51;7.64;7.69;25188;22357800
07/01/2025;ROMI3;8.6;8.78;8.52;8.61;8.78;793;181900
07/01/2025;TGMA3;28.7;29.12;28.45;28.66;28.45;825;127800
07/01/2025;TIMS3;14.65;14.84;14.64;14.77;14.81;15488;9328300
07/01/2025;TOTS3;27.77;27.77;26.94;27.32;27.01;11012;2913100
07/01/2025;TPIS3;5.66;6.0;5.42;5.76;5.52;196;101100
07/01/2025;TRAD3;6.67;6.74;6.25;6.46;6.45;552;149200
07/01/2025;TRIS3;4.48;4.51;4.38;4.44;4.51;1940;546000
07/01/2025;CAMB3;10.29;10.49;10.26;10.39;10.46;48;29800
07/01/2025;CAML3;5.84;5.86;5.76;5.81;5.77;1638;598400
07/01/2025;CASH3;2.7;2.93;2.7;2.86;2.83;2043;983800
07/01/2025;CBAV3;4.56;4.7;4.53;4.64;4.68;7778;4674600
07/01/2025;CCRO3;10.4;10.53;10.38;10.45;10.47;10953;8547300
07/01/2025;CSUD3;15.03;16.08;14.94;15.64;15.45;279;55400
07/01/2025;CTKA4;20.65;21.5;20.62;20.9;21.5;9;1600
07/01/2025;TTEN3;13.33;13.5;13.17;13.37;13.28;4224;825800
07/01/2025;TUPY3;21.65;22.04;21.58;21.84;21.83;1969;404000
07/01/2025;RCSL3;4.41;4.64;4.21;4.44;4.48;4298;2150200
07/01/2025;RCSL4;0.79;0.85;0.76;0.78;0.78;4580;9784400
07/01/2025;RDNI3;2.1;2.25;2.1;2.21;2.2;33;13900
07/01/2025;RDOR3;26.15;26.82;26.09;26.58;26.65;19066;4811700
07/01/2025;SYNE3;5.42;5.54;5.33;5.42;5.33;2166;686000
07/01/2025;TAEE3;10.89;11.21;10.89;11.02;11.05;481;86300
07/01/2025;TAEE4;11.0;11.34;10.99;11.1;11.19;650;174300
07/01/2025;ZAMP3;2.37;2.51;2.37;2.44;2.51;1963;783700
07/01/2025;FESA3;13.1;13.1;13.1;13.1;13.1;1;100
07/01/2025;FESA4;7.74;7.88;7.64;7.74;7.66;1645;360100
07/01/2025;FHER3;5.88;6.9;5.72;6.18;5.79;464;160700
07/01/2025;FICT3;3.0;3.19;2.86;3.01;3.19;124;50000
07/01/2025;FIQE3;3.41;3.5;3.38;3.43;3.38;867;330600
07/01/2025;SRNA3;5.76;5.92;5.72;5.86;5.87;6814;2255300
07/01/2025;STBP3;13.19;13.19;13.02;13.08;13.1;6456;9400100
07/01/2025;SUZB3;62.44;62.5;61.31;61.94;62.02;25574;5330800
07/01/2025;GMAT3;6.14;6.28;6.13;6.22;6.22;12914;6256100
07/01/2025;GOAU3;9.91;10.3;9.91;10.1;10.24;139;30200
07/01/2025;GOAU4;10.11;10.3;9.91;10.06;9.99;13799;11219000
07/01/2025;ITUB3;27.69;28.08;27.65;27.84;27.75;1911;432200
07/01/2025;ITUB4;31.32;31.86;31.24;31.56;31.5;48769;25264200
07/01/2025;CURY3;18.0;18.21;17.8;18.06;17.95;6946;2271900
07/01/2025;CVCB3;1.59;1.63;1.55;1.59;1.62;6528;17927100
07/01/2025;CXSE3;14.18;14.35;14.17;14.23;14.18;11155;3721100
07/01/2025;QUAL3;1.52;1.61;1.51;1.55;1.55;4440;5156200
07/01/2025;RADL3;22.0;22.11;21.1;21.46;21.35;16074;6906900
07/01/2025;SMFT3;17.51;18.17;17.46;17.93;17.89;9189;2718400
07/01/2025;SMTO3;24.2;24.85;23.92;24.42;24.85;6272;1519400
07/01/2025;WEGE3;52.8;53.65;52.44;53.22;53.52;29612;7466200
07/01/2025;MILS3;8.61;8.77;8.58;8.69;8.62;2952;705600
07/01/2025;MLAS3;1.16;1.22;1.15;1.18;1.19;2705;1733900
07/01/2025;MNDL3;16.09;16.1;16.01;16.04;16.01;15;3300
07/01/2025;MNPR3;21.06;22.05;21.06;21.92;22.05;20;2300
07/01/2025;MOVI3;3.78;3.87;3.68;3.75;3.71;6489;6534800
07/01/2025;MRFG3;16.41;16.8;16.1;16.47;16.8;18298;7908500
07/01/2025;PRNR3;13.27;13.57;13.17;13.39;13.39;1912;391500
07/01/2025;VALE3;52.63;52.89;51.94;52.32;52.05;46389;22070200
07/01/2025;WEST3;0.5;0.52;0.49;0.5;0.5;26;18700
07/01/2025;WHRL3;3.92;3.95;3.92;3.93;3.95;5;1200
07/01/2025;WHRL4;4.29;4.35;4.28;4.3;4.29;11;2400
07/01/2025;WIZC3;5.27;5.42;5.26;5.34;5.32;2192;589700
07/01/2025;WLMM4;30.01;30.5;30.01;30.35;30.5;4;400
07/01/2025;PSSA3;36.18;37.07;36.08;36.84;37.0;15302;2352700
07/01/2025;SCAR3;16.56;16.72;16.1;16.38;16.1;181;47100
07/01/2025;SEER3;4.56;4.56;4.36;4.46;4.37;2010;483700
07/01/2025;SHOW3;0.75;0.77;0.73;0.75;0.75;391;76900
07/01/2025;SHUL4;5.52;5.63;5.52;5.58;5.59;448;148200
07/01/2025;SIMH3;3.59;3.67;3.55;3.6;3.55;3551;2039200
07/01/2025;LOGG3;18.77;18.99;18.61;18.82;18.83;1401;164300
07/01/2025;LOGN3;20.1;21.5;20.09;21.14;21.5;584;169400
07/01/2025;LPSB3;1.51;1.57;1.46;1.52;1.5;128;147600
07/01/2025;LREN3;12.6;13.15;12.59;12.94;13.07;36072;26326600
07/01/2025;MTRE3;3.0;3.08;2.96;3.03;3.05;1675;898400
07/01/2025;MTSA4;39.04;40.6;38.48;38.87;38.78;28;3700
07/01/2025;MULT3;21.05;21.25;20.68;20.9;20.85;22536;5394900
07/01/2025;RAIL3;17.92;18.5;17.89;18.32;18.3;23130;9538800
07/01/2025;RAIZ4;2.17;2.23;2.15;2.17;2.15;8816;12729800
07/01/2025;SNSY3;10.95;10.95;10.95;10.95;10.95;1;100
07/01/2025;SNSY5;3.54;3.64;3.54;3.55;3.64;2;700
07/01/2025;SOJA3;10.19;10.3;10.0;10.14;10.09;1558;325600
07/01/2025;EZTC3;11.03;11.21;10.92;11.01;11.03;5406;2222400
07/01/2025;FLRY3;12.32;12.43;12.17;12.29;12.24;8759;2457200
07/01/2025;FRAS3;20.61;20.85;20.61;20.76;20.8;770;107400
07/01/2025;KRSA3;8.16;8.2;8.11;8.18;8.2;89;52000
07/01/2025;LAND3;13.72;13.94;13.71;13.8;13.71;80;9500
07/01/2025;LAVV3;7.15;7.29;7.15;7.23;7.2;1681;349900
07/01/2025;LEVE3;26.67;27.0;26.46;26.69;26.62;1355;283900
07/01/2025;LJQQ3;2.17;2.21;2.14;2.16;2.16;3271;2633400
07/01/2025;ITSA3;9.01;9.14;9.01;9.08;9.06;408;139300
07/01/2025;ITSA4;8.85;8.97;8.82;8.88;8.88;39348;41512400
07/01/2025;LUPA3;1.23;1.28;1.23;1.25;1.26;130;84500
07/01/2025;LVTC3;2.33;2.42;2.32;2.36;2.35;76;57300
07/01/2025;LWSA3;3.35;3.56;3.34;3.44;3.45;10760;9388100
07/01/2025;AZEV3;0.98;1.02;0.98;0.99;0.99;345;426300
07/01/2025;AZEV4;0.97;1.02;0.97;0.99;0.99;1100;2081200
07/01/2025;AZUL4;4.3;4.35;4.13;4.26;4.2;11805;21124500
07/01/2025;BRST3;2.44;2.58;2.44;2.5;2.57;717;381800
07/01/2025;EQPA3;5.39;5.44;5.38;5.4;5.44;12;1900
07/01/2025;EQTL3;27.24;27.73;27.21;27.51;27.67;28687;9599400
07/01/2025;AERI3;7.76;7.84;7.34;7.57;7.49;2836;1464000
07/01/2025;AFLT3;7.38;7.38;7.36;7.37;7.36;2;200
07/01/2025;AGRO3;22.88;23.08;22.62;22.76;22.69;927;130100
07/01/2025;ALLD3;6.96;7.05;6.93;6.99;7.05;131;35300
07/01/2025;ALOS3;18.14;18.41;17.98;18.15;18.14;18055;5884900
07/01/2025;BMOB3;13.5;13.74;13.5;13.6;13.57;749;175900
07/01/2025;BRFS3;23.86;24.12;23.49;23.76;23.72;20206;6581800
07/01/2025;CSED3;3.19;3.19;3.1;3.14;3.11;864;379600
07/01/2025;CSMG3;20.76;21.16;20.7;20.86;20.84;8058;2532600
07/01/2025;CSNA3;8.63;8.71;8.31;8.48;8.36;15438;8167500
07/01/2025;ENEV3;10.79;11.0;10.59;10.73;10.67;22940;13954100
07/01/2025;ENGI3;10.45;10.68;10.23;10.36;10.25;41;6800
07/01/2025;ENGI4;6.69;6.75;6.67;6.7;6.75;36;6600
07/01/2025;ENJU3;1.04;1.06;1.03;1.04;1.03;133;227000
07/01/2025;EPAR3;5.56;5.67;5.54;5.6;5.65;19;4100
07/01/2025;AURE3;8.43;8.49;8.31;8.35;8.36;13384;11778800
07/01/2025;AVLL3;2.75;2.75;2.75;2.75;2.75;2;400
07/01/2025;BRKM3;12.51;12.57;12.01;12.34;12.12;40;12200
07/01/2025;BRKM5;11.97;12.06;11.64;11.83;11.72;7152;2325400
07/01/2025;BRSR3;11.37;11.37;11.13;11.19;11.2;53;8100
07/01/2025;BRSR6;9.7;9.88;9.7;9.79;9.74;4475;1296000
07/01/2025;ESPA3;0.72;0.73;0.71;0.71;0.72;66;110500
07/01/2025;ETER3;5.22;5.3;5.06;5.22;5.07;457;136100
07/01/2025;EUCA4;12.92;13.5;12.49;13.05;13.5;391;81000
07/01/2025;EVEN3;5.65;5.69;5.59;5.63;5.61;2080;694400
07/01/2025;IFCM3;0.08;0.09;0.07;0.08;0.08;1011;5399900
07/01/2025;IGTI3;2.11;2.11;2.09;2.09;2.09;111;18700
07/01/2025;IGTI4;7.57;7.57;7.57;7.57;7.57;1;100
07/01/2025;YDUQ3;8.83;9.39;8.79;9.15;9.11;12047;5583900
07/01/2025;JHSF3;3.75;3.81;3.73;3.77;3.75;3517;1857700
07/01/2025;JSLG3;5.8;5.84;5.69;5.75;5.72;1346;212200
07/01/2025;BPAN4;6.24;6.34;6.19;6.28;6.34;2809;1315200
07/01/2025;BRAP3;15.32;15.37;15.07;15.17;15.07;340;80100
07/01/2025;BRAP4;16.11;16.17;15.83;15.96;15.91;7190;3012000
07/01/2025;COCE5;25.43;26.0;25.1;25.74;25.33;60;18200
07/01/2025;COGN3;1.15;1.19;1.13;1.15;1.16;11048;48933100
07/01/2025;EKTR4;49.0;49.0;49.0;49.0;49.0;2;200
07/01/2025;KEPL3;9.2;9.34;9.19;9.27;9.28;3296;844000
07/01/2025;KLBN3;4.65;4.81;4.65;4.75;4.8;1320;373200
07/01/2025;KLBN4;4.42;4.49;4.39;4.42;4.4;1699;1197900
07/01/2025;MRVE3;5.38;5.65;5.35;5.54;5.6;14831;11003300
07/01/2025;PTBL3;3.41;3.6;3.41;3.53;3.56;994;537300
07/01/2025;PTNT3;7.96;7.96;7.5;7.53;7.96;6;2400
07/01/2025;PTNT4;5.63;5.72;5.61;5.68;5.68;19;10200
07/01/2025;ARML3;5.38;5.62;5.38;5.52;5.54;2056;527700
07/01/2025;ASAI3;5.79;5.88;5.65;5.77;5.8;31107;22063000
07/01/2025;ATED3;1.43;1.52;1.37;1.46;1.5;36;13000
07/01/2025;INEP3;1.42;1.46;1.37;1.38;1.37;46;33300
20/01/2025;GOLL4;1.7;1.74;1.66;1.69;1.7;2911;8399500
13/01/2025;GOLL4;1.56;1.61;1.55;1.57;1.57;2046;3230200
07/01/2025;INEP4;1.37;1.37;1.29;1.32;1.34;83;29200
07/01/2025;INTB3;12.53;12.71;12.43;12.54;12.5;5161;1180000
07/01/2025;IRBR3;43.48;44.9;43.46;44.22;44.64;4806;1310300
07/01/2025;ALPA3;5.91;6.44;5.91;6.28;6.41;32;8700
07/01/2025;ALPA4;6.8;6.81;6.56;6.66;6.69;10214;4322100
07/01/2025;ALPK3;2.31;2.48;2.31;2.39;2.47;332;149800
07/01/2025;ALUP3;9.12;9.22;8.95;9.09;9.14;46;5500
07/01/2025;ALUP4;8.78;9.06;8.78;8.93;9.06;60;8200
07/01/2025;AMAR3;1.04;1.13;1.04;1.08;1.1;544;358900
07/01/2025;AMBP3;116.41;117.66;109.83;112.68;112.39;550;93500
07/01/2025;AMOB3;0.32;0.35;0.32;0.33;0.35;8848;31899200
07/01/2025;ANIM3;1.62;1.71;1.6;1.65;1.6;6400;11744500
07/01/2025;BBDC3;10.58;10.69;10.52;10.61;10.6;8830;8738700
07/01/2025;BBDC4;11.53;11.7;11.46;11.6;11.58;30081;31934700
07/01/2025;BOBR4;1.88;2.06;1.82;1.94;1.93;407;107400
07/01/2025;CRPG5;19.98;19.98;19.94;19.96;19.98;5;2500
07/01/2025;CRPG6;20.01;20.99;20.01;20.49;20.99;3;300
07/01/2025;CSAN3;8.41;8.52;8.3;8.41;8.38;24107;16953500
07/01/2025;ELMD3;28.28;28.81;28.28;28.5;28.69;1306;3809800
07/01/2025;EMAE4;39.6;40.0;39.19;39.46;39.19;10;1300
07/01/2025;EMBR3;57.22;58.22;56.92;57.88;58.05;25651;6228800
07/01/2025;HYPE3;18.31;18.76;17.97;18.21;18.01;16500;4487100
07/01/2025;JALL3;4.65;4.75;4.4;4.56;4.55;3067;1567800
07/01/2025;JBSS3;36.44;36.93;35.8;36.28;35.83;30253;8887500
07/01/2025;GUAR3;6.0;6.09;5.86;5.96;5.9;5584;1561900
07/01/2025;CGRA4;26.51;27.39;26.51;26.86;27.39;200;29600
07/01/2025;CLSA3;9.85;9.85;9.8;9.83;9.85;1666;1005700
07/01/2025;CLSC4;77.51;78.28;77.51;77.97;78.28;4;400
07/01/2025;CMIG3;14.49;14.7;14.47;14.6;14.61;612;95300
07/01/2025;CMIG4;10.95;11.14;10.85;11.05;11.11;39978;12298800
07/01/2025;B3SA3;10.42;10.56;10.28;10.39;10.31;41809;60452900
07/01/2025;BEEF3;4.97;5.02;4.81;4.89;4.94;8939;9212600
07/01/2025;BPAC3;14.26;14.26;13.98;14.09;13.98;15;2400
07/01/2025;BPAC5;7.11;7.2;7.11;7.15;7.11;10;2700
07/01/2025;CMIN3;5.05;5.09;4.74;4.87;4.78;18461;12436900
07/01/2025;DMVF3;5.46;6.13;5.44;5.68;5.7;541;113600
07/01/2025;DOHL4;3.89;4.0;3.88;3.96;3.89;15;3500
07/01/2025;DOTZ3;3.03;3.14;3.01;3.07;3.01;50;14800
07/01/2025;NUTR3;4.06;4.06;3.87;3.99;3.99;23;2300
07/01/2025;SEQL3;2.7;2.81;2.67;2.72;2.79;481;294400
07/01/2025;RSID3;2.82;2.94;2.81;2.87;2.94;178;29400
07/01/2025;OIBR3;1.38;1.38;1.35;1.36;1.36;613;755400
07/01/2025;OIBR4;8.55;8.97;8.55;8.69;8.84;27;8500
07/01/2025;NEXP3;3.74;3.74;3.74;3.74;3.74;1;100
07/01/2025;PMAM3;1.01;1.05;1.0;1.02;1.0;216;171100
07/01/2025;RNEW3;0.95;1.0;0.93;0.96;0.98;93;69300
07/01/2025;RNEW4;0.93;0.99;0.91;0.94;0.97;164;185000
07/01/2025;RPMG3;2.71;2.84;2.71;2.8;2.75;8;1100
07/01/2025;LIGT3;4.03;4.09;4.0;4.04;4.0;816;267900
07/01/2025;AGXY3;0.47;0.48;0.45;0.45;0.46;392;263300
07/01/2025;JFEN3;2.75;2.75;2.63;2.68;2.68;214;91400
07/01/2025;ATMP3;1.24;1.26;1.17;1.22;1.26;11;2900
07/01/2025;AMER3;5.92;5.93;5.71;5.81;5.71;4647;2739300
14/01/2025;TOTS3;26.73;27.83;26.56;27.42;27.57;17873;3678600
14/01/2025;KRSA3;8.17;8.22;8.17;8.18;8.2;255;49700
14/01/2025;LAND3;12.63;13.19;12.6;12.91;12.7;129;15600
14/01/2025;LAVV3;7.12;7.25;7.12;7.16;7.17;1922;745600
14/01/2025;LEVE3;26.74;26.78;26.4;26.51;26.5;928;145400
14/01/2025;LJQQ3;2.04;2.04;1.97;1.99;2.03;4272;2300000
14/01/2025;LOGG3;18.12;18.44;18.03;18.28;18.3;979;156000
14/01/2025;LOGN3;19.85;20.25;19.68;19.95;20.02;390;52300
14/01/2025;LPSB3;1.44;1.44;1.35;1.37;1.35;107;45900
14/01/2025;LREN3;12.86;12.92;12.46;12.59;12.61;34447;18228700
14/01/2025;SANB3;11.41;11.43;11.27;11.33;11.34;562;88800
14/01/2025;SANB4;12.66;12.75;12.48;12.61;12.66;621;123700
14/01/2025;MTRE3;2.93;2.96;2.88;2.91;2.88;1415;509800
14/01/2025;MTSA4;36.9;37.49;36.68;36.89;37.29;21;7400
14/01/2025;MULT3;19.98;20.6;19.94;20.37;20.48;19709;5278700
14/01/2025;YDUQ3;8.61;8.74;8.36;8.51;8.48;9304;3658600
14/01/2025;MILS3;8.22;8.26;8.11;8.17;8.22;1760;392100
14/01/2025;MLAS3;1.11;1.13;1.07;1.09;1.09;1624;1609900
14/01/2025;MNDL3;16.35;16.5;16.35;16.41;16.5;5;1100
14/01/2025;MNPR3;24.74;24.89;24.0;24.11;24.0;10;1400
14/01/2025;MOVI3;3.36;3.54;3.3;3.43;3.54;4915;4300600
14/01/2025;QUAL3;1.49;1.55;1.48;1.51;1.49;2700;3515500
14/01/2025;RADL3;20.83;21.05;20.36;20.81;21.04;26586;11215800
14/01/2025;SYNE3;5.0;5.03;4.92;4.97;4.95;1238;410400
14/01/2025;PRIO3;42.41;42.58;42.09;42.27;42.2;23091;10267700
14/01/2025;TAEE3;10.73;10.8;10.65;10.71;10.73;412;77900
14/01/2025;TAEE4;10.82;10.97;10.77;10.85;10.97;637;144500
14/01/2025;SCAR3;16.29;16.35;15.85;16.02;16.04;62;9600
14/01/2025;SEER3;4.08;4.16;4.0;4.05;4.03;1559;462700
14/01/2025;SHOW3;0.76;0.76;0.73;0.74;0.76;163;35000
14/01/2025;SHUL4;5.62;5.62;5.51;5.55;5.59;327;119600
14/01/2025;SIMH3;3.28;3.34;3.21;3.27;3.32;4776;3612500
14/01/2025;SLCE3;17.38;17.7;17.29;17.56;17.69;7886;1608200
14/01/2025;VALE3;51.95;52.43;51.63;51.99;51.85;37129;21359000
14/01/2025;WEST3;0.5;0.51;0.49;0.5;0.51;29;26600
14/01/2025;PDGR3;0.01;0.01;0.01;0.01;0.01;147;627800
14/01/2025;PDTC3;1.15;1.15;1.1;1.12;1.11;55;57900
14/01/2025;PETR3;40.88;41.16;40.52;40.95;41.12;11814;5705900
14/01/2025;PETR4;37.11;37.13;36.58;36.84;36.82;39056;29173100
14/01/2025;PFRM3;6.1;6.19;5.96;6.05;5.99;455;155600
14/01/2025;PGMN3;3.36;3.46;3.33;3.41;3.4;3121;1500400
14/01/2025;PINE3;4.14;4.29;4.14;4.19;4.2;5;500
14/01/2025;PINE4;4.36;4.36;4.27;4.31;4.27;121;36300
14/01/2025;PLPL3;8.73;8.91;8.68;8.78;8.68;2223;499300
14/01/2025;PNVL3;8.52;8.63;8.47;8.52;8.52;742;101800
14/01/2025;WEGE3;53.3;53.59;52.57;52.91;52.93;23303;5413100
14/01/2025;ODPV3;10.53;10.8;10.53;10.7;10.78;4677;1007800
14/01/2025;OFSA3;16.32;16.35;16.32;16.34;16.35;5;700
14/01/2025;ONCO3;2.08;2.13;2.05;2.07;2.06;2562;4602000
14/01/2025;OPCT3;4.9;4.95;4.85;4.89;4.9;3664;613800
14/01/2025;ORVR3;37.0;37.0;36.15;36.45;36.22;1717;484900
14/01/2025;RCSL3;4.68;4.92;4.6;4.76;4.85;5943;2754600
14/01/2025;RCSL4;0.73;0.75;0.69;0.71;0.72;1526;3898900
14/01/2025;RDNI3;2.21;2.26;2.21;2.23;2.26;7;900
14/01/2025;RDOR3;25.91;26.27;25.64;26.05;26.17;26204;4867600
14/01/2025;REAG3;4.97;5.09;4.97;5.06;5.08;36;5300
14/01/2025;ZAMP3;2.74;2.82;2.53;2.63;2.62;2478;896500
14/01/2025;MRFG3;16.8;16.87;16.33;16.55;16.51;21588;13144900
14/01/2025;EGIE3;34.82;34.9;34.39;34.65;34.69;10359;1805000
14/01/2025;ITSA3;8.95;8.95;8.85;8.9;8.88;311;57100
14/01/2025;ITSA4;8.72;8.76;8.62;8.69;8.7;17468;20935900
14/01/2025;JSLG3;5.18;5.35;5.18;5.26;5.33;1748;310600
14/01/2025;KEPL3;9.21;9.3;9.12;9.2;9.22;2371;602600
14/01/2025;KLBN3;4.75;4.75;4.61;4.67;4.63;636;239100
14/01/2025;KLBN4;4.33;4.35;4.25;4.29;4.25;1204;826800
14/01/2025;MRVE3;5.56;5.58;5.19;5.32;5.2;16335;19613400
14/01/2025;PRNR3;13.13;13.31;12.95;13.13;13.31;906;176600
14/01/2025;PSSA3;36.58;36.73;36.34;36.55;36.59;6464;1130200
14/01/2025;BRKM3;11.69;11.75;11.4;11.53;11.7;28;4200
14/01/2025;BRKM5;11.31;11.63;11.14;11.44;11.63;5754;1890800
14/01/2025;BRKM6;6.99;7.0;6.99;6.99;7.0;3;1900
14/01/2025;CSAN3;8.21;8.28;8.06;8.16;8.23;17999;15181400
14/01/2025;ELMD3;28.79;29.1;28.65;28.95;29.09;483;227300
14/01/2025;EMAE4;39.42;39.42;37.51;37.95;37.83;30;3600
14/01/2025;EMBR3;56.55;57.37;55.81;56.51;56.9;20212;4950100
14/01/2025;EUCA3;15.19;15.2;15.19;15.19;15.2;3;300
14/01/2025;EUCA4;13.2;13.37;13.11;13.19;13.37;108;15200
14/01/2025;EVEN3;5.53;5.58;5.48;5.53;5.58;3860;948100
14/01/2025;EZTC3;10.63;10.89;10.57;10.76;10.87;5100;1636300
14/01/2025;FESA4;7.5;7.57;7.46;7.51;7.5;680;174300
14/01/2025;FHER3;5.49;5.68;5.14;5.46;5.3;65;13200
14/01/2025;FICT3;2.94;3.22;2.94;3.1;3.17;274;40700
14/01/2025;FIQE3;3.36;3.4;3.35;3.37;3.37;461;220700
14/01/2025;FLRY3;11.55;11.7;11.49;11.6;11.63;9390;2026400
14/01/2025;INEP3;1.4;1.47;1.33;1.4;1.34;174;116900
14/01/2025;INEP4;1.31;1.4;1.28;1.33;1.33;303;252100
14/01/2025;INTB3;12.0;12.26;11.88;12.06;12.1;4839;1492500
14/01/2025;IRBR3;48.25;48.74;46.7;47.39;47.12;8740;2637400
14/01/2025;BEEF3;4.81;4.88;4.74;4.79;4.81;7980;8419500
14/01/2025;BPAC3;14.24;14.95;14.07;14.61;14.7;61;11200
14/01/2025;BPAC5;7.2;7.27;7.07;7.17;7.07;9;1200
14/01/2025;CCRO3;10.19;10.2;9.98;10.08;10.07;13513;9190600
14/01/2025;CEAB3;7.97;8.13;7.83;7.99;7.99;12706;6717200
14/01/2025;CEBR3;15.85;15.85;15.7;15.79;15.85;13;1300
14/01/2025;CEBR5;15.44;15.48;15.44;15.47;15.48;6;700
14/01/2025;CEBR6;17.0;17.0;16.78;16.86;16.9;14;1700
14/01/2025;CEED3;13.98;13.98;13.98;13.98;13.98;1;100
14/01/2025;CGAS5;124.0;124.0;121.42;122.38;121.6;4;400
14/01/2025;CGRA3;27.3;27.55;27.3;27.46;27.55;149;25000
14/01/2025;CGRA4;27.01;27.79;27.01;27.48;27.51;69;9500
14/01/2025;CLSA3;9.96;10.07;9.93;9.97;10.02;1939;1774700
14/01/2025;CLSC4;79.12;79.77;78.93;79.22;79.0;18;1900
14/01/2025;CMIG3;14.2;14.35;14.18;14.29;14.3;1178;214700
14/01/2025;CMIG4;10.49;10.54;10.38;10.46;10.43;19897;12434600
14/01/2025;CSUD3;15.42;16.11;15.34;15.73;15.78;215;36500
14/01/2025;CTKA4;21.02;21.73;20.82;21.4;20.82;10;7000
14/01/2025;CURY3;18.61;19.23;18.61;19.02;19.22;11105;2680000
14/01/2025;CVCB3;1.63;1.66;1.61;1.63;1.65;4421;9465900
14/01/2025;CXSE3;14.1;14.3;13.99;14.13;14.18;8780;3521900
14/01/2025;EQPA3;5.25;5.32;5.22;5.26;5.31;14;2200
14/01/2025;BLAU3;12.69;12.79;12.37;12.52;12.4;797;131800
14/01/2025;DESK3;9.93;10.07;9.89;9.98;10.05;366;57000
14/01/2025;DEXP3;8.34;8.43;8.2;8.35;8.35;390;56800
14/01/2025;DEXP4;8.26;8.35;8.26;8.33;8.32;7;1100
14/01/2025;DIRR3;24.18;24.81;24.1;24.6;24.51;9657;1986300
14/01/2025;DMVF3;5.55;5.55;5.39;5.45;5.44;189;28600
14/01/2025;DOHL4;3.89;3.89;3.89;3.89;3.89;1;100
14/01/2025;DOTZ3;3.07;3.29;3.07;3.18;3.13;39;16400
14/01/2025;DXCO3;5.9;5.97;5.81;5.87;5.89;4962;3089800
14/01/2025;BIOM3;9.21;9.25;9.0;9.15;9.2;166;52200
14/01/2025;BMEB4;37.83;37.88;36.75;37.15;37.05;103;18200
14/01/2025;BMGB4;3.72;3.73;3.66;3.69;3.66;658;356400
14/01/2025;BRAV3;25.4;25.87;24.9;25.32;25.09;21159;10094800
14/01/2025;ALOS3;17.22;17.69;17.2;17.53;17.57;11409;6447800
14/01/2025;BIED3;4.3;4.3;4.0;4.05;4.0;14;3600
14/01/2025;COCE5;24.85;25.01;24.11;24.39;24.28;83;18300
14/01/2025;COGN3;1.15;1.16;1.12;1.13;1.15;7006;19510800
14/01/2025;DASA3;1.84;1.88;1.81;1.83;1.81;1010;505400
14/01/2025;SAPR3;5.04;5.1;5.0;5.03;5.1;725;191300
14/01/2025;SAPR4;5.08;5.09;5.01;5.05;5.09;2522;1412800
14/01/2025;SMFT3;17.35;17.84;17.17;17.64;17.7;9050;1698200
14/01/2025;SMTO3;24.18;24.38;23.94;24.18;24.22;4756;812500
14/01/2025;WHRL3;3.83;3.9;3.76;3.81;3.8;11;1700
14/01/2025;WHRL4;4.24;4.35;4.17;4.28;4.34;13;11000
14/01/2025;WIZC3;5.19;5.28;5.14;5.2;5.24;1085;303400
14/01/2025;WLMM4;29.01;29.5;29.01;29.3;29.5;5;500
14/01/2025;HBSA3;2.71;3.06;2.68;2.91;3.0;4663;3913400
14/01/2025;HYPE3;17.87;18.26;17.82;18.06;18.07;12847;4147200
14/01/2025;AZEV3;0.93;0.93;0.9;0.91;0.93;226;238800
14/01/2025;AZEV4;0.92;0.93;0.88;0.9;0.92;1151;2752400
14/01/2025;AZUL4;4.12;4.17;4.07;4.12;4.16;6145;8970200
14/01/2025;GMAT3;5.89;5.96;5.85;5.92;5.95;9996;3423400
14/01/2025;GOAU3;9.69;9.69;9.49;9.56;9.59;150;44200
14/01/2025;GOAU4;9.49;9.6;9.4;9.45;9.48;10141;7428000
14/01/2025;ITUB3;27.3;27.47;27.05;27.31;27.36;1548;347700
14/01/2025;ITUB4;30.93;30.95;30.42;30.79;30.88;28088;20237000
14/01/2025;ALPA3;5.81;6.2;5.81;5.98;5.91;39;12900
14/01/2025;ALPA4;6.16;6.25;6.07;6.12;6.09;5594;2075300
14/01/2025;ALPK3;2.37;2.45;2.34;2.41;2.45;158;50600
14/01/2025;ALUP3;9.14;9.42;9.13;9.33;9.37;46;4600
14/01/2025;ALUP4;8.89;9.16;8.89;9.06;9.06;198;24900
14/01/2025;HAGA3;2.23;2.27;2.0;2.13;2.2;9;1000
14/01/2025;HAGA4;1.17;1.19;1.16;1.16;1.19;7;7500
14/01/2025;HAPV3;2.17;2.2;2.14;2.17;2.2;30227;45358300
14/01/2025;ARML3;4.67;4.77;4.52;4.68;4.75;4717;1489700
14/01/2025;AMAR3;1.05;1.07;1.03;1.05;1.06;283;52600
14/01/2025;AMBP3;123.77;124.68;116.5;121.03;122.99;720;106100
14/01/2025;AMOB3;0.34;0.35;0.33;0.33;0.34;4005;13360100
14/01/2025;ANIM3;1.58;1.6;1.52;1.55;1.56;6118;5980200
14/01/2025;BMOB3;13.14;13.31;13.12;13.21;13.24;701;89100
14/01/2025;BOBR4;1.95;1.97;1.81;1.88;1.87;195;62100
14/01/2025;CPFE3;31.96;32.42;31.74;32.19;32.37;7768;1379000
14/01/2025;VSTE3;6.86;6.86;6.71;6.83;6.73;6;1200
14/01/2025;VTRU3;6.1;6.15;5.71;5.89;5.71;381;74300
14/01/2025;VULC3;16.14;16.21;15.95;16.06;16.1;1426;433600
14/01/2025;VVEO3;1.89;1.93;1.83;1.85;1.83;2378;1819800
14/01/2025;PTBL3;3.38;3.4;3.29;3.32;3.29;678;358600
14/01/2025;PTNT3;7.89;7.89;7.6;7.74;7.6;2;200
14/01/2025;PTNT4;5.68;5.68;5.62;5.66;5.68;10;4300
14/01/2025;SNSY5;3.8;3.97;3.64;3.82;3.8;26;5300
14/01/2025;SOJA3;10.58;10.66;10.33;10.52;10.65;1835;283300
14/01/2025;SRNA3;5.77;5.77;5.56;5.63;5.65;6701;1428800
14/01/2025;STBP3;13.13;13.14;13.01;13.05;13.02;4674;6916200
14/01/2025;SUZB3;62.09;62.44;60.82;61.35;60.93;18388;4942700
14/01/2025;CRFB3;5.28;5.33;5.11;5.2;5.33;12624;20622500
14/01/2025;CRPG5;19.53;19.6;19.51;19.53;19.51;7;700
14/01/2025;ELET3;33.9;34.15;33.7;33.98;34.1;18350;15795700
14/01/2025;ELET6;37.4;37.72;37.26;37.54;37.6;3551;648100
14/01/2025;GGPS3;13.9;14.08;13.77;13.93;13.94;5161;1599900
14/01/2025;GRND3;5.12;5.35;5.12;5.28;5.35;1835;803400
14/01/2025;GUAR3;5.88;5.98;5.71;5.8;5.74;3603;844400
14/01/2025;ASAI3;5.53;5.56;5.29;5.38;5.4;25783;30338700
14/01/2025;ATED3;1.39;1.45;1.36;1.41;1.45;38;11000
14/01/2025;AURE3;7.77;7.85;7.71;7.78;7.8;8429;6660700
14/01/2025;BBDC3;10.33;10.58;10.2;10.43;10.55;7284;10812700
14/01/2025;BBDC4;11.23;11.49;11.06;11.3;11.43;33431;43570500
29/01/2025;MGEL4;7.2;7.2;7.2;7.2;7.2;5;3000
29/01/2025;MGLU3;6.83;6.86;6.46;6.59;6.59;13601;20659600
29/01/2025;PRIO3;41.52;41.59;40.34;40.9;40.42;26948;6869300
29/01/2025;AERI3;6.37;6.56;6.21;6.38;6.35;904;421300
29/01/2025;CXSE3;14.9;14.98;14.55;14.67;14.55;10424;2268800
29/01/2025;ELMD3;29.5;29.56;29.36;29.44;29.5;775;586900
29/01/2025;EMBR3;59.83;59.94;58.9;59.25;59.19;17755;4029000
29/01/2025;IFCM3;0.08;0.09;0.07;0.07;0.07;713;9393800
29/01/2025;IGTI3;2.16;2.2;2.11;2.15;2.16;100;16800
29/01/2025;INEP3;1.41;1.44;1.41;1.42;1.44;8;5900
29/01/2025;INEP4;1.42;1.42;1.39;1.39;1.39;18;9100
29/01/2025;SANB3;11.86;11.92;11.76;11.84;11.84;184;25700
29/01/2025;SANB4;13.2;13.26;13.11;13.14;13.15;220;41900
29/01/2025;WLMM4;29.19;29.19;29.19;29.19;29.19;4;400
29/01/2025;YDUQ3;9.38;9.51;9.27;9.41;9.43;6586;2360800
29/01/2025;ZAMP3;3.06;3.09;2.97;3.01;2.98;2678;533400
29/01/2025;WEST3;4.53;4.56;4.53;4.54;4.55;6;1200
29/01/2025;BHIA3;3.48;3.6;3.33;3.44;3.45;2108;3333500
29/01/2025;BIED3;4.0;4.02;4.0;4.0;4.0;5;1500
29/01/2025;WHRL3;3.88;3.88;3.81;3.83;3.81;4;500
29/01/2025;WHRL4;4.12;4.22;4.12;4.17;4.22;9;1800
29/01/2025;WIZC3;6.04;6.04;5.9;5.96;5.92;1476;353400
29/01/2025;PFRM3;6.16;6.16;5.97;6.05;6.13;788;200000
29/01/2025;PGMN3;3.0;3.11;2.99;3.06;3.09;2009;997200
29/01/2025;BRAV3;22.48;22.5;21.89;22.15;21.89;14763;5502100
29/01/2025;CSED3;3.3;3.32;3.22;3.27;3.3;968;507900
29/01/2025;CSMG3;22.21;22.22;21.97;22.12;22.1;4923;959300
29/01/2025;CSNA3;8.8;8.87;8.65;8.77;8.8;11064;7421000
29/01/2025;DMVF3;5.74;5.82;5.53;5.59;5.56;328;49900
29/01/2025;PINE3;4.63;4.7;4.5;4.6;4.7;17;5300
29/01/2025;PINE4;4.53;4.53;4.44;4.46;4.44;195;73500
29/01/2025;PLPL3;9.43;9.53;9.23;9.39;9.49;3231;1045500
29/01/2025;TPIS3;4.91;4.96;4.76;4.9;4.88;54;19800
29/01/2025;TRAD3;5.87;5.99;5.8;5.87;5.97;114;21300
29/01/2025;DOTZ3;3.27;3.39;3.27;3.33;3.31;23;6100
29/01/2025;DXCO3;5.95;5.97;5.87;5.93;5.96;2669;1391800
29/01/2025;TRIS3;5.3;5.34;5.26;5.29;5.31;693;326400
29/01/2025;TTEN3;15.55;16.02;15.42;15.77;15.86;5910;1106400
29/01/2025;TUPY3;21.34;21.47;21.15;21.31;21.28;2938;457200
29/01/2025;HAPV3;2.34;2.37;2.28;2.31;2.29;18174;51724500
29/01/2025;HBOR3;1.52;1.52;1.48;1.49;1.48;271;488500
29/01/2025;HBRE3;3.04;3.09;3.01;3.04;3.02;420;249300
29/01/2025;HBSA3;2.69;2.75;2.69;2.72;2.72;3329;1436100
29/01/2025;UCAS3;1.54;1.6;1.53;1.55;1.53;162;151100
29/01/2025;UGPA3;16.52;16.74;16.33;16.56;16.5;26702;5618700
29/01/2025;UNIP3;48.15;48.95;47.94;48.1;48.05;35;3900
29/01/2025;UNIP5;49.16;49.16;49.11;49.14;49.11;3;300
29/01/2025;UNIP6;48.48;48.59;48.02;48.3;48.38;717;85900
29/01/2025;PCAR3;2.74;2.75;2.67;2.71;2.7;3455;6827100
29/01/2025;PDGR3;0.01;0.01;0.01;0.01;0.01;441;6320200
29/01/2025;PDTC3;1.25;1.38;1.18;1.3;1.35;443;156500
29/01/2025;PETR3;41.05;41.18;40.46;40.61;40.57;17064;5538800
29/01/2025;PETR4;37.2;37.33;36.76;36.93;36.9;39189;18204400
29/01/2025;RANI3;7.07;7.13;6.99;7.05;7.05;2199;872200
29/01/2025;RAPT3;7.89;7.89;7.77;7.84;7.77;48;10900
29/01/2025;RAPT4;8.96;8.99;8.84;8.9;8.9;5701;1419700
29/01/2025;RCSL3;4.41;4.45;3.8;4.03;3.95;6312;4303100
29/01/2025;RCSL4;0.7;0.71;0.67;0.68;0.69;1669;2396700
29/01/2025;RDNI3;2.33;2.36;2.11;2.18;2.12;39;13100
29/01/2025;RDOR3;27.96;27.96;27.04;27.26;27.19;21026;5230700
29/01/2025;SYNE3;4.88;5.04;4.84;4.96;4.98;2972;1446900
29/01/2025;TAEE3;10.84;10.86;10.76;10.81;10.76;701;119200
29/01/2025;TAEE4;11.0;11.0;10.81;10.92;10.81;997;225900
29/01/2025;VAMO3;4.82;4.83;4.69;4.76;4.72;5044;2767200
29/01/2025;VBBR3;17.78;17.78;17.25;17.36;17.31;38400;11386000
29/01/2025;RAIL3;17.67;17.91;17.63;17.79;17.91;21370;12549700
29/01/2025;RAIZ4;1.98;1.98;1.91;1.93;1.93;10432;13931500
29/01/2025;SMFT3;19.15;19.24;18.95;19.08;18.95;5283;2501200
29/01/2025;SMTO3;22.86;23.16;22.48;22.73;22.48;3720;758200
29/01/2025;SNSY5;3.77;3.99;3.77;3.89;3.99;16;3100
29/01/2025;SOJA3;10.45;10.63;10.37;10.49;10.42;1784;421700
29/01/2025;SRNA3;6.09;6.17;6.0;6.1;6.1;2851;989100
29/01/2025;STBP3;13.18;13.2;13.16;13.17;13.18;4582;2679700
29/01/2025;SUZB3;63.07;63.32;62.11;62.43;62.2;15111;4256300
29/01/2025;PRNR3;15.1;15.99;14.87;15.6;15.94;2898;811700
29/01/2025;PSSA3;38.5;39.1;38.37;38.79;38.86;10601;1931800
29/01/2025;PTBL3;3.54;3.59;3.5;3.54;3.56;606;214400
29/01/2025;PTNT3;8.31;9.75;8.31;9.1;9.75;9;900
29/01/2025;PTNT4;6.42;6.5;6.4;6.47;6.5;11;3000
29/01/2025;AALR3;10.96;11.55;10.86;11.26;11.35;62;15700
29/01/2025;ABCB4;19.85;19.91;19.71;19.8;19.81;1336;241700
29/01/2025;ABEV3;11.18;11.2;10.91;10.99;10.97;28425;26199700
29/01/2025;BBDC3;10.71;10.75;10.55;10.62;10.58;10124;6932400
29/01/2025;BBDC4;11.73;11.73;11.47;11.61;11.51;23724;33371500
29/01/2025;BRKM3;14.41;14.41;13.87;14.14;13.87;84;20100
29/01/2025;BRKM5;14.63;14.72;14.08;14.29;14.21;9454;2970400
29/01/2025;CSUD3;15.94;15.95;15.66;15.85;15.9;186;35000
29/01/2025;CURY3;20.7;21.15;20.54;20.94;20.95;6081;1412600
29/01/2025;CVCB3;1.78;1.8;1.71;1.75;1.8;7562;19931500
29/01/2025;NGRD3;21.35;21.69;21.04;21.26;21.35;98;13800
29/01/2025;NTCO3;12.15;12.35;12.1;12.2;12.15;13282;6965300
29/01/2025;BALM4;10.75;10.75;10.75;10.75;10.75;6;2500
29/01/2025;BAZA3;87.61;89.0;87.61;88.65;89.0;11;1400
29/01/2025;BBAS3;27.6;27.75;27.35;27.47;27.44;31458;11592900
29/01/2025;BEEF3;4.86;4.91;4.74;4.82;4.81;5902;4378600
29/01/2025;BEES3;8.19;8.25;8.16;8.18;8.17;61;14300
29/01/2025;EALT4;13.61;13.88;13.61;13.78;13.82;7;700
29/01/2025;ECOR3;5.01;5.09;4.9;5.01;4.99;6826;3193900
29/01/2025;EGIE3;36.87;37.27;36.68;36.97;36.72;7771;1395400
29/01/2025;ENEV3;11.25;11.3;11.08;11.21;11.22;10181;5479300
29/01/2025;ENGI3;10.73;11.96;10.73;11.51;11.96;60;6900
29/01/2025;ENGI4;6.99;7.03;6.65;6.84;6.65;36;4700
29/01/2025;ENJU3;1.2;1.44;1.2;1.34;1.28;1704;1590900
29/01/2025;EPAR3;5.28;5.28;5.11;5.17;5.11;54;19600
29/01/2025;EQPA3;5.35;5.37;5.34;5.35;5.37;24;16100
29/01/2025;EQTL3;29.49;29.6;29.09;29.34;29.12;23601;6387700
29/01/2025;ISAE3;31.42;31.74;31.42;31.58;31.6;7;1700
29/01/2025;ISAE4;23.65;23.68;23.41;23.53;23.41;4236;1212200
29/01/2025;ITSA3;9.45;9.57;9.43;9.48;9.45;215;41400
29/01/2025;ITSA4;9.45;9.47;9.33;9.38;9.37;21534;17006400
29/01/2025;MATD3;3.75;3.82;3.7;3.73;3.75;1480;646000
29/01/2025;MBLY3;1.5;1.53;1.47;1.5;1.52;279;111600
29/01/2025;MDIA3;22.28;24.48;22.28;23.72;24.21;7031;1464800
29/01/2025;MDNE3;11.93;12.2;11.9;12.06;12.07;2756;626900
29/01/2025;MEAL3;0.98;1.0;0.98;0.98;0.98;214;186700
29/01/2025;MELK3;3.68;3.73;3.64;3.66;3.65;496;292900
29/01/2025;BBSE3;39.03;39.28;38.67;38.89;38.76;13276;3423700
29/01/2025;BPAC3;15.56;15.61;15.46;15.54;15.46;6;600
29/01/2025;BPAC5;7.35;7.49;7.33;7.39;7.34;10;1300
29/01/2025;CPFE3;34.0;34.17;33.51;33.76;33.7;5750;933500
29/01/2025;CPLE3;8.67;8.67;8.55;8.59;8.58;2920;4284000
29/01/2025;CPLE5;10.5;10.5;10.5;10.5;10.5;2;200
29/01/2025;CPLE6;9.56;9.62;9.5;9.55;9.52;17716;15267200
29/01/2025;GGPS3;14.84;14.9;14.41;14.57;14.5;4687;1821500
29/01/2025;GEPA3;29.0;29.5;28.99;29.16;29.5;3;300
29/01/2025;GEPA4;29.0;29.0;29.0;29.0;29.0;2;200
29/01/2025;GFSA3;1.37;1.41;1.34;1.37;1.36;2169;5012500
29/01/2025;GGBR3;16.15;16.32;16.12;16.22;16.12;58;7800
29/01/2025;GGBR4;17.7;17.8;17.37;17.47;17.47;16624;14489200
29/01/2025;MILS3;8.73;8.91;8.7;8.81;8.81;931;666900
29/01/2025;MLAS3;1.16;1.21;1.13;1.16;1.17;2358;1347400
29/01/2025;MNDL3;17.0;17.0;17.0;17.0;17.0;1;100
29/01/2025;MNPR3;26.99;27.5;26.99;27.23;27.45;8;2700
29/01/2025;GMAT3;6.46;6.53;6.41;6.44;6.44;7128;2379400
29/01/2025;GOAU3;9.92;10.0;9.6;9.82;9.6;109;17200
29/01/2025;GOAU4;9.93;9.98;9.76;9.84;9.8;7300;6393800
29/01/2025;MRFG3;15.99;16.2;15.72;15.89;15.74;11777;5392200
29/01/2025;MRVE3;5.44;5.47;5.35;5.42;5.45;7394;6807400
29/01/2025;AZEV4;1.18;1.19;1.13;1.15;1.17;3225;3652600
29/01/2025;AZUL4;4.72;4.8;4.47;4.6;4.48;11553;21917600
29/01/2025;AZZA3;33.8;34.12;33.44;33.67;33.6;6596;1230400
29/01/2025;CMIN3;5.28;5.31;5.22;5.26;5.22;7180;4673300
29/01/2025;COCE3;25.0;25.0;25.0;25.0;25.0;1;100
29/01/2025;COCE5;24.18;24.18;23.9;23.96;23.9;48;10400
29/01/2025;COGN3;1.33;1.36;1.3;1.33;1.34;21078;37316400
29/01/2025;FICT3;3.6;3.77;3.31;3.48;3.55;449;118200
29/01/2025;FIEI3;8.4;8.99;8.1;8.56;8.99;11;1500
29/01/2025;B3SA3;10.61;10.62;10.5;10.55;10.55;33651;43636900
29/01/2025;ASAI3;6.59;6.59;6.33;6.45;6.5;20047;16579000
29/01/2025;ATED3;1.27;1.3;1.25;1.26;1.26;18;7900
29/01/2025;AURE3;7.89;7.89;7.73;7.82;7.78;6836;6012200
29/01/2025;AZEV3;1.17;1.18;1.13;1.15;1.17;421;768900
29/01/2025;FIQE3;3.43;3.43;3.35;3.38;3.37;856;425000
29/01/2025;FLRY3;11.66;11.74;11.45;11.59;11.5;8959;3912500
29/01/2025;FRAS3;21.38;21.51;21.2;21.27;21.25;1107;238200
29/01/2025;FRIO3;298.8;302.0;298.8;301.75;302.0;5;1300
29/01/2025;ELET3;36.06;36.12;35.36;35.61;35.39;17553;5602600
29/01/2025;ELET6;39.83;39.83;39.19;39.47;39.3;4176;681700
29/01/2025;LAND3;14.79;15.05;14.6;14.81;14.6;184;39200
29/01/2025;LAVV3;8.14;8.22;8.08;8.14;8.16;1673;332200
29/01/2025;LEVE3;27.8;28.09;27.61;27.79;27.75;1669;220900
29/01/2025;LJQQ3;2.21;2.22;2.13;2.17;2.2;2475;3380600
29/01/2025;LOGG3;17.46;17.61;17.33;17.43;17.48;1859;255800
29/01/2025;LOGN3;20.0;20.23;19.93;19.97;19.93;255;50100
29/01/2025;LPSB3;1.32;1.35;1.3;1.33;1.34;596;131800
29/01/2025;LREN3;13.49;13.69;13.24;13.43;13.39;16526;11869400
29/01/2025;BGIP4;27.48;29.24;27.48;28.26;28.0;96;18400
29/01/2025;MOVI3;3.84;3.97;3.79;3.87;3.87;7218;7534800
29/01/2025;AMOB3;0.31;0.32;0.3;0.3;0.3;3108;5897200
29/01/2025;ANIM3;2.02;2.02;1.9;1.93;1.92;6300;8630000
29/01/2025;ARML3;4.98;4.98;4.8;4.84;4.81;2621;1495100
29/01/2025;ODPV3;10.86;11.2;10.86;11.04;11.02;3616;725100
29/01/2025;OFSA3;17.75;17.75;17.41;17.51;17.51;13;21500
29/01/2025;BPAN4;6.9;6.9;6.71;6.77;6.8;2589;937800
29/01/2025;BRAP3;15.18;15.26;15.07;15.17;15.16;245;40400
29/01/2025;GUAR3;6.42;6.46;6.27;6.37;6.38;2101;459200
29/01/2025;HAGA3;2.09;2.29;2.09;2.16;2.11;3;300
29/01/2025;HAGA4;1.18;1.18;1.16;1.17;1.17;4;2000
29/01/2025;JALL3;4.52;4.55;4.45;4.51;4.51;2707;697700
29/01/2025;JBSS3;35.02;35.42;34.74;35.02;34.84;16749;4629200
29/01/2025;MTRE3;3.19;3.19;3.1;3.13;3.1;427;239600
29/01/2025;MTSA4;38.77;39.8;38.77;39.34;39.69;18;2100
29/01/2025;MULT3;21.7;21.82;21.44;21.57;21.55;13690;3128900
29/01/2025;MYPK3;13.53;13.88;13.45;13.69;13.67;8144;1584100
29/01/2025;NEOE3;18.38;18.48;18.24;18.33;18.24;3324;586400
29/01/2025;SAPR3;5.08;5.11;5.05;5.08;5.11;312;108200
29/01/2025;SAPR4;5.16;5.17;5.1;5.12;5.12;1456;957400
29/01/2025;SBFG3;10.95;11.22;10.82;11.06;11.03;2743;801500
29/01/2025;SBSP3;95.29;95.5;92.82;93.4;92.87;11668;2604000
29/01/2025;SCAR3;16.93;17.49;16.78;17.24;17.45;135;21300
29/01/2025;CAMB3;11.22;11.25;10.99;11.12;11.2;142;40400
29/01/2025;CAML3;4.75;4.81;4.69;4.73;4.71;2278;831200
29/01/2025;CASH3;3.12;3.2;3.09;3.14;3.16;678;303100
29/01/2025;CBAV3;4.84;5.08;4.84;4.99;4.99;7803;5234400
29/01/2025;CCRO3;11.12;11.15;10.99;11.04;11.03;14882;7451000
29/01/2025;CEAB3;9.63;9.63;9.23;9.34;9.25;7565;4696400
29/01/2025;CEBR3;16.44;16.5;16.01;16.23;16.49;32;6000
29/01/2025;CEBR5;15.5;15.55;15.5;15.54;15.55;6;6000
29/01/2025;CEBR6;17.29;17.9;17.29;17.66;17.7;29;14500
29/01/2025;CEDO4;20.35;20.35;20.32;20.33;20.33;7;1200
29/01/2025;CEEB3;37.31;37.45;37.31;37.38;37.45;2;200
29/01/2025;CGAS5;131.14;133.0;131.14;132.15;131.51;7;1100
29/01/2025;CGRA3;25.74;25.74;25.6;25.67;25.6;2;200
29/01/2025;CGRA4;26.24;26.24;26.14;26.2;26.14;8;1100
29/01/2025;CLSA3;10.16;10.18;10.12;10.15;10.18;1300;412300
29/01/2025;CLSC3;77.0;77.0;77.0;77.0;77.0;1;100
29/01/2025;CLSC4;79.01;79.55;79.01;79.21;79.21;16;1600
29/01/2025;CMIG3;15.09;15.24;14.78;14.99;14.78;646;96200
29/01/2025;CMIG4;10.86;10.87;10.67;10.75;10.68;15001;6828100
29/01/2025;ESPA3;0.74;0.75;0.72;0.73;0.73;287;303600
29/01/2025;ESTR4;3.5;3.5;3.5;3.5;3.5;1;100
29/01/2025;ETER3;5.27;5.37;5.16;5.26;5.31;416;110700
29/01/2025;EUCA3;15.56;15.56;15.56;15.56;15.56;1;100
29/01/2025;EUCA4;13.73;13.75;13.35;13.39;13.39;209;38100
29/01/2025;EVEN3;5.88;5.93;5.8;5.84;5.83;2496;615200
29/01/2025;EZTC3;12.03;12.14;11.91;12.0;12.0;4987;1305900
29/01/2025;FESA4;7.86;7.89;7.72;7.78;7.79;1786;367200
29/01/2025;FHER3;5.44;5.96;5.39;5.63;5.43;176;84800
29/01/2025;ITUB3;29.17;29.49;29.17;29.3;29.25;1372;284600
29/01/2025;ITUB4;33.44;33.55;33.2;33.33;33.22;27958;12052900
29/01/2025;PNVL3;8.11;8.55;8.1;8.33;8.32;2082;437400
07/01/2025;GOLL4;1.58;1.6;1.52;1.56;1.55;2916;6670200
29/01/2025;POMO3;6.24;6.28;6.08;6.16;6.18;556;262100
29/01/2025;POMO4;8.34;8.36;8.04;8.15;8.13;13715;8024800
29/01/2025;PORT3;16.78;16.84;16.75;16.8;16.81;1000;682300
29/01/2025;POSI3;5.55;5.6;5.5;5.54;5.58;1522;444300
29/01/2025;SEER3;4.8;4.86;4.7;4.78;4.77;2235;411500
29/01/2025;SHOW3;0.73;0.73;0.71;0.71;0.72;194;108800
29/01/2025;VALE3;52.8;53.51;52.63;53.07;52.8;46392;19220300
29/01/2025;ROMI3;9.18;9.25;9.09;9.17;9.22;827;110900
29/01/2025;RSUL4;58.48;58.48;57.6;57.74;57.62;10;1000
29/01/2025;USIM3;5.3;5.32;5.23;5.28;5.31;535;226500
29/01/2025;USIM5;5.4;5.43;5.31;5.37;5.4;8661;10531400
29/01/2025;VLID3;23.03;23.69;22.97;23.44;23.29;2170;421800
29/01/2025;VSTE3;6.44;6.57;6.44;6.48;6.56;3;600
29/01/2025;VTRU3;5.94;5.99;5.65;5.82;5.65;610;184600
29/01/2025;VULC3;17.23;17.25;16.61;16.9;16.62;4365;1030000
29/01/2025;VVEO3;1.63;1.64;1.58;1.6;1.58;954;2063700
29/01/2025;WEGE3;53.8;55.73;53.75;54.8;54.43;26393;7108300
29/01/2025;LVTC3;2.23;2.27;2.22;2.25;2.24;33;32000
29/01/2025;LWSA3;3.24;3.27;3.18;3.22;3.19;4910;4232800
29/01/2025;PETZ3;4.84;5.12;4.8;4.93;4.97;10479;11068300
29/01/2025;REAG3;5.35;5.35;5.14;5.22;5.25;64;16500
29/01/2025;RECV3;15.85;15.97;15.55;15.7;15.55;6205;1180900
29/01/2025;REDE3;6.37;6.38;6.37;6.37;6.38;6;2500
29/01/2025;RENT3;31.56;31.65;30.01;30.45;30.18;33765;14495900
29/01/2025;TASA3;8.14;8.18;8.09;8.12;8.11;32;3700
29/01/2025;TASA4;7.99;8.05;7.94;7.98;7.99;1010;218000
29/01/2025;TCSA3;1.6;1.6;1.52;1.55;1.53;153;60100
29/01/2025;TECN3;5.41;5.44;5.34;5.37;5.34;198;31900
29/01/2025;TELB3;11.0;11.0;11.0;11.0;11.0;5;900
29/01/2025;TELB4;6.81;6.99;6.8;6.83;6.9;9;900
29/01/2025;TEND3;13.35;13.55;13.05;13.41;13.48;7886;2928700
29/01/2025;TFCO4;9.33;9.42;9.29;9.32;9.38;844;748200
29/01/2025;TGMA3;29.79;30.07;29.55;29.86;29.77;1258;154400
29/01/2025;TIMS3;15.54;15.58;15.3;15.47;15.47;9141;3063400
29/01/2025;TOTS3;31.05;31.34;30.45;30.93;31.15;15833;3357600
29/01/2025;VITT3;5.25;5.32;5.18;5.26;5.25;1006;263500
29/01/2025;VIVA3;20.56;20.78;20.21;20.53;20.72;13378;4856200
29/01/2025;VIVR3;1.1;1.1;1.07;1.07;1.07;53;32500
29/01/2025;VIVT3;51.48;51.62;50.87;51.12;51.04;8492;1480500
29/01/2025;KEPL3;10.25;10.37;10.17;10.26;10.17;3378;937700
29/01/2025;KLBN3;4.69;4.77;4.68;4.72;4.72;540;151800
29/01/2025;KLBN4;4.37;4.4;4.35;4.37;4.37;943;631300
29/01/2025;ONCO3;2.2;2.23;2.03;2.08;2.05;6679;15878100
29/01/2025;OPCT3;5.47;5.59;5.41;5.48;5.53;1799;620800
29/01/2025;ORVR3;39.6;40.04;39.54;39.88;39.94;2980;520500
29/01/2025;QUAL3;1.81;1.87;1.77;1.83;1.83;2055;2869500
29/01/2025;RADL3;21.07;21.55;21.02;21.3;21.45;16708;8881500
29/01/2025;SHUL4;6.07;6.1;6.0;6.03;6.02;1047;264600
29/01/2025;SIMH3;3.36;3.41;3.29;3.34;3.35;3041;4101000
29/01/2025;SLCE3;17.7;17.86;17.4;17.59;17.52;7286;2448700
29/01/2025;BRAP4;16.31;16.41;16.19;16.32;16.3;3885;1836200
29/01/2025;CRFB3;6.06;6.12;5.92;6.04;6.06;8968;6336600
29/01/2025;CRPG5;19.74;19.9;19.45;19.77;19.65;15;2800
29/01/2025;CRPG6;19.7;19.7;19.7;19.7;19.7;1;100
29/01/2025;CSAN3;7.7;7.7;7.47;7.55;7.48;20004;14638800
29/01/2025;CYRE3;19.43;19.67;19.21;19.43;19.55;9180;3929000
29/01/2025;DASA3;1.94;1.94;1.83;1.85;1.83;870;631900
29/01/2025;DESK3;10.22;10.22;9.95;10.05;9.98;819;175000
29/01/2025;DEXP3;8.56;8.62;8.44;8.54;8.53;507;64800
29/01/2025;DEXP4;8.9;8.9;8.9;8.9;8.9;4;2000
29/01/2025;DIRR3;27.51;28.03;27.31;27.78;27.8;7902;1713500
29/01/2025;GRND3;5.75;5.81;5.68;5.73;5.77;2216;721700
29/01/2025;HYPE3;18.17;18.34;18.02;18.18;18.1;7326;1344000
29/01/2025;JHSF3;3.85;3.88;3.83;3.85;3.86;1811;1289200
29/01/2025;JSLG3;5.44;5.5;5.27;5.35;5.31;1372;407400
29/01/2025;INTB3;13.38;13.91;13.36;13.6;13.65;4359;1633700
29/01/2025;IRBR3;52.9;53.24;52.2;52.63;52.55;4970;1264500
29/01/2025;LUPA3;1.26;1.28;1.24;1.25;1.26;162;113100
29/01/2025;BIOM3;9.9;9.9;9.41;9.71;9.41;123;48100
29/01/2025;BLAU3;12.57;12.67;12.37;12.52;12.54;717;95000
29/01/2025;BMEB4;37.91;39.14;37.72;38.25;37.72;111;15500
29/01/2025;BMGB4;3.75;3.76;3.7;3.71;3.7;360;331500
29/01/2025;BMOB3;13.63;13.74;13.31;13.43;13.39;1564;399400
29/01/2025;BOBR4;2.22;2.24;2.12;2.17;2.18;370;66200
29/01/2025;BRFS3;22.2;22.2;21.77;21.98;22.03;10192;4066700
29/01/2025;EKTR4;52.0;52.0;52.0;52.0;52.0;1;300
29/01/2025;AFLT3;7.15;7.48;7.07;7.17;7.48;8;2400
29/01/2025;AGRO3;22.67;22.9;22.45;22.6;22.45;798;120000
29/01/2025;ALLD3;6.91;6.97;6.85;6.9;6.85;211;36200
29/01/2025;ALOS3;18.93;18.93;18.56;18.66;18.59;9489;2768500
29/01/2025;ALPA3;5.84;5.84;5.72;5.72;5.72;9;2500
29/01/2025;ALPA4;6.15;6.16;5.96;6.03;6.0;4242;2744500
29/01/2025;ALPK3;2.44;2.53;2.44;2.48;2.44;232;59800
29/01/2025;ALUP3;9.58;9.58;9.38;9.48;9.39;43;5300
29/01/2025;ALUP4;9.16;9.19;9.01;9.12;9.11;56;9000
29/01/2025;AMAR3;1.11;1.12;1.09;1.1;1.12;587;201100
29/01/2025;AMBP3;121.8;123.0;119.11;121.2;122.96;910;124300
29/01/2025;BRSR3;11.95;12.03;11.82;11.94;11.83;23;4500
29/01/2025;BRSR6;10.26;10.32;10.22;10.27;10.22;3384;876300
29/01/2025;BRST3;2.5;2.6;2.5;2.52;2.6;1307;206100
29/01/2025;BSLI4;7.6;7.6;6.9;7.09;7.12;11;1400
29/01/2025;KRSA3;8.55;8.59;8.36;8.53;8.59;88;88200
29/01/2025;NUTR3;3.74;3.88;3.74;3.81;3.86;13;1300
29/01/2025;SEQL3;2.92;2.98;2.62;2.72;2.65;1295;1181000
29/01/2025;PMAM3;1.17;1.18;1.06;1.1;1.08;536;623000
29/01/2025;NEXP3;3.85;3.85;3.85;3.85;3.85;1;400
29/01/2025;ATMP3;1.12;1.15;1.11;1.13;1.11;23;8200
29/01/2025;LIGT3;3.97;4.17;3.97;4.08;4.14;708;355000
29/01/2025;AMER3;6.48;6.56;6.31;6.42;6.32;1790;1500300
29/01/2025;RNEW3;0.9;0.92;0.89;0.89;0.89;73;41800
29/01/2025;RNEW4;0.9;0.92;0.89;0.9;0.89;93;57800
29/01/2025;RPMG3;2.89;2.99;2.89;2.94;2.94;16;7500
29/01/2025;RSID3;2.9;3.01;2.82;2.89;2.89;124;25600
29/01/2025;OIBR3;1.62;1.63;1.53;1.59;1.55;779;1056900
29/01/2025;OIBR4;8.75;8.81;8.39;8.63;8.39;56;18700
29/01/2025;JFEN3;2.38;2.42;2.37;2.39;2.37;20;13800
29/01/2025;AGXY3;0.72;0.79;0.66;0.74;0.67;1504;3321300
21/01/2025;B3SA3;10.33;10.48;10.2;10.37;10.37;28093;25403800
21/01/2025;AMAR3;1.07;1.1;1.07;1.08;1.09;331;69900
21/01/2025;AMBP3;120.9;122.71;119.47;121.02;120.2;222;32600
21/01/2025;ORVR3;36.82;37.54;36.67;37.23;37.54;1608;336300
21/01/2025;PCAR3;2.76;2.85;2.76;2.8;2.78;4870;6248100
21/01/2025;AZZA3;31.4;31.76;30.92;31.47;31.45;7745;1121800
21/01/2025;CMIN3;5.13;5.26;5.09;5.17;5.26;10188;6174900
21/01/2025;COCE5;23.75;23.83;23.63;23.65;23.63;55;13300
21/01/2025;COGN3;1.27;1.3;1.26;1.27;1.28;9401;18073800
21/01/2025;HYPE3;18.29;18.49;18.19;18.38;18.44;9273;3239500
21/01/2025;EKTR4;53.99;54.0;50.01;53.32;50.01;6;600
21/01/2025;ELET3;35.06;35.48;34.91;35.23;35.23;17643;3889500
21/01/2025;ELET6;38.77;39.28;38.66;39.09;39.12;4554;873800
21/01/2025;HBOR3;1.4;1.53;1.4;1.44;1.48;1199;1088900
21/01/2025;HBRE3;3.06;3.1;3.04;3.06;3.08;293;171300
21/01/2025;HBSA3;2.85;2.88;2.81;2.85;2.86;4009;1518300
21/01/2025;CPFE3;33.3;33.56;32.59;33.14;33.06;10071;4637900
21/01/2025;ELMD3;29.22;29.5;29.19;29.35;29.43;490;158700
21/01/2025;EMAE3;70.0;70.0;70.0;70.0;70.0;1;100
21/01/2025;EMAE4;38.49;38.49;37.67;38.2;38.35;8;800
21/01/2025;EMBR3;60.5;62.72;60.39;61.93;62.46;23541;5500900
21/01/2025;VAMO3;4.66;4.7;4.56;4.62;4.57;5531;2286300
21/01/2025;VBBR3;17.18;17.79;17.17;17.6;17.63;22490;13125800
21/01/2025;PDGR3;0.01;0.01;0.01;0.01;0.01;158;768800
21/01/2025;PRNR3;13.49;13.53;13.34;13.44;13.45;648;104900
21/01/2025;PSSA3;36.7;38.03;36.61;37.69;37.9;11596;2283100
21/01/2025;PTBL3;3.56;3.75;3.52;3.69;3.71;452;158000
21/01/2025;PTNT3;7.6;7.82;7.6;7.68;7.82;3;400
21/01/2025;PTNT4;5.8;5.82;5.8;5.8;5.82;7;3100
21/01/2025;QUAL3;1.62;1.64;1.59;1.61;1.64;905;1725000
21/01/2025;RADL3;21.41;21.93;21.34;21.76;21.9;14071;5388900
21/01/2025;SMFT3;17.96;18.54;17.94;18.2;18.45;7288;2886300
21/01/2025;SMTO3;23.01;23.3;22.87;23.0;22.92;3017;627400
21/01/2025;SNSY5;3.59;3.59;3.54;3.54;3.55;6;2100
21/01/2025;SOJA3;10.13;10.41;10.12;10.26;10.41;1744;339300
21/01/2025;SRNA3;5.83;5.99;5.83;5.92;5.93;5322;1959700
21/01/2025;STBP3;13.16;13.16;13.1;13.11;13.12;5894;8072100
21/01/2025;JSLG3;5.25;5.32;5.11;5.21;5.26;1652;516300
21/01/2025;SUZB3;62.03;62.6;61.65;62.28;62.4;15453;3732500
21/01/2025;NEOE3;18.08;18.46;17.96;18.27;18.37;3854;763900
21/01/2025;NGRD3;21.84;22.72;21.01;21.61;21.01;185;47100
21/01/2025;NTCO3;12.42;12.69;12.33;12.5;12.6;15632;6126600
21/01/2025;BBSE3;37.9;38.08;37.73;37.92;37.93;10718;3444200
21/01/2025;BPAC3;15.14;15.25;15.14;15.19;15.25;6;600
21/01/2025;BPAC5;7.25;7.43;7.12;7.26;7.43;14;1700
21/01/2025;PRIO3;41.98;42.86;41.98;42.54;42.72;17988;5448600
21/01/2025;SCAR3;15.87;16.28;15.66;15.89;16.0;80;16400
21/01/2025;SEER3;4.53;4.58;4.36;4.42;4.42;2397;567000
21/01/2025;SHOW3;0.75;0.75;0.73;0.74;0.75;150;23200
21/01/2025;SHUL4;5.67;5.87;5.65;5.7;5.73;1559;419300
21/01/2025;SIMH3;3.31;3.39;3.29;3.34;3.32;3593;3186400
21/01/2025;SLCE3;17.95;18.06;17.82;17.94;18.04;3446;1116000
21/01/2025;PFRM3;6.31;6.36;6.24;6.3;6.36;383;97500
21/01/2025;YDUQ3;8.86;8.98;8.77;8.88;8.93;9177;3421400
21/01/2025;AVLL3;2.59;2.6;2.59;2.59;2.6;4;1600
21/01/2025;AZEV3;1.22;1.25;1.11;1.17;1.13;787;1306700
21/01/2025;AZEV4;1.25;1.26;1.11;1.18;1.14;1899;6822400
21/01/2025;AZUL4;4.31;4.34;4.21;4.27;4.3;6163;8188800
21/01/2025;CXSE3;14.44;14.59;14.35;14.47;14.54;7891;3218100
21/01/2025;CYRE3;17.97;18.36;17.88;18.23;18.3;12655;3374200
21/01/2025;DASA3;1.83;1.85;1.82;1.83;1.84;653;313800
21/01/2025;DESK3;10.3;10.45;10.07;10.24;10.45;750;127400
21/01/2025;DEXP3;9.15;9.15;8.71;8.86;8.71;385;51500
21/01/2025;DEXP4;8.78;8.78;8.78;8.78;8.78;1;300
21/01/2025;GGPS3;13.66;14.0;13.5;13.8;14.0;9561;3081800
21/01/2025;GMAT3;6.16;6.3;6.1;6.24;6.3;6855;2835000
21/01/2025;GOAU3;9.85;9.99;9.85;9.91;9.99;189;33200
21/01/2025;GOAU4;9.82;9.99;9.79;9.91;9.98;9191;6666900
21/01/2025;JALL3;4.6;4.68;4.53;4.6;4.61;1037;236100
21/01/2025;MILS3;8.6;8.7;8.56;8.61;8.63;1868;494800
21/01/2025;MLAS3;1.1;1.15;1.09;1.12;1.12;1697;1435200
21/01/2025;MNPR3;26.23;27.0;25.4;26.69;26.45;21;5700
21/01/2025;MOVI3;3.79;3.85;3.7;3.75;3.71;3780;4087700
21/01/2025;MRFG3;15.58;15.59;14.45;14.83;14.95;25150;15844200
21/01/2025;REAG3;5.08;5.1;4.99;5.06;5.1;32;4800
21/01/2025;RECV3;16.45;16.71;16.38;16.53;16.7;6954;1621500
21/01/2025;REDE3;6.3;6.3;6.29;6.29;6.29;11;2600
21/01/2025;RENT3;30.57;30.86;30.2;30.41;30.56;16388;5465200
21/01/2025;TPIS3;5.08;5.08;4.88;4.95;4.88;59;10300
21/01/2025;BEEF3;4.97;5.0;4.87;4.91;4.97;8180;6741600
21/01/2025;BEES3;8.28;8.3;8.22;8.24;8.29;42;7100
21/01/2025;EQMA3B;24.0;24.0;24.0;24.0;24.0;3;1800
21/01/2025;EQPA3;5.31;5.34;5.3;5.33;5.32;11;3000
21/01/2025;EQTL3;28.24;28.43;27.96;28.28;28.28;24983;7017700
21/01/2025;ISAE3;31.58;31.96;31.0;31.31;31.3;26;3100
21/01/2025;ISAE4;23.21;23.28;23.04;23.11;23.07;8121;1998500
21/01/2025;LUPA3;1.26;1.29;1.23;1.25;1.27;392;80500
21/01/2025;BRFS3;23.29;23.37;21.21;21.7;21.75;45024;26287100
21/01/2025;CSED3;3.24;3.27;3.13;3.17;3.21;1085;656900
21/01/2025;CSMG3;21.88;22.14;21.5;21.93;22.0;4047;824800
21/01/2025;CSNA3;7.98;8.14;7.77;7.99;8.1;13340;12916300
21/01/2025;ESPA3;0.73;0.79;0.73;0.76;0.77;497;828900
21/01/2025;ESTR4;3.86;4.0;3.65;3.81;3.65;9;2600
21/01/2025;ETER3;5.05;5.22;5.05;5.17;5.21;350;74600
21/01/2025;EUCA3;15.3;15.3;15.3;15.3;15.3;1;100
21/01/2025;EUCA4;13.47;13.47;13.17;13.28;13.3;156;25400
21/01/2025;LVTC3;2.35;2.35;2.32;2.32;2.33;27;14900
21/01/2025;LWSA3;3.1;3.18;3.07;3.13;3.18;7422;3979300
21/01/2025;GEPA4;28.8;28.8;28.5;28.68;28.5;8;1200
21/01/2025;GFSA3;1.31;1.33;1.24;1.28;1.33;1137;5658800
21/01/2025;GGBR3;16.13;16.78;16.04;16.42;16.78;548;78000
21/01/2025;GGBR4;17.6;17.93;17.5;17.82;17.91;21214;10082400
21/01/2025;ITUB4;32.66;32.9;32.53;32.69;32.73;26848;14049800
21/01/2025;MATD3;3.56;3.67;3.52;3.58;3.67;1229;485000
21/01/2025;MBLY3;1.47;1.54;1.44;1.48;1.51;549;150600
21/01/2025;PDTC3;1.21;1.21;1.14;1.15;1.14;38;26300
21/01/2025;PETR3;41.7;41.75;41.03;41.43;41.55;13594;6313900
21/01/2025;PETR4;37.1;37.35;36.72;37.06;37.3;34558;23612200
21/01/2025;CURY3;19.79;20.13;19.79;20.03;20.1;4938;999800
21/01/2025;CVCB3;1.7;1.73;1.67;1.69;1.73;4275;14040600
21/01/2025;FRAS3;21.05;21.48;20.98;21.35;21.35;753;111500
21/01/2025;FRIO3;299.3;299.3;290.01;298.12;290.01;24;2400
21/01/2025;EVEN3;5.63;5.73;5.62;5.67;5.64;3667;933900
21/01/2025;EZTC3;11.43;11.49;11.25;11.35;11.27;6686;2096600
21/01/2025;UNIP3;46.16;47.24;45.87;46.27;47.24;70;7400
21/01/2025;UNIP6;46.24;47.28;46.0;46.81;47.22;796;92200
21/01/2025;VSTE3;6.7;6.7;6.61;6.64;6.69;11;1600
21/01/2025;VTRU3;6.03;6.39;6.02;6.17;6.1;483;100300
21/01/2025;VULC3;16.52;16.78;16.45;16.64;16.78;2576;472500
21/01/2025;VVEO3;1.87;1.89;1.82;1.84;1.83;1144;1545800
21/01/2025;AMOB3;0.33;0.34;0.32;0.32;0.32;5293;11033900
21/01/2025;ANIM3;1.72;1.76;1.66;1.69;1.68;9165;8718600
21/01/2025;ARML3;4.96;4.98;4.76;4.82;4.81;1239;642100
21/01/2025;ASAI3;6.06;6.29;6.0;6.14;6.12;20695;19059500
21/01/2025;DOTZ3;3.23;3.38;3.23;3.35;3.35;34;8700
21/01/2025;DXCO3;5.9;5.99;5.89;5.93;5.92;1782;1305600
21/01/2025;EALT4;13.62;13.75;13.4;13.57;13.62;22;10500
21/01/2025;ECOR3;4.63;4.85;4.58;4.72;4.83;4259;3135900
21/01/2025;EGIE3;34.7;35.66;34.4;35.19;35.47;10049;1895300
21/01/2025;GRND3;5.4;5.55;5.39;5.5;5.53;1939;879200
21/01/2025;GUAR3;5.96;6.0;5.87;5.92;5.95;1111;385500
21/01/2025;ABCB4;19.65;19.8;19.6;19.72;19.76;2277;395600
21/01/2025;ABEV3;10.99;11.26;10.99;11.18;11.25;27149;26293900
21/01/2025;BBDC3;10.76;10.81;10.71;10.75;10.75;6834;5509400
21/01/2025;BBDC4;11.65;11.72;11.58;11.64;11.64;30291;25985500
21/01/2025;BRKM3;14.13;14.57;13.8;14.29;14.2;99;19700
21/01/2025;BRKM5;13.61;14.56;13.54;14.24;14.23;14464;5560000
21/01/2025;CSUD3;16.0;16.2;15.7;15.89;15.72;177;32300
21/01/2025;AALR3;11.21;11.4;10.75;11.22;11.4;39;5000
21/01/2025;FESA3;13.48;13.48;13.45;13.46;13.45;2;200
21/01/2025;FESA4;7.65;7.72;7.62;7.66;7.64;1159;281500
21/01/2025;FHER3;5.5;5.82;5.45;5.6;5.65;78;14400
21/01/2025;FICT3;3.35;3.59;3.13;3.4;3.38;193;52200
21/01/2025;FIQE3;3.45;3.49;3.39;3.42;3.47;1308;322800
21/01/2025;FLRY3;11.77;11.8;11.58;11.67;11.6;9291;2822900
14/01/2025;BRFS3;23.58;23.88;23.4;23.58;23.77;19322;10105800
14/01/2025;CPLE3;7.9;8.02;7.87;7.92;8.0;2099;26622400
14/01/2025;CPLE6;8.8;8.88;8.73;8.82;8.85;10071;9392500
14/01/2025;AERI3;7.31;7.46;7.05;7.25;7.11;1083;526600
14/01/2025;AGRO3;22.13;22.26;22.03;22.12;22.26;587;89600
14/01/2025;ALLD3;6.71;6.71;6.52;6.63;6.66;192;45100
14/01/2025;POMO3;5.58;5.77;5.5;5.65;5.76;340;144900
14/01/2025;POMO4;7.27;7.59;7.2;7.46;7.59;19723;17090400
14/01/2025;PORT3;16.24;16.31;16.05;16.18;16.23;1212;477500
14/01/2025;POSI3;5.07;5.1;4.97;5.0;4.98;2262;816700
14/01/2025;SBFG3;10.67;10.8;10.56;10.65;10.71;6585;2098000
14/01/2025;SBSP3;87.65;89.5;86.69;88.17;88.29;22083;5378400
14/01/2025;VLID3;23.17;23.19;22.21;22.52;22.32;1658;233800
14/01/2025;CBAV3;4.64;4.79;4.57;4.64;4.62;9379;3423300
14/01/2025;ENEV3;11.05;11.11;10.73;10.83;10.75;14840;8422500
14/01/2025;ENGI3;9.95;10.09;9.78;9.88;10.09;29;3100
14/01/2025;ENGI4;6.6;6.6;6.38;6.54;6.38;85;20600
14/01/2025;ENJU3;1.03;1.05;1.03;1.04;1.05;104;246300
14/01/2025;EPAR3;5.51;5.54;5.3;5.41;5.3;41;14000
14/01/2025;CAMB3;10.56;10.94;10.5;10.67;10.94;135;20000
14/01/2025;CAML3;4.94;4.95;4.81;4.87;4.95;7767;2272200
14/01/2025;CASH3;2.75;2.93;2.75;2.84;2.87;1558;902500
14/01/2025;JALL3;4.52;4.52;4.38;4.42;4.44;1385;663300
14/01/2025;JBSS3;35.33;35.58;34.71;35.03;34.95;16754;10922300
14/01/2025;AZZA3;29.76;30.43;29.41;30.15;30.3;7651;1490300
14/01/2025;BRSR3;11.23;11.42;11.1;11.18;11.21;19;2600
14/01/2025;BRSR6;9.65;9.84;9.61;9.76;9.8;4766;2055500
14/01/2025;CSED3;3.1;3.15;3.03;3.07;3.15;804;319000
14/01/2025;CSMG3;21.84;21.89;21.26;21.43;21.26;9249;1897900
14/01/2025;CSNA3;7.79;7.79;7.47;7.55;7.49;15398;12033400
21/01/2025;ITSA3;9.31;9.33;9.26;9.3;9.31;280;77900
21/01/2025;ITSA4;9.13;9.21;9.1;9.16;9.2;20127;19600700
21/01/2025;ITUB3;28.59;28.71;28.4;28.54;28.59;1753;522600
21/01/2025;MDIA3;19.63;20.53;19.46;20.19;20.21;4401;656900
21/01/2025;MDNE3;10.88;11.0;10.79;10.91;10.89;1224;297200
21/01/2025;MEAL3;0.92;0.94;0.92;0.93;0.93;159;1441400
21/01/2025;MELK3;3.68;3.73;3.63;3.66;3.64;1167;404700
21/01/2025;MGEL4;6.7;7.1;6.7;6.87;7.1;5;600
21/01/2025;MGLU3;6.11;6.25;6.05;6.15;6.16;14830;17012500
21/01/2025;BALM4;10.2;10.75;10.2;10.61;10.75;5;800
21/01/2025;BAZA3;86.05;86.48;85.8;86.24;86.48;17;2800
21/01/2025;BBAS3;25.45;25.75;25.45;25.63;25.66;24494;10675500
21/01/2025;BIOM3;9.48;9.86;9.21;9.67;9.7;303;137000
21/01/2025;BLAU3;12.29;12.43;11.95;12.12;12.1;2136;426800
21/01/2025;BMEB3;30.63;31.67;30.63;31.15;31.67;2;200
21/01/2025;BMEB4;36.0;37.1;35.5;36.2;37.1;146;28000
21/01/2025;BMGB4;3.73;3.75;3.7;3.72;3.73;388;205300
21/01/2025;BMOB3;13.24;13.37;13.22;13.3;13.32;766;197300
21/01/2025;BNBR3;95.92;96.0;95.92;95.96;96.0;2;200
21/01/2025;BOBR4;1.9;1.97;1.9;1.93;1.93;161;37400
21/01/2025;ENGI3;10.24;10.42;10.21;10.29;10.39;9;1400
21/01/2025;ENGI4;6.62;6.76;6.62;6.73;6.65;10;2400
21/01/2025;ENJU3;1.15;1.18;1.15;1.16;1.16;265;202000
21/01/2025;EPAR3;5.24;5.24;5.17;5.21;5.23;24;7200
21/01/2025;WEGE3;54.91;55.96;54.64;55.52;55.63;16895;3951600
21/01/2025;RANI3;7.09;7.15;6.95;7.04;7.01;2172;690800
21/01/2025;RAPT3;7.63;7.93;7.59;7.77;7.93;117;39900
21/01/2025;RAPT4;8.2;8.78;8.2;8.62;8.69;11447;5387700
08/01/2025;CAMB3;10.48;10.79;10.35;10.52;10.79;352;56500
08/01/2025;CAML3;5.8;5.8;5.65;5.68;5.67;2651;548200
08/01/2025;CASH3;2.84;2.87;2.69;2.74;2.78;2787;864200
08/01/2025;BRSR3;11.2;11.23;11.09;11.12;11.19;31;7200
08/01/2025;BRSR6;9.76;9.83;9.62;9.71;9.7;5877;1663000
08/01/2025;ENEV3;10.54;10.69;10.47;10.59;10.59;27391;15679500
08/01/2025;CBAV3;4.68;4.8;4.53;4.67;4.79;5581;3594000
08/01/2025;CCRO3;10.41;10.44;10.19;10.28;10.22;19651;10076600
08/01/2025;CSED3;3.06;3.1;3.04;3.06;3.1;752;248800
08/01/2025;CSMG3;20.65;21.89;20.65;21.45;21.57;12649;5107500
08/01/2025;CSNA3;8.3;8.31;7.76;7.94;7.76;21239;13828400
08/01/2025;ENGI3;10.3;10.46;10.29;10.35;10.29;22;2500
08/01/2025;ENGI4;6.69;6.75;6.5;6.66;6.65;44;7300
08/01/2025;ENJU3;1.04;1.05;1.02;1.03;1.02;531;305100
08/01/2025;EPAR3;5.51;5.62;5.51;5.53;5.6;12;1800
14/01/2025;HBOR3;1.32;1.35;1.3;1.32;1.34;573;963300
14/01/2025;HBRE3;2.84;3.05;2.84;2.96;2.97;674;698700
14/01/2025;EALT4;13.16;13.18;12.98;13.07;13.15;15;2000
14/01/2025;ECOR3;4.64;4.72;4.52;4.59;4.56;8292;5365400
14/01/2025;FRAS3;20.4;20.4;20.0;20.13;20.25;2803;395800
14/01/2025;FRIO3;292.0;305.0;292.0;299.38;305.0;11;1100
14/01/2025;GEPA4;28.52;28.53;28.52;28.52;28.53;2;200
14/01/2025;GFSA3;1.15;1.18;1.15;1.16;1.18;681;2465200
14/01/2025;GGBR3;15.78;15.81;15.61;15.71;15.64;102;13800
14/01/2025;GGBR4;17.04;17.22;16.84;16.99;17.07;19297;12190000
14/01/2025;ISAE3;31.4;31.93;31.2;31.59;31.6;12;2000
14/01/2025;ISAE4;22.7;22.81;22.52;22.65;22.52;7161;2441700
14/01/2025;AALR3;9.9;10.15;9.15;9.95;10.14;59;14000
14/01/2025;ABCB4;18.79;19.12;18.76;18.98;19.07;2927;616300
14/01/2025;ABEV3;11.21;11.37;11.15;11.2;11.21;15290;42625300
14/01/2025;BAZA3;85.6;85.6;84.5;84.88;84.5;13;1800
14/01/2025;BBAS3;24.25;24.67;24.17;24.47;24.65;25067;18049200
14/01/2025;BEES3;8.3;8.36;8.21;8.27;8.23;66;10100
14/01/2025;BGIP4;23.5;23.55;23.5;23.52;23.5;4;500
14/01/2025;BHIA3;2.7;2.74;2.66;2.68;2.74;1875;1778800
14/01/2025;BPAN4;6.4;6.6;6.29;6.47;6.6;2959;1226500
14/01/2025;BRAP3;14.91;15.02;14.83;14.91;14.9;228;56600
14/01/2025;BRAP4;15.61;15.79;15.57;15.7;15.71;6953;3630700
14/01/2025;CMIN3;4.98;5.02;4.84;4.91;4.84;9659;7544700
14/01/2025;CYRE3;16.51;16.76;16.26;16.59;16.73;12981;5685500
14/01/2025;EQTL3;26.92;27.27;26.82;27.06;27.17;26483;11157400
14/01/2025;ESPA3;0.71;0.72;0.71;0.71;0.72;71;216900
14/01/2025;ETER3;4.92;4.97;4.85;4.91;4.94;371;89300
14/01/2025;IFCM3;0.08;0.09;0.07;0.08;0.08;649;4705200
08/01/2025;JHSF3;3.75;3.75;3.67;3.69;3.68;3062;1462000
08/01/2025;ROMI3;8.75;8.75;8.52;8.58;8.58;624;104100
08/01/2025;EQMA3B;23.99;23.99;23.61;23.78;23.61;5;1100
08/01/2025;EQPA3;5.56;5.56;5.21;5.41;5.43;40;7400
08/01/2025;EQTL3;27.46;27.6;26.93;27.12;27.01;28283;8965700
08/01/2025;IFCM3;0.08;0.08;0.07;0.07;0.07;1362;3863500
08/01/2025;IGTI3;2.09;2.1;2.02;2.05;2.04;73;47700
08/01/2025;IGTI4;7.53;7.53;7.53;7.53;7.53;1;100
08/01/2025;INEP3;1.36;1.43;1.31;1.35;1.31;71;34000
08/01/2025;INEP4;1.33;1.34;1.3;1.31;1.3;32;13400
08/01/2025;JSLG3;5.7;5.72;5.5;5.58;5.56;1050;220900
08/01/2025;KEPL3;9.27;9.27;9.1;9.15;9.14;2412;530400
08/01/2025;INTB3;12.5;12.52;11.95;12.2;12.4;8154;2258400
08/01/2025;IRBR3;44.16;45.27;43.92;44.56;44.2;7997;1756300
08/01/2025;KLBN3;4.8;4.88;4.72;4.77;4.75;797;316900
08/01/2025;KLBN4;4.4;4.48;4.37;4.41;4.4;1180;828200
08/01/2025;MRVE3;5.51;5.56;5.24;5.33;5.3;11401;8607600
08/01/2025;MTRE3;3.04;3.04;2.93;2.96;2.93;1075;565700
08/01/2025;MTSA4;38.5;38.5;38.1;38.33;38.44;17;1800
08/01/2025;MULT3;20.85;20.85;20.42;20.52;20.45;17949;3254100
08/01/2025;PRNR3;13.65;13.65;13.05;13.14;13.15;749;158500
08/01/2025;KRSA3;8.16;8.25;8.15;8.19;8.25;98;86600
08/01/2025;LAND3;13.75;13.99;13.61;13.79;13.61;140;21000
08/01/2025;LAVV3;7.2;7.23;7.07;7.17;7.2;3416;847800
08/01/2025;PSSA3;36.98;37.43;36.5;36.69;36.51;9640;1599900
08/01/2025;PTBL3;3.5;3.52;3.45;3.49;3.47;898;274000
08/01/2025;PTNT3;7.61;7.95;7.46;7.55;7.46;16;3900
08/01/2025;PTNT4;5.7;5.7;5.65;5.68;5.65;2;700
08/01/2025;LEVE3;26.65;26.97;26.5;26.77;26.97;1149;218200
08/01/2025;LJQQ3;2.13;2.13;2.04;2.07;2.07;3208;4561300
08/01/2025;LOGG3;18.83;18.96;18.53;18.61;18.54;989;120200
08/01/2025;LOGN3;21.3;21.38;20.78;21.13;21.03;433;64600
08/01/2025;LPSB3;1.5;1.51;1.45;1.49;1.5;117;117000
08/01/2025;LREN3;13.01;13.01;12.61;12.83;12.87;27915;20822400
08/01/2025;QUAL3;1.55;1.57;1.52;1.54;1.56;3715;3000400
08/01/2025;RADL3;21.14;21.31;20.66;21.05;21.13;24765;7896900
08/01/2025;AERI3;7.38;7.81;6.94;7.39;6.94;2388;1517600
08/01/2025;AFLT3;7.34;7.34;7.06;7.2;7.06;2;200
08/01/2025;AGRO3;22.61;22.65;22.45;22.54;22.49;668;86200
08/01/2025;SMFT3;17.81;17.86;17.23;17.37;17.31;9175;3016800
08/01/2025;SMTO3;24.85;25.08;23.98;24.79;25.08;11109;2187800
08/01/2025;ALLD3;7.1;7.1;6.91;6.97;7.01;166;35700
08/01/2025;ALOS3;18.12;18.12;17.62;17.71;17.67;14350;4415400
08/01/2025;ALPA3;6.26;6.3;6.16;6.19;6.16;8;1800
08/01/2025;ALPA4;6.63;6.66;6.42;6.47;6.44;6998;2009000
08/01/2025;BBDC3;10.6;10.61;10.35;10.41;10.4;10431;7765700
08/01/2025;BBDC4;11.5;11.56;11.32;11.39;11.4;38673;35250500
08/01/2025;BRKM3;12.23;12.23;11.8;11.92;11.83;45;9800
08/01/2025;BRKM5;11.6;11.61;11.22;11.33;11.38;12090;3439900
08/01/2025;BRKM6;7.4;7.4;7.4;7.4;7.4;1;100
08/01/2025;VITT3;5.16;5.28;5.12;5.19;5.28;752;272600
08/01/2025;VIVA3;18.83;18.91;18.49;18.69;18.91;14301;3805700
08/01/2025;MOVI3;3.69;3.69;3.44;3.53;3.55;7078;8228100
08/01/2025;SCAR3;16.16;16.19;15.32;15.84;15.99;224;80200
08/01/2025;PRIO3;41.79;42.25;41.13;41.37;41.4;34850;13768900
08/01/2025;GOAU4;9.9;10.04;9.73;9.84;9.79;13959;11816900
08/01/2025;GRND3;5.33;5.33;5.24;5.27;5.27;1866;529800
08/01/2025;GUAR3;5.88;5.92;5.66;5.75;5.69;2158;726000
08/01/2025;B3SA3;10.23;10.36;10.21;10.29;10.3;48935;38515300
08/01/2025;BEEF3;4.94;4.95;4.75;4.82;4.84;10322;7863900
08/01/2025;BPAN4;6.31;6.34;6.23;6.29;6.33;1250;517800
08/01/2025;BRAP3;15.08;15.08;14.87;14.94;14.94;327;88000
08/01/2025;BRAP4;15.86;15.89;15.64;15.71;15.64;9096;3096900
08/01/2025;CPFE3;31.81;31.82;31.55;31.71;31.69;9746;1530500
08/01/2025;DASA3;2.04;2.04;1.91;1.94;1.95;1402;942700
08/01/2025;DESK3;10.45;10.45;10.17;10.26;10.28;687;173400
08/01/2025;DEXP3;8.22;8.22;8.06;8.1;8.11;389;59800
08/01/2025;DEXP4;8.25;8.34;8.24;8.24;8.24;11;4800
08/01/2025;DIRR3;25.54;25.54;24.1;24.51;24.31;11208;4138200
08/01/2025;DMVF3;5.69;5.79;5.62;5.7;5.71;341;67400
08/01/2025;DOHL4;3.95;3.95;3.95;3.95;3.95;1;100
08/01/2025;DOTZ3;3.05;3.19;3.02;3.13;3.11;91;19100
08/01/2025;DXCO3;6.02;6.02;5.85;5.91;5.91;4276;2601200
08/01/2025;ITUB3;27.61;27.68;27.27;27.39;27.42;1521;324700
08/01/2025;ITUB4;31.22;31.41;30.86;31.03;30.99;38156;19226100
08/01/2025;MGEL4;6.97;6.97;6.45;6.88;6.89;6;700
08/01/2025;MGLU3;6.46;6.48;6.07;6.24;6.17;19647;26135100
08/01/2025;AZZA3;31.01;31.01;30.13;30.49;30.65;6987;1000400
08/01/2025;BBSE3;36.54;36.78;36.21;36.33;36.31;14407;3507900
08/01/2025;CLSC4;77.3;78.14;77.0;77.27;77.2;17;2200
08/01/2025;CMIG3;14.75;14.75;14.26;14.39;14.4;1061;221500
08/01/2025;CMIG4;11.06;11.09;10.74;10.83;10.84;34749;13693800
08/01/2025;CSUD3;15.3;15.68;15.27;15.44;15.5;162;19200
08/01/2025;CTKA4;22.0;22.0;22.0;22.0;22.0;1;100
08/01/2025;CURY3;17.81;18.24;17.67;17.95;17.79;14934;3050000
08/01/2025;CVCB3;1.63;1.63;1.53;1.57;1.6;17621;22437900
08/01/2025;ESPA3;0.72;0.73;0.7;0.71;0.72;222;256000
08/01/2025;ETER3;5.08;5.12;5.04;5.07;5.09;418;153000
08/01/2025;EUCA4;13.36;13.6;13.12;13.48;13.59;298;46300
08/01/2025;EVEN3;5.6;5.61;5.5;5.53;5.5;2047;633400
08/01/2025;EZTC3;10.95;10.99;10.56;10.67;10.61;8548;2906200
08/01/2025;FESA3;13.0;13.0;13.0;13.0;13.0;1;100
08/01/2025;FESA4;7.63;7.69;7.56;7.59;7.57;1271;293500
08/01/2025;FHER3;5.76;5.95;5.6;5.71;5.6;118;18400
08/01/2025;FICT3;3.2;3.2;2.89;2.96;2.95;84;48900
08/01/2025;ALPK3;2.48;2.48;2.31;2.37;2.31;289;131500
08/01/2025;ALUP3;9.08;9.21;9.04;9.13;9.17;20;2500
08/01/2025;ALUP4;9.06;9.06;8.88;8.92;8.93;40;5500
08/01/2025;NEOE3;19.04;19.07;18.74;18.81;18.76;1653;472100
08/01/2025;AMAR3;1.1;1.1;1.06;1.08;1.08;678;201900
08/01/2025;AMBP3;110.64;111.93;102.0;107.01;107.4;742;107300
08/01/2025;AMOB3;0.35;0.37;0.33;0.34;0.35;10818;35863900
08/01/2025;ANIM3;1.59;1.59;1.53;1.55;1.54;2706;6732500
08/01/2025;ARML3;5.54;5.54;5.25;5.31;5.28;2236;532600
08/01/2025;RENT3;31.74;31.77;30.18;30.59;30.74;40004;19262000
08/01/2025;TASA3;8.61;8.65;8.55;8.62;8.55;31;6000
08/01/2025;TASA4;8.45;8.48;8.29;8.39;8.29;994;151500
08/01/2025;TCSA3;1.4;1.4;1.34;1.37;1.4;174;34000
08/01/2025;TECN3;5.46;5.69;5.41;5.58;5.56;2173;900000
08/01/2025;TELB3;12.45;12.45;12.45;12.45;12.45;2;200
08/01/2025;TELB4;7.37;7.37;7.02;7.06;7.1;10;9100
08/01/2025;TEND3;12.52;12.6;11.93;12.08;11.98;6647;4037600
08/01/2025;TFCO4;8.72;8.75;8.5;8.58;8.55;2391;553900
08/01/2025;SANB3;11.51;11.57;11.35;11.46;11.42;291;41800
08/01/2025;SANB4;12.76;12.77;12.56;12.66;12.62;283;47600
08/01/2025;UNIP3;45.63;45.7;44.98;45.28;44.99;49;5400
08/01/2025;UNIP5;50.0;50.99;50.0;50.66;50.99;3;300
08/01/2025;UNIP6;45.62;46.24;45.36;45.78;45.36;689;82400
08/01/2025;ASAI3;5.72;5.73;5.44;5.58;5.64;31424;27185400
08/01/2025;BRST3;2.5;2.6;2.38;2.47;2.42;1091;297800
08/01/2025;BSLI3;7.86;7.86;7.83;7.83;7.83;6;1300
08/01/2025;TGMA3;28.08;28.57;27.96;28.28;28.49;1250;250800
08/01/2025;TIMS3;14.75;14.82;14.57;14.7;14.57;17828;10530800
08/01/2025;WEST3;0.5;0.52;0.48;0.49;0.48;33;28600
08/01/2025;WHRL4;4.3;4.3;4.24;4.27;4.24;10;1700
08/01/2025;WIZC3;5.32;5.37;5.27;5.32;5.37;2294;486400
08/01/2025;WLMM4;30.99;30.99;30.0;30.52;30.96;9;1300
08/01/2025;SEER3;4.36;4.4;4.23;4.3;4.4;1298;315500
08/01/2025;SHOW3;0.75;0.78;0.73;0.75;0.76;260;107600
08/01/2025;SHUL4;5.57;5.62;5.49;5.56;5.58;634;197900
08/01/2025;SIMH3;3.52;3.54;3.37;3.45;3.51;4339;2438500
08/01/2025;SLCE3;17.33;17.36;17.13;17.21;17.13;6430;1596500
08/01/2025;VAMO3;4.74;4.74;4.49;4.59;4.62;11229;6101600
08/01/2025;VBBR3;17.83;18.03;17.6;17.76;17.66;20275;16242600
08/01/2025;PETR3;41.0;41.23;40.45;40.73;40.73;19195;7930200
08/01/2025;PETR4;36.99;37.12;36.43;36.7;36.68;44135;24483500
08/01/2025;SAPR3;5.25;5.44;5.25;5.34;5.4;1010;260500
08/01/2025;SAPR4;5.2;5.31;5.2;5.25;5.31;3573;2082400
08/01/2025;SBFG3;11.64;11.97;11.54;11.77;11.83;9257;5122600
08/01/2025;SBSP3;88.31;88.81;87.03;87.76;87.1;18031;3257000
08/01/2025;VALE3;52.03;52.29;51.43;51.67;51.55;53183;24423800
08/01/2025;OPCT3;5.32;5.4;5.28;5.33;5.35;1393;321300
08/01/2025;ORVR3;38.03;38.14;37.7;37.85;37.77;1707;274100
08/01/2025;USIM3;5.13;5.2;4.89;4.95;4.91;872;293900
08/01/2025;USIM5;5.04;5.04;4.87;4.9;4.88;14933;10505000
08/01/2025;LUPA3;1.24;1.25;1.22;1.23;1.22;89;26400
08/01/2025;LVTC3;2.35;2.37;2.28;2.32;2.32;32;22600
08/01/2025;LWSA3;3.39;3.44;3.34;3.4;3.41;14808;6507500
08/01/2025;PCAR3;2.82;2.85;2.7;2.76;2.85;7914;12597900
08/01/2025;PDGR3;0.01;0.01;0.01;0.01;0.01;192;1025200
08/01/2025;PDTC3;1.15;1.17;1.15;1.15;1.16;22;14100
08/01/2025;PFRM3;6.17;6.27;6.08;6.14;6.15;567;174800
08/01/2025;PGMN3;3.39;3.41;3.26;3.31;3.33;2508;840600
08/01/2025;PINE3;4.32;4.33;4.31;4.32;4.32;5;500
08/01/2025;RDNI3;2.13;2.3;2.13;2.23;2.23;16;11800
08/01/2025;RDOR3;26.38;26.62;25.89;26.21;26.37;22533;6046600
08/01/2025;RECV3;16.35;16.39;16.05;16.2;16.2;7256;1565300
08/01/2025;REDE3;6.22;6.22;6.22;6.22;6.22;1;200
08/01/2025;MATD3;3.83;3.87;3.7;3.78;3.72;2772;672800
08/01/2025;MBLY3;1.43;1.45;1.42;1.44;1.45;249;86400
08/01/2025;NINJ3;5.0;5.0;4.92;4.99;5.0;13;6400
08/01/2025;NTCO3;12.92;13.02;12.7;12.86;12.8;17840;6565000
08/01/2025;MDIA3;20.35;20.35;19.6;19.93;19.96;2051;499400
08/01/2025;MDNE3;10.72;10.74;10.27;10.41;10.42;4030;998400
08/01/2025;MEAL3;0.98;0.99;0.95;0.96;0.96;205;480200
08/01/2025;MELK3;3.54;3.63;3.48;3.57;3.6;537;281400
08/01/2025;MERC4;8.6;9.6;8.6;9.44;9.6;4;900
08/01/2025;NGRD3;21.08;21.08;19.51;20.36;19.51;297;38000
08/01/2025;ZAMP3;2.48;2.57;2.44;2.51;2.52;1566;434300
08/01/2025;MYPK3;12.25;12.55;12.12;12.24;12.25;5444;949000
08/01/2025;UCAS3;1.84;1.86;1.8;1.83;1.8;217;30600
08/01/2025;UGPA3;16.25;16.32;15.93;16.11;16.15;19349;5575800
08/01/2025;ODPV3;10.54;10.55;10.4;10.46;10.46;2869;502800
08/01/2025;OFSA3;16.98;17.2;16.43;16.94;16.98;16;7000
08/01/2025;ONCO3;2.11;2.16;2.04;2.1;2.11;6846;7277800
08/01/2025;PETZ3;4.21;4.27;4.02;4.11;4.12;9551;7438400
08/01/2025;TKNO4;64.0;69.0;64.0;65.25;69.0;4;400
08/01/2025;YDUQ3;9.02;9.27;8.89;9.07;8.98;12306;4936200
08/01/2025;RANI3;7.0;7.08;6.9;6.95;6.9;2127;742400
08/01/2025;RAPT3;8.33;8.38;8.23;8.3;8.35;49;20600
08/01/2025;RAPT4;9.53;9.6;9.35;9.47;9.41;9237;2849700
08/01/2025;RCSL3;4.44;5.03;4.22;4.62;4.5;7950;4082200
08/01/2025;RCSL4;0.78;0.79;0.71;0.73;0.73;2632;3779900
08/01/2025;SYNE3;5.38;5.41;5.04;5.14;5.07;1805;672300
08/01/2025;TAEE3;11.17;11.17;10.9;10.99;10.9;391;60000
08/01/2025;TAEE4;11.26;11.26;11.05;11.09;11.05;486;105500
08/01/2025;WEGE3;52.77;54.37;52.67;53.38;53.21;19202;6627600
08/01/2025;RAIL3;18.16;18.16;17.83;18.0;18.0;20656;9107900
08/01/2025;RAIZ4;2.15;2.16;2.04;2.06;2.04;17105;18382900
08/01/2025;SNSY5;3.63;3.64;3.63;3.63;3.64;3;2600
08/01/2025;SOJA3;10.09;10.25;9.97;10.14;10.21;1221;276400
08/01/2025;SRNA3;5.85;5.89;5.71;5.79;5.8;6065;2545400
08/01/2025;STBP3;13.03;13.13;13.03;13.07;13.13;6734;5578200
08/01/2025;SUZB3;62.36;62.84;61.04;61.78;61.8;24853;8023000
08/01/2025;VIVR3;1.08;1.11;1.08;1.09;1.1;85;29900
08/01/2025;VIVT3;48.48;48.7;47.08;47.45;47.25;15937;2282400
08/01/2025;VLID3;23.4;23.79;23.32;23.55;23.72;2011;376100
08/01/2025;VSTE3;7.8;8.25;7.35;7.66;7.35;133;31800
08/01/2025;TOTS3;26.98;26.98;26.12;26.32;26.12;13519;2742600
08/01/2025;TPIS3;5.77;5.77;5.48;5.53;5.48;37;8600
08/01/2025;TRAD3;6.33;6.89;6.27;6.55;6.65;385;101800
08/01/2025;TRIS3;4.47;4.47;4.35;4.38;4.35;996;561700
08/01/2025;TTEN3;13.14;13.5;12.98;13.32;13.43;5665;1236400
08/01/2025;TUPY3;21.83;22.02;21.65;21.87;21.95;2232;450700
08/01/2025;AALR3;7.9;8.15;7.82;7.98;8.0;41;13800
08/01/2025;ABCB4;19.61;19.72;19.1;19.22;19.17;1844;438400
08/01/2025;ABEV3;11.48;11.53;11.28;11.39;11.42;47593;39248800
08/01/2025;ELMD3;28.69;28.8;28.48;28.69;28.75;423;101300
08/01/2025;EMAE4;40.4;40.4;39.02;39.8;39.99;3;300
08/01/2025;EMBR3;58.35;58.98;57.21;57.8;57.24;23894;5066900
08/01/2025;VTRU3;6.46;6.59;6.21;6.39;6.34;280;54600
08/01/2025;VULC3;16.16;16.21;15.82;15.94;15.82;1505;330600
08/01/2025;VVEO3;2.0;2.03;1.94;1.98;2.0;1790;1166400
08/01/2025;BIOM3;9.53;9.55;9.09;9.29;9.34;233;83000
08/01/2025;HYPE3;17.9;18.32;17.82;18.06;18.03;15055;3167900
08/01/2025;MRFG3;16.79;17.12;16.55;16.84;16.95;23397;11844400
08/01/2025;BIED3;4.21;4.7;4.21;4.5;4.7;21;4000
08/01/2025;BLAU3;12.78;13.01;12.51;12.78;13.01;1033;143400
08/01/2025;PINE4;4.29;4.38;4.28;4.32;4.32;501;117300
08/01/2025;PLPL3;9.25;9.25;8.89;9.02;8.89;2756;971000
08/01/2025;PNVL3;8.76;8.78;8.61;8.69;8.78;1074;155400
08/01/2025;POMO3;5.8;5.8;5.56;5.64;5.56;1225;230400
08/01/2025;POMO4;7.62;7.67;7.42;7.52;7.45;17350;7298700
08/01/2025;PORT3;16.67;16.67;16.53;16.57;16.54;2009;677800
08/01/2025;POSI3;5.15;5.2;5.02;5.08;5.08;2523;831400
08/01/2025;BMEB4;38.49;38.69;37.31;37.83;37.31;95;10600
08/01/2025;BMGB4;3.81;3.81;3.75;3.76;3.75;600;257000
08/01/2025;BMOB3;13.44;13.56;13.26;13.39;13.34;593;174200
08/01/2025;BNBR3;96.4;96.4;93.08;94.72;95.91;7;700
08/01/2025;BOBR4;2.04;2.07;1.91;1.97;1.93;419;74500
08/01/2025;BRFS3;23.65;23.7;23.14;23.31;23.25;20826;4887100
08/01/2025;CSAN3;8.33;8.35;8.09;8.17;8.2;23390;12836800
08/01/2025;EKTR4;50.0;50.0;50.0;50.0;50.0;1;100
08/01/2025;ELET3;33.92;34.35;33.55;34.03;34.11;27656;10582100
08/01/2025;ELET6;37.69;37.98;37.2;37.7;37.92;7707;1712100
08/01/2025;BALM4;10.51;10.51;10.51;10.51;10.51;1;400
08/01/2025;BAZA3;84.8;84.8;84.15;84.31;84.8;10;1000
08/01/2025;BBAS3;24.23;24.27;23.95;24.12;24.16;31571;16417000
08/01/2025;BEES3;8.29;8.3;8.21;8.24;8.25;49;8800
08/01/2025;HAGA3;1.87;1.87;1.78;1.82;1.79;6;700
08/01/2025;HAGA4;1.17;1.2;1.13;1.14;1.15;17;16300
08/01/2025;HAPV3;2.36;2.41;2.26;2.33;2.35;43711;92035100
08/01/2025;HBOR3;1.4;1.4;1.37;1.37;1.37;329;566200
08/01/2025;HBRE3;3.05;3.05;2.91;2.94;2.92;263;233600
08/01/2025;HBSA3;2.84;2.9;2.79;2.82;2.83;7107;2107800
08/01/2025;JALL3;4.63;4.65;4.51;4.59;4.64;1742;578800
08/01/2025;JBSS3;35.7;36.43;35.39;35.72;35.62;22258;8075000
08/01/2025;MILS3;8.61;8.65;8.48;8.57;8.56;2381;656300
08/01/2025;MLAS3;1.17;1.18;1.13;1.14;1.15;1791;1146600
08/01/2025;MNPR3;22.0;22.88;22.0;22.46;22.88;23;3000
08/01/2025;BGIP4;24.0;24.0;23.31;23.54;23.31;3;300
08/01/2025;BHIA3;2.96;2.96;2.82;2.87;2.89;1282;1673600
08/01/2025;BRAV3;23.96;24.1;23.56;23.79;23.98;19294;6106300
08/01/2025;CPLE3;8.22;8.23;8.08;8.14;8.13;4508;5189700
08/01/2025;CPLE5;10.88;10.89;10.88;10.88;10.89;2;300
08/01/2025;CPLE6;9.11;9.12;8.98;9.04;9.01;14552;13220400
08/01/2025;CRFB3;6.03;6.04;5.34;5.55;5.4;23474;28151100
08/01/2025;CRPG5;19.98;19.98;19.52;19.8;19.9;6;900
08/01/2025;CRPG6;20.01;20.99;20.01;20.49;20.99;3;300
08/01/2025;EALT4;13.09;13.09;12.9;12.98;12.97;39;7000
08/01/2025;ECOR3;4.27;4.38;4.22;4.29;4.3;4702;3510500
08/01/2025;EGIE3;35.58;35.58;35.07;35.18;35.15;8798;1410700
08/01/2025;GGPS3;14.73;14.78;14.32;14.48;14.32;8574;5063100
08/01/2025;GMAT3;6.22;6.22;6.0;6.04;6.04;7799;3428700
08/01/2025;GOAU3;10.07;10.07;9.86;9.91;9.92;160;31300
08/01/2025;BPAC3;13.76;14.98;13.72;14.33;14.38;50;6800
08/01/2025;BPAC5;7.11;7.16;6.85;7.0;7.05;34;6100
08/01/2025;CMIN3;4.79;4.82;4.6;4.68;4.64;15242;8859400
08/01/2025;COCE5;24.96;25.09;24.5;24.91;24.91;45;6300
08/01/2025;COGN3;1.14;1.19;1.13;1.15;1.17;17661;25594400
08/01/2025;CXSE3;14.18;14.31;14.04;14.11;14.09;12951;3306000
08/01/2025;CYRE3;16.54;16.6;16.11;16.28;16.27;15998;9827300
08/01/2025;FIQE3;3.37;3.4;3.32;3.34;3.37;1293;503300
08/01/2025;FLRY3;12.15;12.22;12.05;12.13;12.11;9092;2651000
08/01/2025;FRAS3;20.75;20.85;20.61;20.69;20.7;936;219900
08/01/2025;FRIO3;301.2;308.99;299.0;300.73;300.0;13;1400
08/01/2025;GEPA3;29.0;29.0;29.0;29.0;29.0;1;100
08/01/2025;GEPA4;30.25;30.25;29.5;29.87;29.5;2;200
08/01/2025;GFSA3;1.24;1.25;1.15;1.18;1.16;1321;3098000
08/01/2025;GGBR3;16.01;16.37;15.98;16.12;16.07;137;21000
08/01/2025;GGBR4;17.82;18.09;17.56;17.7;17.6;25529;13010100
08/01/2025;ISAE3;31.5;31.75;31.49;31.67;31.75;33;4400
08/01/2025;ISAE4;23.22;23.45;23.19;23.27;23.26;10306;10294200
08/01/2025;ITSA3;9.1;9.11;8.88;8.95;8.88;617;202900
08/01/2025;ITSA4;8.81;8.86;8.7;8.75;8.71;28688;33777700
08/01/2025;ATED3;1.5;1.55;1.36;1.41;1.39;64;40300
08/01/2025;AURE3;8.34;8.35;8.07;8.14;8.14;11596;5275400
08/01/2025;AVLL3;2.78;2.78;2.78;2.78;2.78;1;200
08/01/2025;AZEV3;1.01;1.04;0.99;1.01;0.99;399;625200
08/01/2025;AZEV4;1.02;1.04;0.99;1.01;1.0;1961;2629200
08/01/2025;AZUL4;4.15;4.22;4.05;4.15;4.21;9896;18888900
08/01/2025;CEAB3;7.95;8.1;7.64;7.78;7.7;11810;5756000
08/01/2025;CEBR3;15.89;15.9;15.61;15.79;15.9;13;1700
14/01/2025;IGTI3;2.02;2.09;2.01;2.06;2.09;184;45600
14/01/2025;IGTI4;7.53;7.53;7.53;7.53;7.53;1;100
14/01/2025;MEAL3;0.92;0.94;0.91;0.92;0.92;101;185800
14/01/2025;MELK3;3.48;3.55;3.45;3.49;3.55;337;206100
14/01/2025;MGLU3;5.86;5.92;5.71;5.82;5.91;15781;24854100
14/01/2025;NGRD3;19.35;20.42;18.52;19.41;20.42;291;69100
14/01/2025;NTCO3;12.18;12.44;11.89;12.28;12.44;17778;10517300
14/01/2025;RANI3;6.97;6.97;6.86;6.91;6.94;2071;727800
14/01/2025;RAPT3;7.86;7.86;7.55;7.66;7.64;118;47800
14/01/2025;RAPT4;8.55;8.58;8.27;8.38;8.37;12428;3712600
14/01/2025;TPIS3;5.08;5.28;5.08;5.15;5.1;29;7000
14/01/2025;TRAD3;6.23;6.49;6.08;6.34;6.49;248;90300
14/01/2025;TRIS3;4.38;4.56;4.36;4.4;4.56;515;556500
14/01/2025;TTEN3;13.84;14.19;13.79;13.92;13.9;6430;897700
14/01/2025;TUPY3;21.5;21.5;20.95;21.12;21.2;1770;280400
14/01/2025;UCAS3;1.79;1.86;1.78;1.81;1.8;228;35100
14/01/2025;UGPA3;15.41;15.66;15.19;15.47;15.66;12394;4115300
14/01/2025;VAMO3;4.39;4.52;4.33;4.41;4.45;5217;4388100
14/01/2025;VBBR3;17.43;17.59;17.25;17.4;17.39;18375;14115000
14/01/2025;MYPK3;12.37;12.55;12.24;12.4;12.44;5470;846100
14/01/2025;NEOE3;18.14;18.25;18.03;18.18;18.12;2309;671600
14/01/2025;RAIL3;17.01;17.46;16.96;17.19;17.26;23266;23596600
14/01/2025;RAIZ4;2.03;2.03;1.97;1.99;2.0;14726;13086300
14/01/2025;TASA3;8.23;8.39;8.2;8.27;8.25;32;5100
14/01/2025;TASA4;8.04;8.18;8.0;8.07;8.15;1069;180800
14/01/2025;TCSA3;1.43;1.43;1.33;1.36;1.4;154;102000
14/01/2025;TECN3;5.51;5.64;5.5;5.58;5.56;372;86600
14/01/2025;TELB3;12.9;12.9;12.0;12.2;12.02;16;2500
14/01/2025;TELB4;7.05;7.14;7.05;7.12;7.14;4;1200
14/01/2025;TEND3;12.15;12.3;11.98;12.1;12.16;3609;1360300
14/01/2025;TFCO4;8.48;8.61;8.34;8.5;8.59;850;243500
08/01/2025;CEBR5;15.4;15.59;15.4;15.45;15.44;4;400
08/01/2025;CEBR6;17.39;17.58;17.12;17.33;17.49;94;14300
08/01/2025;CEDO4;22.5;22.6;22.0;22.46;22.6;4;1200
08/01/2025;CEEB3;37.35;38.75;37.35;38.05;38.75;2;200
08/01/2025;CGAS5;123.98;125.0;123.98;124.19;124.0;5;500
08/01/2025;CGRA3;27.0;27.3;26.76;26.98;26.99;31;4300
08/01/2025;CGRA4;26.7;27.15;26.6;26.93;27.15;124;19800
08/01/2025;CLSA3;9.84;9.88;9.81;9.84;9.87;1208;517500
08/01/2025;CLSC3;72.82;77.5;72.82;76.7;77.5;15;2300
08/01/2025;SEQL3;2.84;2.97;2.71;2.84;2.82;811;476500
08/01/2025;NUTR3;3.99;4.22;3.91;4.02;4.16;54;10700
08/01/2025;JFEN3;2.68;2.74;2.64;2.66;2.64;68;42400
08/01/2025;RPMG3;2.8;2.86;2.77;2.8;2.77;10;1900
08/01/2025;RSID3;2.89;2.94;2.83;2.89;2.9;199;26400
08/01/2025;LIGT3;4.0;4.0;3.9;3.95;3.9;2067;552600
08/01/2025;AGXY3;0.46;0.47;0.45;0.45;0.46;203;123200
08/01/2025;RNEW3;0.98;1.02;0.96;0.98;0.98;93;61300
08/01/2025;RNEW4;0.96;0.99;0.95;0.97;0.98;133;186400
08/01/2025;AMER3;5.7;5.74;5.52;5.59;5.6;2583;1531600
08/01/2025;NEXP3;3.94;3.94;3.79;3.84;3.79;5;800
08/01/2025;OIBR3;1.36;1.4;1.34;1.36;1.37;543;1343300
08/01/2025;OIBR4;8.8;8.8;8.61;8.72;8.67;13;6700
08/01/2025;PMAM3;1.01;1.91;0.99;1.52;1.55;3322;3302800
08/01/2025;ATMP3;1.26;1.3;1.21;1.28;1.27;22;5400
14/01/2025;TGMA3;28.0;28.03;27.76;27.88;27.85;609;97200
14/01/2025;TIMS3;13.8;14.04;13.74;13.91;14.04;10875;10899500
14/01/2025;TKNO4;61.6;61.72;61.6;61.67;61.71;3;300
14/01/2025;ROMI3;8.55;8.55;8.41;8.45;8.42;579;88300
14/01/2025;RSUL4;54.95;54.95;54.95;54.95;54.95;1;100
14/01/2025;JHSF3;3.67;3.7;3.61;3.65;3.68;5985;2769100
14/01/2025;B3SA3;9.79;9.93;9.71;9.84;9.84;38240;39132200
14/01/2025;BBSE3;36.15;37.28;36.1;36.83;36.9;15178;6369200
14/01/2025;BRST3;2.41;2.5;2.4;2.46;2.48;634;77200
14/01/2025;BSLI3;7.88;7.88;7.88;7.88;7.88;1;100
14/01/2025;BSLI4;7.95;8.0;7.95;7.98;8.0;2;1500
14/01/2025;RECV3;16.47;16.63;16.38;16.51;16.56;4753;1203600
14/01/2025;REDE3;6.3;6.31;6.28;6.29;6.28;6;1600
14/01/2025;RENT3;28.76;29.64;28.76;29.24;29.22;26590;10366000
14/01/2025;UNIP3;44.56;44.65;44.16;44.54;44.65;30;3700
14/01/2025;UNIP5;48.88;48.88;48.88;48.88;48.88;1;100
14/01/2025;UNIP6;44.56;45.27;44.42;44.77;45.27;721;95600
14/01/2025;USIM3;4.88;4.94;4.76;4.82;4.79;699;304600
14/01/2025;USIM5;4.8;4.81;4.68;4.72;4.68;5996;8290900
14/01/2025;VITT3;4.99;5.11;4.87;4.96;5.11;777;152400
14/01/2025;VIVA3;18.38;18.68;18.25;18.53;18.6;8464;2471300
14/01/2025;VIVR3;1.07;1.08;1.07;1.07;1.08;28;11500
14/01/2025;VIVT3;46.89;47.32;46.76;47.08;47.18;11509;1579200
14/01/2025;LUPA3;1.29;1.29;1.18;1.22;1.24;193;196200
14/01/2025;LVTC3;2.25;2.39;2.19;2.26;2.34;57;36200
14/01/2025;LWSA3;3.35;3.41;3.28;3.31;3.3;9693;6003800
14/01/2025;PCAR3;2.65;2.71;2.55;2.61;2.69;21703;17597800
14/01/2025;PETZ3;4.15;4.3;4.05;4.18;4.3;7558;6202400
14/01/2025;MATD3;3.63;3.65;3.52;3.58;3.52;3811;1073900
14/01/2025;MBLY3;1.51;1.59;1.49;1.54;1.59;264;79600
14/01/2025;MDIA3;19.48;19.63;19.31;19.51;19.55;1129;190800
14/01/2025;MDNE3;10.46;10.48;10.23;10.34;10.4;2496;564100
14/01/2025;SEQL3;2.67;2.69;2.57;2.62;2.63;283;177300
14/01/2025;NUTR3;4.07;4.08;3.88;3.99;3.96;32;4800
14/01/2025;LIGT3;3.96;3.96;3.86;3.9;3.87;774;229200
14/01/2025;RNEW3;0.9;0.93;0.89;0.91;0.89;84;43600
14/01/2025;RNEW4;0.93;0.93;0.89;0.9;0.91;139;139800
14/01/2025;PMAM3;1.46;1.51;1.36;1.42;1.36;638;697200
14/01/2025;OIBR3;1.44;1.44;1.38;1.4;1.39;902;1208500
14/01/2025;OIBR4;8.57;8.78;8.33;8.47;8.4;37;14300
14/01/2025;AMER3;5.5;5.64;5.48;5.54;5.55;1720;1602800
14/01/2025;ATMP3;1.13;1.18;1.1;1.13;1.1;58;28100
14/01/2025;AGXY3;0.45;0.45;0.44;0.44;0.44;185;106900
14/01/2025;JFEN3;2.56;2.68;2.53;2.59;2.59;61;28100
14/01/2025;NEXP3;3.85;3.85;3.85;3.85;3.85;3;1000
14/01/2025;RPMG3;2.72;2.72;2.72;2.72;2.72;1;100
14/01/2025;RSID3;2.73;2.79;2.71;2.74;2.71;77;12500
21/01/2025;RCSL3;4.7;4.8;4.36;4.58;4.61;5099;3005800
21/01/2025;RCSL4;0.73;0.76;0.69;0.73;0.71;3230;6486600
21/01/2025;RDNI3;2.39;2.4;2.29;2.35;2.4;11;2900
21/01/2025;RDOR3;26.97;27.44;26.88;27.26;27.29;14126;2982800
21/01/2025;TASA3;8.23;8.3;8.17;8.25;8.22;26;3600
21/01/2025;TASA4;8.15;8.25;8.08;8.16;8.14;1069;214100
21/01/2025;TCSA3;1.49;1.5;1.42;1.46;1.43;268;53300
21/01/2025;TECN3;5.35;5.37;5.24;5.31;5.31;208;57600
21/01/2025;TELB3;11.6;11.6;11.56;11.57;11.6;3;600
21/01/2025;TELB4;6.74;7.1;6.63;6.82;7.0;17;3600
21/01/2025;TEND3;12.14;12.25;11.99;12.12;12.16;4928;2020900
21/01/2025;TFCO4;8.79;8.97;8.79;8.87;8.9;569;164500
21/01/2025;TGMA3;28.65;28.89;28.47;28.76;28.88;1510;218800
21/01/2025;TIMS3;14.84;15.2;14.81;15.07;15.11;11937;9191900
21/01/2025;TOTS3;28.26;29.16;28.26;28.86;29.05;14588;3209100
21/01/2025;VITT3;5.09;5.17;5.04;5.11;5.15;1095;225200
21/01/2025;VIVA3;19.33;19.76;19.33;19.61;19.67;6833;1627300
21/01/2025;VIVR3;1.1;1.1;1.07;1.08;1.1;310;65500
21/01/2025;VIVT3;49.04;50.1;48.72;49.65;49.82;13384;2220700
21/01/2025;VLID3;22.76;23.09;22.35;22.6;22.63;1561;261200
21/01/2025;RAIL3;17.02;17.06;16.81;16.91;16.87;23636;9153300
21/01/2025;RAIZ4;1.92;1.93;1.83;1.86;1.87;16509;35349000
21/01/2025;SYNE3;4.89;5.02;4.89;4.96;5.0;1666;448400
21/01/2025;TAEE3;10.91;11.0;10.87;10.93;10.92;304;55900
21/01/2025;TAEE4;11.03;11.13;10.99;11.08;11.08;391;102600
21/01/2025;JHSF3;3.74;3.77;3.68;3.73;3.75;3024;2496400
21/01/2025;MTRE3;3.13;3.2;3.11;3.16;3.14;1076;305300
21/01/2025;MTSA4;36.99;37.8;36.31;37.06;37.78;10;1100
21/01/2025;MULT3;20.67;21.0;20.61;20.87;20.98;9481;1849200
21/01/2025;MYPK3;13.33;13.36;13.1;13.21;13.24;4406;956600
14/01/2025;GOLL4;1.58;1.63;1.55;1.58;1.63;2646;4830100
21/01/2025;ATED3;1.39;1.43;1.39;1.4;1.39;19;7700
21/01/2025;AURE3;7.78;7.84;7.67;7.77;7.79;7012;3968800
21/01/2025;CAMB3;10.79;10.87;10.66;10.77;10.87;63;12400
21/01/2025;CAML3;4.77;4.85;4.7;4.75;4.85;1977;955400
21/01/2025;CASH3;3.14;3.15;3.06;3.08;3.08;958;572200
21/01/2025;CBAV3;5.05;5.21;5.03;5.14;5.14;6361;3134700
21/01/2025;CCRO3;10.58;10.73;10.51;10.64;10.65;9015;5045900
21/01/2025;CEAB3;8.09;8.27;8.01;8.15;8.26;7883;3494700
21/01/2025;CEBR3;15.94;15.99;15.79;15.9;15.97;16;2300
21/01/2025;CEBR5;15.48;15.51;15.16;15.33;15.48;21;5000
21/01/2025;CEBR6;17.49;17.5;17.21;17.37;17.43;9;1000
21/01/2025;CEDO4;19.98;19.98;19.98;19.98;19.98;2;200
21/01/2025;CEEB3;37.99;38.0;37.99;37.99;38.0;2;400
21/01/2025;CGAS5;127.42;127.42;125.2;125.64;125.2;5;500
21/01/2025;CGRA3;26.0;26.89;26.0;26.49;26.89;14;2600
21/01/2025;CGRA4;26.88;27.05;26.51;26.67;26.51;15;2700
21/01/2025;CLSA3;10.1;10.11;10.02;10.05;10.08;1518;884700
21/01/2025;CLSC4;79.84;79.88;79.04;79.53;79.88;5;500
21/01/2025;CMIG3;14.4;14.66;14.14;14.47;14.61;1032;183700
21/01/2025;CMIG4;10.28;10.67;10.22;10.51;10.61;28977;16785500
21/01/2025;HAGA4;1.21;1.21;1.16;1.16;1.18;8;1500
21/01/2025;HAPV3;2.28;2.32;2.24;2.28;2.28;37366;52508300
21/01/2025;JBSS3;34.25;34.25;32.56;33.23;33.66;30969;10433100
21/01/2025;MRVE3;5.35;5.45;5.33;5.38;5.34;7531;6933000
21/01/2025;AERI3;6.37;7.65;6.26;7.0;6.93;3722;2351100
21/01/2025;AGRO3;22.48;22.59;22.26;22.38;22.35;670;104000
21/01/2025;ALLD3;6.74;7.05;6.7;6.86;7.05;433;61200
21/01/2025;ALOS3;18.05;18.21;17.94;18.08;18.11;6274;2304400
21/01/2025;ALPA3;5.88;6.15;5.88;5.98;5.9;21;9100
21/01/2025;ALPA4;6.12;6.31;6.12;6.24;6.26;4420;1745100
21/01/2025;ALPK3;2.53;2.54;2.41;2.45;2.41;180;51700
08/01/2025;GOLL4;1.52;1.56;1.51;1.53;1.55;1155;4918000
21/01/2025;BGIP4;24.0;25.0;24.0;24.64;25.0;7;1100
21/01/2025;BHIA3;2.95;3.08;2.91;2.98;3.08;1329;2093400
21/01/2025;BIED3;4.0;4.08;4.0;4.06;4.08;8;3600
21/01/2025;DIRR3;25.33;25.64;25.07;25.44;25.51;6583;1968100
21/01/2025;DMVF3;5.84;6.08;5.84;5.93;5.86;220;35600
21/01/2025;DOHL4;3.99;4.0;3.8;3.91;3.95;5;1200
21/01/2025;ENEV3;10.72;10.95;10.68;10.85;10.83;20301;8612100
21/01/2025;IFCM3;0.08;0.08;0.07;0.07;0.07;535;2813400
21/01/2025;IGTI3;2.08;2.09;2.06;2.08;2.09;82;17500
21/01/2025;INEP3;1.41;1.41;1.34;1.35;1.35;29;15900
21/01/2025;INEP4;1.46;1.49;1.35;1.37;1.35;52;33500
21/01/2025;INTB3;13.61;13.67;13.16;13.51;13.55;5788;1438000
21/01/2025;IRBR3;51.6;52.15;50.32;51.02;50.7;4610;1008100
21/01/2025;LAND3;13.44;13.83;13.44;13.68;13.57;106;11800
21/01/2025;LAVV3;7.63;7.78;7.57;7.69;7.74;2509;724400
21/01/2025;LEVE3;26.9;27.16;26.77;26.96;26.9;1259;198500
21/01/2025;LJQQ3;2.06;2.07;2.02;2.04;2.03;2425;2276200
21/01/2025;TRAD3;6.12;6.2;5.99;6.06;5.99;227;62900
21/01/2025;TRIS3;5.09;5.26;5.04;5.16;5.1;2532;884900
21/01/2025;TTEN3;13.91;14.48;13.9;14.14;14.44;3886;854400
21/01/2025;TUPY3;21.79;21.83;21.35;21.5;21.53;2266;381100
21/01/2025;UCAS3;1.82;1.86;1.79;1.8;1.8;69;23300
21/01/2025;UGPA3;16.21;16.38;15.89;16.17;16.32;27193;7966700
21/01/2025;PGMN3;2.99;3.08;2.9;2.97;3.07;2853;2782600
21/01/2025;PINE3;4.25;4.35;4.25;4.28;4.34;4;600
21/01/2025;PINE4;4.3;4.39;4.3;4.34;4.3;248;65600
21/01/2025;PLAS3;5.5;5.55;5.3;5.39;5.5;6;700
21/01/2025;PLPL3;8.97;9.15;8.95;9.06;9.09;3405;627600
21/01/2025;PNVL3;8.2;8.31;8.15;8.24;8.31;1370;267400
21/01/2025;POMO3;5.93;6.18;5.93;6.11;6.18;502;131600
21/01/2025;POMO4;8.0;8.16;7.94;8.07;8.1;19929;8189500
21/01/2025;PORT3;16.52;16.72;16.52;16.62;16.63;924;311800
21/01/2025;POSI3;5.37;5.54;5.28;5.45;5.5;1462;703500
21/01/2025;SAPR3;5.15;5.29;5.15;5.23;5.25;410;108500
21/01/2025;SAPR4;5.21;5.33;5.21;5.27;5.26;1835;901800
21/01/2025;LOGG3;18.8;18.89;18.33;18.54;18.4;1533;195200
21/01/2025;LOGN3;20.0;20.06;19.81;19.94;20.0;161;20000
21/01/2025;LPSB3;1.33;1.38;1.31;1.34;1.38;212;91300
21/01/2025;LREN3;12.45;12.52;12.27;12.38;12.52;21762;12450300
21/01/2025;ODPV3;10.76;10.92;10.73;10.82;10.84;4300;1002900
21/01/2025;OFSA3;16.38;17.87;16.38;17.28;17.87;14;1900
21/01/2025;ONCO3;2.24;2.28;2.02;2.11;2.04;4252;10578900
21/01/2025;OPCT3;4.91;4.98;4.87;4.89;4.95;2288;1263700
21/01/2025;SBFG3;10.65;10.68;10.43;10.55;10.68;6206;2004600
21/01/2025;SBSP3;93.42;95.6;93.11;94.73;94.51;16010;3072300
21/01/2025;VALE3;54.29;54.32;53.25;53.77;54.02;47930;28798700
21/01/2025;ZAMP3;2.55;2.66;2.53;2.59;2.57;1126;458000
21/01/2025;PETZ3;4.41;4.56;4.28;4.47;4.5;6907;6827500
21/01/2025;ROMI3;8.87;9.04;8.81;8.93;8.99;1224;212300
21/01/2025;RSUL4;55.0;55.0;53.53;54.68;55.0;9;1100
21/01/2025;SANB3;11.84;11.94;11.77;11.86;11.82;368;97100
21/01/2025;SANB4;13.2;13.31;13.09;13.2;13.21;424;138700
21/01/2025;USIM3;5.05;5.3;5.02;5.21;5.3;660;251300
21/01/2025;USIM5;5.03;5.31;5.01;5.21;5.31;13491;13036300
21/01/2025;WEST3;4.7;4.7;4.6;4.61;4.6;17;3200
21/01/2025;WHRL3;3.83;3.9;3.83;3.87;3.9;5;500
21/01/2025;WHRL4;4.14;4.21;4.14;4.18;4.2;9;1800
21/01/2025;WIZC3;5.41;5.56;5.41;5.47;5.52;837;188600
21/01/2025;WLMM4;29.39;29.39;28.99;29.12;28.99;6;800
21/01/2025;ALUP3;9.27;9.36;9.13;9.21;9.17;48;8800
21/01/2025;ALUP4;9.0;9.13;8.98;9.03;9.01;113;15700
21/01/2025;BRSR3;11.31;11.53;11.28;11.42;11.51;16;1800
21/01/2025;BRSR6;9.8;10.05;9.8;9.96;10.0;4820;1908000
21/01/2025;BRST3;2.6;2.68;2.56;2.61;2.6;632;96500
21/01/2025;BSLI4;7.71;7.94;7.55;7.69;7.94;4;400
21/01/2025;KEPL3;9.43;9.56;9.43;9.5;9.53;1804;429900
21/01/2025;KLBN3;4.66;4.73;4.66;4.68;4.68;438;161500
21/01/2025;KLBN4;4.34;4.38;4.31;4.34;4.38;1214;673500
21/01/2025;KRSA3;8.36;8.59;8.36;8.45;8.4;163;37400
21/01/2025;BPAN4;6.71;6.74;6.58;6.65;6.66;5111;1327100
21/01/2025;BRAP3;15.63;15.66;15.39;15.54;15.56;226;48700
21/01/2025;BRAP4;16.74;16.79;16.48;16.65;16.66;5164;4305900
21/01/2025;BRAV3;23.45;24.8;23.0;24.17;24.72;24691;11425900
21/01/2025;CPLE3;8.32;8.37;8.23;8.34;8.36;2217;2455100
21/01/2025;CPLE6;9.13;9.26;9.08;9.22;9.24;10304;9610300
21/01/2025;CRFB3;5.79;5.88;5.72;5.81;5.88;9638;8619500
21/01/2025;CRPG5;19.45;19.45;19.27;19.43;19.27;9;900
21/01/2025;CSAN3;7.7;7.83;7.57;7.68;7.75;31327;27015900
21/01/2025;NUTR3;3.86;3.86;3.55;3.72;3.77;45;6200
21/01/2025;SEQL3;2.91;3.02;2.8;2.87;2.84;657;588800
21/01/2025;NEXP3;3.85;3.85;3.85;3.85;3.85;2;1000
21/01/2025;AMER3;5.77;7.25;5.74;6.74;6.51;12746;11152700
21/01/2025;JFEN3;2.43;2.5;2.43;2.46;2.46;33;15700
21/01/2025;ATMP3;1.11;1.15;1.11;1.14;1.15;12;5200
21/01/2025;AGXY3;0.59;0.7;0.58;0.63;0.64;1474;2558900
21/01/2025;LIGT3;4.05;4.18;4.0;4.06;4.08;2286;747400
21/01/2025;PMAM3;1.31;1.31;1.27;1.29;1.3;184;126800
21/01/2025;OIBR3;1.42;1.54;1.42;1.48;1.48;1560;3141200
21/01/2025;OIBR4;8.71;9.42;8.58;8.91;9.42;83;25200
21/01/2025;RNEW3;0.93;0.95;0.91;0.93;0.92;26;13500
21/01/2025;RNEW4;0.91;0.92;0.9;0.91;0.92;59;46600
21/01/2025;RPMG3;2.73;2.99;2.73;2.8;2.81;24;8300
21/01/2025;RSID3;2.92;2.93;2.82;2.86;2.93;131;20400
15/01/2025;KEPL3;9.26;9.67;9.26;9.55;9.63;3960;1022900
15/01/2025;KLBN3;4.6;4.67;4.5;4.58;4.61;733;247800
15/01/2025;MILS3;8.24;8.71;8.24;8.55;8.71;3331;924300
15/01/2025;MLAS3;1.1;1.22;1.09;1.15;1.17;1803;1526100
15/01/2025;MNDL3;16.3;16.3;16.0;16.03;16.0;5;800
15/01/2025;MNPR3;24.05;25.7;24.05;24.89;25.49;20;4100
15/01/2025;MOVI3;3.55;3.8;3.55;3.71;3.8;6124;5587500
15/01/2025;PINE3;4.42;4.42;4.22;4.35;4.3;13;2600
15/01/2025;PINE4;4.25;4.45;4.25;4.38;4.37;662;144700
15/01/2025;PLAS3;5.6;6.0;5.6;5.73;6.0;2;300
15/01/2025;PLPL3;8.76;9.52;8.76;9.21;9.46;7299;1820200
15/01/2025;PNVL3;8.52;8.76;8.52;8.67;8.69;1553;244100
15/01/2025;POMO3;5.75;6.27;5.75;6.07;6.19;1216;363000
15/01/2025;POMO4;7.69;8.25;7.64;8.05;8.17;18718;19514000
15/01/2025;PORT3;16.29;16.46;16.19;16.35;16.41;1700;411400
15/01/2025;POSI3;5.03;5.31;5.03;5.18;5.26;2848;1242400
15/01/2025;PRIO3;42.5;43.42;42.16;42.8;43.0;28276;21990100
15/01/2025;BIOM3;9.12;9.85;8.99;9.46;9.84;557;165700
15/01/2025;BPAN4;6.64;7.13;6.63;6.97;7.04;5770;3182800
15/01/2025;CPFE3;32.56;32.84;32.31;32.58;32.71;5173;880400
15/01/2025;CPLE3;8.09;8.26;8.03;8.16;8.25;10394;4198400
15/01/2025;CPLE6;8.9;9.15;8.9;9.03;9.13;18710;11167100
15/01/2025;CXSE3;14.25;14.48;14.14;14.32;14.38;12823;3624900
15/01/2025;CYRE3;16.93;17.97;16.91;17.5;17.94;21689;7966000
15/01/2025;ENJU3;1.04;1.12;1.04;1.08;1.1;234;551000
15/01/2025;EPAR3;5.21;5.58;5.21;5.3;5.53;14;2700
15/01/2025;EQMA3B;23.99;23.99;23.99;23.99;23.99;1;100
15/01/2025;EQPA3;5.33;5.35;5.25;5.32;5.33;42;11200
15/01/2025;EQTL3;27.46;28.03;27.32;27.66;27.77;50155;23067100
15/01/2025;ALPA3;6.17;6.17;5.81;5.89;5.84;55;7300
15/01/2025;ALPA4;6.15;6.28;6.09;6.19;6.26;8639;4012900
15/01/2025;ALPK3;2.46;2.59;2.46;2.53;2.53;206;66000
15/01/2025;ALUP3;9.42;9.5;9.26;9.33;9.3;27;5100
15/01/2025;ALUP4;9.11;9.16;9.01;9.08;9.04;42;5500
15/01/2025;AMAR3;1.05;1.09;1.05;1.07;1.07;290;266400
15/01/2025;AMBP3;124.0;127.33;120.0;122.51;120.0;441;87500
15/01/2025;BEES3;8.25;8.38;8.24;8.31;8.28;58;12900
15/01/2025;RADL3;21.37;21.78;21.03;21.45;21.55;14509;5230700
15/01/2025;SBFG3;10.73;11.35;10.73;11.09;11.27;10333;2805100
15/01/2025;SBSP3;89.75;92.9;88.84;91.27;92.7;27149;6439600
15/01/2025;UCAS3;1.81;1.83;1.81;1.82;1.83;52;8100
15/01/2025;UGPA3;15.95;16.54;15.69;16.13;16.53;19411;12933700
15/01/2025;ZAMP3;2.62;2.83;2.59;2.78;2.78;2911;1280400
15/01/2025;TASA3;8.43;8.68;8.25;8.56;8.6;75;22700
15/01/2025;TASA4;8.14;8.6;8.14;8.44;8.57;1438;257600
15/01/2025;TCSA3;1.4;1.49;1.4;1.44;1.42;223;243300
15/01/2025;TECN3;5.55;5.63;5.55;5.58;5.63;143;44400
15/01/2025;TELB3;12.02;12.15;11.92;12.06;12.15;5;600
15/01/2025;TELB4;6.85;7.14;6.85;7.06;7.14;3;400
15/01/2025;TEND3;11.95;12.35;11.78;12.09;12.3;12287;6035700
15/01/2025;TFCO4;8.65;9.03;8.62;8.75;9.03;1524;600000
15/01/2025;TGMA3;28.02;28.99;27.98;28.55;28.99;1635;276400
15/01/2025;TIMS3;14.21;14.56;14.11;14.31;14.55;19945;9334600
15/01/2025;BGIP4;24.0;24.5;24.0;24.24;24.1;6;700
15/01/2025;BHIA3;2.75;2.93;2.74;2.83;2.9;2971;3997300
15/01/2025;BPAC3;14.6;15.39;14.24;14.93;15.39;17;2400
15/01/2025;BPAC5;7.28;7.43;7.21;7.3;7.29;10;1600
15/01/2025;ENEV3;10.95;11.19;10.77;10.99;11.04;15255;7994300
15/01/2025;ENGI3;10.46;10.65;10.15;10.45;10.55;41;4900
15/01/2025;ENGI4;6.58;6.65;6.5;6.55;6.64;58;12900
15/01/2025;HBOR3;1.34;1.42;1.34;1.36;1.38;1023;1556500
15/01/2025;HBRE3;2.99;3.17;2.99;3.1;3.09;716;612700
15/01/2025;HBSA3;3.0;3.35;2.97;3.17;3.21;7971;6759200
15/01/2025;HYPE3;18.28;18.48;18.05;18.37;18.4;11082;3455100
15/01/2025;ISAE3;31.85;31.85;31.31;31.55;31.65;16;1700
15/01/2025;ISAE4;22.62;22.99;22.6;22.85;22.95;11012;2557400
15/01/2025;AERI3;7.13;7.42;7.13;7.26;7.26;976;584100
15/01/2025;YDUQ3;8.58;9.23;8.51;8.88;9.19;13730;6457300
15/01/2025;UNIP3;44.62;45.06;44.45;44.69;44.84;52;9200
15/01/2025;VAMO3;4.51;4.88;4.5;4.74;4.87;9283;6955800
15/01/2025;VBBR3;17.71;17.99;17.53;17.71;17.87;22432;13307900
15/01/2025;AGRO3;22.3;22.42;22.0;22.22;22.23;1397;218400
15/01/2025;ALLD3;6.6;6.91;6.6;6.8;6.9;139;45400
15/01/2025;ALOS3;17.85;18.45;17.74;18.13;18.34;12188;10354800
15/01/2025;BALM4;10.57;10.57;10.51;10.53;10.51;4;500
15/01/2025;BAZA3;84.95;85.0;84.95;84.98;85.0;2;700
15/01/2025;BBAS3;24.91;25.37;24.75;25.07;25.27;38170;19626500
15/01/2025;CGRA4;27.05;27.83;27.05;27.53;27.8;25;2500
15/01/2025;CLSA3;10.07;10.07;9.95;10.0;10.05;1950;2798700
15/01/2025;CLSC3;78.94;80.0;78.94;79.67;79.7;9;900
15/01/2025;CLSC4;79.65;80.9;79.01;79.56;79.03;50;5100
15/01/2025;CMIG3;14.29;14.47;14.29;14.4;14.43;815;133700
15/01/2025;CMIG4;10.55;10.66;10.43;10.53;10.59;19985;12001900
15/01/2025;CSED3;3.08;3.38;3.08;3.28;3.38;1696;708800
15/01/2025;CSMG3;21.38;21.62;21.09;21.3;21.47;9025;2111100
15/01/2025;CSNA3;7.56;8.02;7.55;7.75;7.97;14886;12117400
15/01/2025;EKTR4;50.51;50.51;50.01;50.2;50.01;4;500
15/01/2025;ELET3;34.3;35.24;34.29;34.85;35.17;19613;9517800
15/01/2025;ELET6;37.8;38.94;37.79;38.51;38.9;5595;1204900
15/01/2025;AZZA3;30.46;31.6;30.33;31.12;31.42;9147;1621400
15/01/2025;CAMB3;10.88;11.02;10.76;10.86;10.99;154;27400
15/01/2025;CAML3;4.95;5.05;4.9;4.97;5.0;6449;2167200
15/01/2025;CASH3;2.87;2.95;2.83;2.89;2.95;1116;519400
15/01/2025;CBAV3;4.64;5.06;4.63;4.84;5.06;9933;3845500
15/01/2025;CCRO3;10.2;10.52;10.15;10.34;10.44;27647;13024400
15/01/2025;CEAB3;8.08;8.36;8.01;8.23;8.36;15449;5464500
15/01/2025;CRPG5;19.55;19.99;19.55;19.64;19.55;12;2000
15/01/2025;CRPG6;20.02;20.96;20.01;20.2;20.96;3;500
15/01/2025;CSAN3;8.31;8.68;8.3;8.49;8.58;33439;29289100
15/01/2025;EGIE3;35.2;35.57;34.83;35.2;35.45;7752;1266000
15/01/2025;GEPA4;28.6;29.0;28.6;28.76;28.6;7;800
15/01/2025;GFSA3;1.18;1.58;1.17;1.44;1.58;6265;21099000
15/01/2025;GGBR3;15.61;16.07;15.61;15.8;16.03;244;49300
15/01/2025;GGBR4;17.22;17.68;17.22;17.49;17.65;23318;11043700
15/01/2025;IFCM3;0.08;0.09;0.07;0.07;0.08;707;10091800
15/01/2025;IGTI3;2.07;2.14;2.06;2.1;2.13;233;40500
15/01/2025;IGTI4;7.74;7.74;7.74;7.74;7.74;1;200
15/01/2025;INEP3;1.39;1.47;1.37;1.44;1.43;89;75300
15/01/2025;INEP4;1.35;1.49;1.31;1.41;1.41;128;136500
15/01/2025;INTB3;12.13;12.65;12.13;12.46;12.54;8254;2385200
15/01/2025;IRBR3;47.5;51.54;47.36;49.65;51.05;13721;3899100
15/01/2025;LUPA3;1.24;1.29;1.23;1.26;1.27;232;177100
15/01/2025;LVTC3;2.3;2.53;2.26;2.38;2.53;59;42000
15/01/2025;LWSA3;3.33;3.4;3.29;3.35;3.35;6688;7819600
15/01/2025;ROMI3;8.42;8.78;8.42;8.61;8.78;742;126100
15/01/2025;RSUL4;54.95;54.95;54.95;54.95;54.95;2;200
15/01/2025;ONCO3;2.09;2.25;2.08;2.16;2.25;3347;7117400
15/01/2025;OPCT3;4.94;5.06;4.87;4.95;5.06;3197;775400
15/01/2025;ORVR3;36.52;37.8;36.17;37.0;37.69;3565;527900
15/01/2025;SANB3;11.34;11.84;11.34;11.61;11.74;403;103700
15/01/2025;SANB4;12.66;13.15;12.64;12.94;13.14;370;93100
15/01/2025;ITSA3;8.88;9.24;8.88;9.12;9.16;498;206200
15/01/2025;ITSA4;8.78;9.08;8.76;8.94;9.07;31623;35539700
15/01/2025;MRFG3;16.54;16.77;16.2;16.36;16.22;20321;7532500
15/01/2025;RECV3;16.72;17.1;16.6;16.9;17.1;8207;2259800
15/01/2025;REDE3;6.28;6.37;6.28;6.29;6.37;4;800
15/01/2025;RENT3;29.76;31.25;29.47;30.42;30.97;40425;13854500
15/01/2025;RCSL3;4.9;5.23;4.71;4.9;4.83;5319;2446400
15/01/2025;RCSL4;0.73;0.76;0.7;0.72;0.73;2574;5976400
15/01/2025;RDNI3;2.29;2.29;2.21;2.23;2.24;19;6600
15/01/2025;RDOR3;26.63;27.46;26.33;26.96;27.04;22850;5745900
15/01/2025;REAG3;5.09;5.09;5.01;5.07;5.09;45;11900
15/01/2025;SRNA3;5.71;5.92;5.66;5.82;5.85;5932;1479300
15/01/2025;STBP3;13.06;13.09;12.9;13.02;13.09;7486;12757600
15/01/2025;SUZB3;61.81;61.81;59.93;60.72;61.09;24069;5333700
15/01/2025;WEST3;0.51;0.52;0.49;0.49;0.49;70;60400
15/01/2025;WHRL3;3.8;3.88;3.8;3.83;3.84;10;1100
15/01/2025;WHRL4;4.3;4.35;4.03;4.15;4.24;40;12700
15/01/2025;WIZC3;5.25;5.62;5.25;5.45;5.62;1621;565800
15/01/2025;WLMM4;29.2;29.52;29.2;29.4;29.52;8;1500
15/01/2025;JHSF3;3.71;3.76;3.65;3.7;3.72;4467;3464800
15/01/2025;JSLG3;5.31;5.64;5.31;5.47;5.64;1940;434500
15/01/2025;LAND3;13.0;13.2;12.86;13.0;12.86;116;36100
15/01/2025;LAVV3;7.2;7.35;7.2;7.28;7.3;2865;1335000
15/01/2025;LEVE3;26.55;27.56;26.51;27.17;27.33;1761;270300
15/01/2025;LJQQ3;2.04;2.15;2.03;2.09;2.15;4652;6498800
15/01/2025;LOGG3;18.48;18.98;18.45;18.79;18.98;1558;285400
15/01/2025;LOGN3;19.89;20.25;19.88;20.1;20.1;218;40100
15/01/2025;LPSB3;1.36;1.39;1.32;1.34;1.35;290;219400
15/01/2025;LREN3;12.84;13.32;12.63;13.04;13.2;34818;14631300
15/01/2025;MRVE3;5.31;5.56;5.23;5.41;5.52;14823;13695400
15/01/2025;SYNE3;4.96;5.25;4.96;5.16;5.16;3114;1794200
15/01/2025;TAEE3;10.73;10.9;10.73;10.78;10.79;615;88600
15/01/2025;TAEE4;10.98;11.02;10.86;10.91;10.99;824;205400
15/01/2025;KLBN4;4.25;4.3;4.17;4.21;4.24;1788;1399000
15/01/2025;KRSA3;8.2;8.47;8.2;8.32;8.42;120;215400
15/01/2025;PETZ3;4.3;4.57;4.28;4.48;4.52;7446;8491400
15/01/2025;RAIL3;16.9;17.47;16.81;17.21;17.35;45182;28975200
15/01/2025;SCAR3;16.04;16.25;15.98;16.04;15.98;131;26300
15/01/2025;SEER3;4.03;4.46;4.03;4.35;4.37;2604;1097700
15/01/2025;SHOW3;0.75;0.76;0.73;0.75;0.76;318;138600
15/01/2025;SHUL4;5.63;5.7;5.56;5.62;5.61;1172;298600
15/01/2025;SIMH3;3.37;3.53;3.34;3.42;3.47;7965;6508700
15/01/2025;MGLU3;6.01;6.43;6.0;6.25;6.37;19152;32608200
15/01/2025;NGRD3;20.8;21.3;20.0;20.53;20.19;358;76300
15/01/2025;NTCO3;12.54;13.04;12.43;12.78;13.04;27157;8629600
15/01/2025;PTNT3;7.87;8.2;7.7;7.79;7.71;17;2500
15/01/2025;PTNT4;5.68;5.75;5.65;5.68;5.65;6;1700
15/01/2025;QUAL3;1.5;1.6;1.48;1.53;1.6;2493;6238500
15/01/2025;BRAV3;25.15;25.73;24.7;25.26;25.58;27222;11080600
15/01/2025;BRSR3;11.34;11.35;11.22;11.29;11.34;15;2200
15/01/2025;BRSR6;9.85;9.99;9.85;9.91;9.95;6853;1866200
15/01/2025;BRST3;2.45;2.56;2.45;2.52;2.55;637;149400
15/01/2025;DESK3;10.14;10.53;10.05;10.28;10.53;403;59000
15/01/2025;DEXP3;8.38;8.66;8.29;8.43;8.66;382;102900
15/01/2025;VSTE3;6.73;7.0;6.68;6.79;6.81;22;6300
15/01/2025;VTRU3;5.84;6.65;5.84;6.26;6.47;1039;214300
15/01/2025;VULC3;16.2;16.99;16.18;16.7;16.92;7143;1230200
15/01/2025;GGPS3;13.99;14.29;13.66;14.0;14.2;11572;7214600
15/01/2025;JALL3;4.45;4.6;4.4;4.5;4.56;2093;745400
15/01/2025;JBSS3;35.32;35.44;34.46;34.84;34.97;25766;6991800
15/01/2025;ODPV3;10.81;10.97;10.77;10.86;10.92;3339;1023400
15/01/2025;OFSA3;16.71;16.72;16.54;16.65;16.54;3;300
15/01/2025;FIQE3;3.35;3.49;3.35;3.44;3.49;833;315300
15/01/2025;FLRY3;11.82;11.89;11.65;11.74;11.76;16185;4603800
15/01/2025;FRAS3;20.25;20.9;20.2;20.49;20.9;3467;794800
15/01/2025;FRIO3;305.0;305.0;305.0;305.0;305.0;1;100
15/01/2025;PCAR3;2.73;2.79;2.64;2.72;2.75;6574;8012400
15/01/2025;RAPT3;7.65;8.0;7.59;7.76;8.0;107;30000
15/01/2025;RAPT4;8.38;8.8;8.32;8.55;8.68;13240;4635300
15/01/2025;SLCE3;17.88;18.0;17.52;17.68;17.78;8636;1626700
15/01/2025;UNIP6;45.44;46.95;45.02;46.16;46.4;1210;160600
15/01/2025;USIM3;4.79;5.08;4.79;4.92;5.08;859;248600
15/01/2025;USIM5;4.72;4.98;4.7;4.84;4.95;9094;14574800
15/01/2025;BRAP3;14.9;15.25;14.9;15.04;15.13;194;35000
15/01/2025;BRAP4;15.82;16.14;15.73;15.9;16.02;10956;4262000
15/01/2025;BRKM3;11.8;12.68;11.76;12.13;12.68;50;11200
15/01/2025;BRKM5;11.65;12.5;11.59;12.12;12.5;8562;3200900
15/01/2025;CRFB3;5.4;5.59;5.25;5.39;5.56;23955;28767100
15/01/2025;ATED3;1.45;1.5;1.4;1.45;1.46;23;14100
15/01/2025;AURE3;7.86;7.99;7.83;7.92;7.93;6830;5075900
15/01/2025;AVLL3;2.45;2.82;2.45;2.54;2.82;6;1400
15/01/2025;AZEV3;0.94;0.97;0.93;0.95;0.97;194;272700
15/01/2025;AZEV4;0.92;0.98;0.92;0.95;0.97;912;2401700
15/01/2025;AZUL4;4.28;4.42;4.18;4.28;4.41;9133;17030000
15/01/2025;BBDC3;10.64;10.99;10.62;10.82;10.92;8859;8746600
15/01/2025;BBDC4;11.53;11.89;11.51;11.72;11.83;35237;42795800
15/01/2025;BLAU3;12.32;13.28;12.32;12.97;12.95;1607;235300
15/01/2025;BMEB4;36.77;38.25;36.77;37.91;37.65;131;16000
15/01/2025;BMGB4;3.71;3.78;3.7;3.74;3.72;968;476300
15/01/2025;BMOB3;13.31;13.64;13.26;13.54;13.64;710;201100
15/01/2025;BNBR3;95.0;95.0;95.0;95.0;95.0;1;100
15/01/2025;BOBR4;1.89;1.99;1.86;1.92;1.92;304;90600
15/01/2025;DASA3;1.82;1.93;1.82;1.89;1.9;1342;898300
15/01/2025;AMOB3;0.34;0.35;0.34;0.34;0.35;5729;10129300
15/01/2025;ANIM3;1.58;1.74;1.58;1.66;1.72;7922;12597500
15/01/2025;ARML3;4.78;5.06;4.71;4.94;5.04;3462;1150900
15/01/2025;ASAI3;5.5;5.8;5.49;5.64;5.74;27215;28010800
15/01/2025;BIED3;4.04;4.17;4.02;4.07;4.13;15;4400
15/01/2025;VITT3;5.15;5.3;5.06;5.17;5.3;1056;223800
15/01/2025;VIVA3;18.84;19.71;18.74;19.31;19.71;17322;3726200
15/01/2025;MDNE3;10.51;11.15;10.4;10.82;11.15;4006;1379300
15/01/2025;MEAL3;0.94;0.96;0.92;0.93;0.95;286;742000
15/01/2025;MELK3;3.55;3.67;3.53;3.63;3.67;386;426100
15/01/2025;MGEL4;6.41;6.77;6.41;6.74;6.77;7;1400
15/01/2025;SMFT3;17.75;18.6;17.75;18.33;18.4;14211;3436700
15/01/2025;SMTO3;24.39;25.02;24.23;24.52;25.02;6403;1069400
15/01/2025;SNSY5;3.89;3.89;3.56;3.69;3.76;19;6800
15/01/2025;SOJA3;10.7;10.91;10.68;10.77;10.73;2536;424400
09/01/2025;VSTE3;7.36;7.36;7.06;7.23;7.06;26;5800
09/01/2025;VTRU3;6.22;6.41;6.14;6.26;6.14;212;28500
09/01/2025;VULC3;15.89;16.03;15.7;15.86;15.75;1712;400900
09/01/2025;VVEO3;1.98;2.01;1.89;1.91;1.91;1957;2034500
09/01/2025;WEGE3;53.2;54.45;53.2;54.13;54.29;13021;4555800
09/01/2025;PRNR3;13.19;13.44;13.08;13.27;13.35;966;247800
09/01/2025;PSSA3;36.3;36.73;36.3;36.57;36.58;5565;917400
09/01/2025;PTBL3;3.47;3.51;3.41;3.45;3.45;493;242900
09/01/2025;PTNT3;7.88;7.88;7.42;7.54;7.42;9;1100
09/01/2025;PTNT4;5.8;5.8;5.75;5.75;5.75;5;1000
09/01/2025;RCSL3;4.54;4.83;4.25;4.63;4.62;6469;4094000
09/01/2025;RCSL4;0.73;0.77;0.68;0.71;0.71;1834;3163300
09/01/2025;RDNI3;2.21;2.25;2.21;2.22;2.22;4;12700
09/01/2025;RDOR3;26.35;26.72;26.14;26.48;26.48;9583;2549000
09/01/2025;SYNE3;5.1;5.21;5.02;5.07;5.09;1595;450100
09/01/2025;TAEE3;10.96;11.01;10.9;10.95;10.96;227;56900
09/01/2025;TAEE4;11.05;11.09;11.0;11.05;11.08;323;58200
09/01/2025;RADL3;21.01;21.18;20.72;21.02;21.1;17139;5266400
09/01/2025;RAIL3;17.98;18.04;17.82;17.91;17.85;25898;9190600
09/01/2025;RAIZ4;2.06;2.07;2.03;2.04;2.04;8905;7717100
15/01/2025;VALE3;52.14;52.68;51.63;52.07;52.6;57350;35137700
15/01/2025;VVEO3;1.85;1.91;1.84;1.85;1.89;3454;2643200
15/01/2025;WEGE3;53.59;54.26;52.72;53.6;54.16;19700;4634000
15/01/2025;PDGR3;0.01;0.01;0.01;0.01;0.01;181;6847500
15/01/2025;PDTC3;1.12;1.14;1.1;1.11;1.11;63;26300
15/01/2025;PETR3;41.34;41.66;41.03;41.39;41.66;17608;8106600
15/01/2025;PETR4;36.93;37.32;36.8;37.13;37.29;50709;32512700
15/01/2025;PFRM3;6.04;6.41;6.02;6.2;6.41;982;205800
15/01/2025;PGMN3;3.45;3.48;3.36;3.42;3.43;2741;1488600
15/01/2025;RAIZ4;2.02;2.1;2.0;2.04;2.09;9042;14407900
15/01/2025;RANI3;6.97;7.1;6.96;7.02;7.05;3245;797600
15/01/2025;VIVR3;1.08;1.11;1.07;1.09;1.1;304;104100
15/01/2025;VIVT3;47.63;48.86;47.2;48.28;48.84;11943;2745900
15/01/2025;VLID3;22.58;22.98;22.23;22.67;22.78;2180;372500
15/01/2025;BEEF3;4.86;4.98;4.81;4.88;4.97;9380;7344400
15/01/2025;CMIN3;4.85;5.08;4.85;4.97;5.07;9502;7511700
15/01/2025;COCE5;24.44;24.92;24.44;24.58;24.5;22;2600
15/01/2025;COGN3;1.16;1.25;1.15;1.2;1.24;12887;44320200
15/01/2025;CSUD3;15.78;16.2;15.78;16.05;16.1;245;47400
15/01/2025;CTKA4;21.0;21.89;21.0;21.44;21.89;2;200
15/01/2025;CURY3;19.28;20.03;19.2;19.73;19.9;16168;3523900
15/01/2025;CVCB3;1.66;1.79;1.65;1.73;1.78;8939;19257900
15/01/2025;ELMD3;29.15;29.15;28.9;29.08;29.15;697;1774500
15/01/2025;EMAE4;37.97;38.86;37.8;37.93;37.85;21;3200
15/01/2025;EMBR3;57.41;58.79;57.25;58.0;58.06;27333;5991700
15/01/2025;GRND3;5.37;5.5;5.29;5.43;5.45;4062;1220600
15/01/2025;DEXP4;8.37;8.49;8.37;8.42;8.49;11;2600
15/01/2025;DIRR3;24.55;26.11;24.55;25.52;26.02;13106;3833300
15/01/2025;DMVF3;5.53;5.86;5.45;5.59;5.86;194;35500
15/01/2025;DOHL4;3.94;3.94;3.88;3.91;3.88;2;200
15/01/2025;DOTZ3;3.13;3.27;3.13;3.22;3.23;30;9600
15/01/2025;GUAR3;5.79;6.31;5.79;6.1;6.31;2838;985200
15/01/2025;HAGA3;2.2;2.2;2.2;2.2;2.2;3;300
15/01/2025;HAGA4;1.19;1.21;1.18;1.19;1.21;13;12200
15/01/2025;DXCO3;5.92;6.23;5.92;6.08;6.1;4839;2327700
15/01/2025;HAPV3;2.24;2.44;2.23;2.38;2.43;26262;114150700
15/01/2025;EALT4;13.15;13.44;13.13;13.27;13.14;52;17300
15/01/2025;ECOR3;4.57;4.96;4.57;4.8;4.92;5108;5276400
15/01/2025;AALR3;10.06;10.6;10.06;10.41;10.6;56;13500
15/01/2025;ABCB4;19.12;19.87;19.12;19.56;19.68;3961;669400
15/01/2025;ABEV3;11.3;11.43;11.16;11.29;11.39;42213;45380700
15/01/2025;BBSE3;37.1;37.49;36.68;36.97;37.35;19715;11511300
15/01/2025;GMAT3;6.01;6.22;5.93;6.09;6.17;7347;4622700
15/01/2025;GOAU3;9.59;9.98;9.59;9.78;9.98;140;27200
15/01/2025;GOAU4;9.53;9.85;9.53;9.7;9.81;12536;8743000
15/01/2025;FESA3;12.99;13.15;12.99;13.04;13.15;3;300
15/01/2025;FESA4;7.53;7.86;7.53;7.71;7.8;1236;303000
15/01/2025;FHER3;5.32;6.09;5.32;5.7;5.72;240;61000
15/01/2025;FICT3;3.03;3.16;3.01;3.09;3.05;168;29000
15/01/2025;B3SA3;9.97;10.51;9.93;10.28;10.5;44960;53092400
15/01/2025;BRFS3;24.0;24.32;23.68;24.02;24.15;18741;5863200
15/01/2025;CEBR3;15.66;16.46;15.66;15.92;15.85;13;2400
15/01/2025;CEBR5;15.51;15.52;15.44;15.49;15.52;3;300
15/01/2025;CEBR6;17.0;17.27;16.9;17.08;17.14;15;1600
15/01/2025;CEDO4;22.0;22.0;22.0;22.0;22.0;1;100
15/01/2025;CEEB3;38.0;38.0;37.9;37.99;38.0;8;1500
15/01/2025;CGAS5;123.99;125.0;123.0;123.45;123.01;10;1100
15/01/2025;CGRA3;27.55;27.55;27.55;27.55;27.55;1;300
09/01/2025;SNSY3;10.36;11.1;10.36;10.73;11.1;2;200
09/01/2025;SNSY5;3.82;3.86;3.8;3.82;3.86;3;400
09/01/2025;SOJA3;10.36;10.55;10.15;10.39;10.41;1603;292700
09/01/2025;DESK3;10.12;10.31;10.08;10.22;10.31;397;70600
09/01/2025;DEXP3;8.15;8.46;8.08;8.23;8.46;346;63000
09/01/2025;DEXP4;8.24;8.27;8.24;8.24;8.24;9;2100
09/01/2025;DIRR3;24.23;24.42;23.92;24.26;24.32;7716;1641100
09/01/2025;DMVF3;5.72;5.89;5.64;5.74;5.64;240;73600
09/01/2025;DOTZ3;3.03;3.16;3.03;3.1;3.14;36;9100
09/01/2025;ECOR3;4.29;4.47;4.28;4.38;4.42;4011;2896600
09/01/2025;GGPS3;14.3;14.81;14.25;14.53;14.5;4738;1497300
09/01/2025;GMAT3;6.03;6.08;5.97;6.03;6.03;6804;3528000
09/01/2025;GOAU3;9.97;9.97;9.69;9.76;9.73;154;35000
09/01/2025;GOAU4;9.81;9.82;9.56;9.64;9.58;11547;8693900
09/01/2025;DXCO3;5.9;5.94;5.85;5.89;5.9;2201;1103300
09/01/2025;EALT4;12.9;13.15;12.9;13.01;13.15;22;11200
09/01/2025;BBSE3;36.23;36.36;36.01;36.14;36.28;8450;2551200
09/01/2025;BPAC3;14.4;14.45;14.39;14.43;14.44;6;600
09/01/2025;BPAC5;7.05;7.05;7.05;7.05;7.05;6;6300
09/01/2025;BRKM3;11.9;11.9;11.34;11.58;11.34;48;18300
09/01/2025;BSLI4;7.9;7.9;7.9;7.9;7.9;2;400
09/01/2025;CAMB3;10.68;10.75;10.51;10.59;10.75;46;8200
09/01/2025;CAML3;5.64;5.81;5.63;5.73;5.74;1053;553700
09/01/2025;CASH3;2.82;2.82;2.74;2.8;2.75;1493;849800
09/01/2025;CBAV3;4.79;4.85;4.65;4.74;4.66;4629;2230200
09/01/2025;CBEE3;10.01;10.49;10.01;10.25;10.49;2;200
09/01/2025;CCRO3;10.18;10.48;10.17;10.38;10.39;11367;9703100
09/01/2025;CXSE3;14.09;14.29;14.05;14.17;14.25;6887;1895400
09/01/2025;CYRE3;16.21;16.71;16.16;16.48;16.55;6631;2767000
15/01/2025;MATD3;3.56;3.78;3.56;3.69;3.7;4858;1020400
15/01/2025;MBLY3;1.59;1.63;1.55;1.58;1.59;382;101800
15/01/2025;MDIA3;19.57;20.45;19.57;20.17;20.27;3055;766100
15/01/2025;MWET4;11.89;11.89;11.89;11.89;11.89;1;100
15/01/2025;MYPK3;12.75;13.29;12.58;12.98;13.29;10602;2433100
15/01/2025;NEOE3;18.3;18.46;18.23;18.33;18.45;2298;453900
15/01/2025;PRNR3;13.45;13.75;13.27;13.55;13.75;1195;317100
15/01/2025;PSSA3;36.69;37.69;36.65;37.28;37.68;11329;1692200
15/01/2025;PTBL3;3.32;3.64;3.29;3.46;3.53;894;505800
15/01/2025;SAPR3;5.1;5.15;5.04;5.09;5.13;685;180800
15/01/2025;SAPR4;5.11;5.18;5.07;5.12;5.14;2566;1525300
15/01/2025;TKNO4;63.0;63.0;63.0;63.0;63.0;1;100
15/01/2025;TOTS3;27.93;29.21;27.68;28.43;28.78;18103;4474300
15/01/2025;TPIS3;5.1;5.41;5.06;5.26;5.3;79;19900
15/01/2025;TRAD3;6.37;6.6;6.34;6.53;6.59;102;37300
15/01/2025;TRIS3;4.55;4.86;4.51;4.73;4.86;2112;607200
15/01/2025;TTEN3;13.91;14.13;13.89;14.03;14.05;5384;828300
15/01/2025;TUPY3;21.3;22.12;21.2;21.84;22.12;2968;537900
15/01/2025;ESPA3;0.72;0.74;0.71;0.72;0.74;144;494900
15/01/2025;ETER3;5.0;5.1;4.94;5.03;5.06;396;106300
15/01/2025;EUCA4;13.34;13.67;13.31;13.47;13.58;86;13300
15/01/2025;EVEN3;5.58;5.8;5.57;5.72;5.76;3779;1064700
15/01/2025;EZTC3;10.95;11.47;10.94;11.22;11.36;4653;1711200
15/01/2025;ITUB3;27.5;28.44;27.5;28.12;28.39;1651;430500
15/01/2025;ITUB4;31.17;32.29;31.07;31.81;32.22;49976;35576600
15/01/2025;MTRE3;2.95;3.11;2.93;3.03;3.11;2439;1168800
15/01/2025;MTSA4;37.55;37.99;36.8;37.31;36.8;17;2000
15/01/2025;MULT3;20.75;21.15;20.65;20.83;20.91;24758;6494800
15/01/2025;TXRX4;2.4;2.4;2.4;2.4;2.4;1;100
15/01/2025;SEQL3;2.63;2.89;2.63;2.74;2.89;425;229400
15/01/2025;NUTR3;4.07;4.07;3.88;3.99;3.88;25;3700
15/01/2025;PMAM3;1.37;1.5;1.35;1.39;1.37;612;766500
15/01/2025;AGXY3;0.45;0.47;0.44;0.45;0.45;231;231300
15/01/2025;RNEW3;0.92;0.93;0.9;0.92;0.93;60;29600
15/01/2025;RNEW4;0.89;0.93;0.89;0.91;0.93;107;103600
15/01/2025;RPMG3;2.73;2.79;2.7;2.73;2.75;13;2500
15/01/2025;RSID3;2.7;2.84;2.67;2.76;2.75;152;47600
15/01/2025;OIBR4;8.37;8.88;8.37;8.57;8.87;28;7900
15/01/2025;JFEN3;2.59;2.64;2.52;2.57;2.61;65;22200
15/01/2025;LIGT3;3.87;4.1;3.84;3.97;4.1;2258;633800
15/01/2025;OIBR3;1.4;1.47;1.39;1.41;1.42;1700;3358500
15/01/2025;ATMP3;1.13;1.14;1.13;1.13;1.14;13;8600
15/01/2025;AMER3;5.55;5.79;5.55;5.69;5.72;2771;2271600
15/01/2025;NEXP3;3.72;3.81;3.72;3.77;3.73;6;1700
09/01/2025;GEPA3;29.0;29.0;29.0;29.0;29.0;2;1000
09/01/2025;GEPA4;30.1;30.1;30.1;30.1;30.1;2;200
09/01/2025;GFSA3;1.14;1.17;1.14;1.15;1.16;621;2238000
09/01/2025;GGBR3;15.96;16.0;15.66;15.82;15.66;153;25200
09/01/2025;B3SA3;10.21;10.3;9.94;10.17;10.2;42228;54212100
09/01/2025;MELK3;3.61;3.61;3.54;3.55;3.54;234;170100
09/01/2025;MERC4;9.2;9.2;9.2;9.2;9.2;1;200
09/01/2025;MGEL4;6.96;7.0;6.96;6.98;6.99;5;1200
09/01/2025;MGLU3;6.13;6.17;5.9;6.03;6.01;18980;23940600
09/01/2025;AZZA3;30.5;31.19;30.31;30.75;30.7;5312;777000
09/01/2025;FLRY3;12.11;12.14;12.02;12.07;12.07;5724;1329700
09/01/2025;FRAS3;20.9;20.9;20.63;20.78;20.8;901;333700
09/01/2025;FRIO3;300.3;300.3;300.3;300.3;300.3;2;200
09/01/2025;VAMO3;4.6;4.7;4.53;4.61;4.58;4990;2996500
09/01/2025;VBBR3;17.7;17.79;17.38;17.63;17.61;14445;8361400
09/01/2025;PRIO3;41.38;42.04;41.38;41.89;41.96;17938;5875300
09/01/2025;SBFG3;11.83;11.91;10.92;11.16;11.17;7414;2893600
09/01/2025;SBSP3;87.12;88.38;87.03;87.79;87.93;8296;1313900
09/01/2025;SCAR3;15.99;16.19;15.6;15.94;16.15;104;20500
09/01/2025;BRKM5;11.37;11.38;11.01;11.15;11.03;4209;1900800
09/01/2025;CSUD3;15.53;15.55;15.18;15.42;15.5;85;17500
09/01/2025;CTKA4;22.0;22.0;22.0;22.0;22.0;1;100
09/01/2025;CURY3;17.8;18.37;17.69;18.16;18.2;6831;1738500
09/01/2025;CVCB3;1.58;1.65;1.58;1.61;1.62;7899;16694200
09/01/2025;VALE3;52.05;52.25;51.14;51.66;51.23;37549;15865200
09/01/2025;NEOE3;18.76;18.77;18.37;18.51;18.37;2061;543500
09/01/2025;RENT3;30.75;30.84;30.28;30.48;30.28;18726;4407100
09/01/2025;TASA3;8.55;8.59;8.38;8.49;8.38;32;12400
09/01/2025;TASA4;8.29;8.38;8.2;8.27;8.2;862;173400
09/01/2025;TCSA3;1.4;1.45;1.33;1.41;1.4;280;152500
09/01/2025;TECN3;5.56;5.87;5.49;5.7;5.87;171;79500
09/01/2025;TELB4;7.2;7.2;6.53;6.73;7.0;18;7000
09/01/2025;TEND3;11.93;12.34;11.87;12.12;12.07;8570;2590800
09/01/2025;TFCO4;8.83;8.83;8.6;8.65;8.71;754;154800
09/01/2025;NGRD3;19.91;20.26;19.03;19.46;19.69;142;24800
09/01/2025;NINJ3;4.96;5.0;4.92;4.98;5.0;7;5000
09/01/2025;NTCO3;12.79;12.97;12.67;12.78;12.72;10973;2973500
09/01/2025;ISAE3;31.75;32.48;31.55;31.88;31.8;33;5700
09/01/2025;ISAE4;23.4;23.65;23.28;23.48;23.46;8898;5528400
09/01/2025;TTEN3;13.43;14.16;13.2;13.93;13.9;6069;1212900
09/01/2025;TUPY3;21.82;22.07;21.68;21.93;21.68;2038;520900
09/01/2025;UCAS3;1.8;1.86;1.79;1.82;1.8;196;24700
09/01/2025;UGPA3;16.02;16.17;15.68;15.86;15.82;11920;5030600
09/01/2025;UNIP3;44.81;45.62;44.8;45.09;45.1;28;2900
09/01/2025;ITSA3;8.89;9.03;8.89;8.94;8.96;263;59300
09/01/2025;ITSA4;8.71;8.82;8.68;8.76;8.78;24086;17686200
09/01/2025;LUPA3;1.24;1.25;1.22;1.23;1.24;263;96700
09/01/2025;LVTC3;2.29;2.4;2.29;2.34;2.31;118;26200
09/01/2025;LWSA3;3.41;3.45;3.32;3.39;3.41;6188;3216000
09/01/2025;PDGR3;0.01;0.01;0.01;0.01;0.01;155;715000
09/01/2025;PDTC3;1.15;1.17;1.15;1.15;1.17;14;8000
09/01/2025;PETR3;40.74;41.14;40.67;40.82;40.72;10657;3171600
09/01/2025;PETR4;36.7;36.97;36.7;36.82;36.84;22091;11526600
09/01/2025;SEER3;4.29;4.47;4.27;4.39;4.41;1040;280800
09/01/2025;SHOW3;0.75;0.77;0.74;0.75;0.76;228;42900
09/01/2025;SHUL4;5.63;5.63;5.54;5.6;5.63;170;92100
09/01/2025;SIMH3;3.45;3.53;3.4;3.46;3.44;2849;2035000
09/01/2025;SLCE3;17.14;17.42;17.02;17.29;17.39;5992;1139000
09/01/2025;ROMI3;8.53;8.71;8.5;8.61;8.63;403;68800
09/01/2025;RSUL4;54.99;54.99;54.95;54.97;54.95;2;200
09/01/2025;BLAU3;13.01;13.04;12.61;12.85;13.04;880;104900
09/01/2025;BMEB4;36.52;37.8;36.52;37.35;37.65;82;12200
09/01/2025;BMGB4;3.78;3.79;3.73;3.76;3.73;522;240800
09/01/2025;BMOB3;13.32;13.56;13.23;13.35;13.37;428;149000
09/01/2025;BOBR4;1.91;2.0;1.85;1.92;1.89;350;60300
09/01/2025;BPAN4;6.33;6.54;6.33;6.44;6.34;2307;1158700
09/01/2025;BRAP3;14.9;15.08;14.83;14.96;14.95;248;46600
09/01/2025;BRAP4;15.7;15.82;15.56;15.71;15.6;6161;2284400
09/01/2025;CMIN3;4.65;4.72;4.63;4.67;4.71;7576;5593200
09/01/2025;COCE5;25.3;25.3;24.56;24.77;24.6;39;4400
09/01/2025;COGN3;1.17;1.18;1.14;1.16;1.16;8324;15411000
09/01/2025;EGIE3;35.17;35.43;35.08;35.29;35.3;5296;812900
09/01/2025;EKTR4;50.0;50.0;50.0;50.0;50.0;1;100
09/01/2025;ELET3;34.09;34.51;33.98;34.39;34.5;14802;6552400
09/01/2025;TRIS3;4.31;4.45;4.3;4.41;4.42;1120;364400
09/01/2025;ELET6;37.92;38.18;37.63;38.01;37.99;4618;786200
09/01/2025;GRND3;5.27;5.27;5.17;5.2;5.22;1745;756700
09/01/2025;UNIP5;50.0;50.0;50.0;50.0;50.0;5;500
09/01/2025;UNIP6;45.36;46.13;45.36;45.71;45.71;476;55500
09/01/2025;ZAMP3;2.55;2.57;2.5;2.53;2.53;816;151400
09/01/2025;MRVE3;5.26;5.29;5.15;5.22;5.2;10267;6189900
09/01/2025;RECV3;16.2;16.41;16.05;16.31;16.4;6130;1684600
09/01/2025;REDE3;6.1;6.16;6.1;6.12;6.15;3;400
09/01/2025;GUAR3;5.67;5.79;5.58;5.69;5.67;1845;558000
09/01/2025;HAGA3;1.8;1.89;1.8;1.87;1.89;4;700
09/01/2025;HAGA4;1.14;1.18;1.13;1.14;1.15;13;5100
09/01/2025;HAPV3;2.34;2.37;2.26;2.31;2.26;18009;42863400
09/01/2025;SANB3;11.53;11.53;11.39;11.44;11.42;220;37200
09/01/2025;SANB4;12.57;12.7;12.56;12.61;12.7;137;30200
09/01/2025;SAPR3;5.4;5.41;5.29;5.32;5.31;355;130900
09/01/2025;SAPR4;5.31;5.31;5.21;5.23;5.21;2226;1177700
09/01/2025;BALM4;10.26;11.39;10.0;10.7;11.3;6;800
09/01/2025;BAZA3;86.2;87.24;84.06;84.77;84.99;16;2000
09/01/2025;BBAS3;24.16;24.27;23.99;24.15;24.27;21040;8286700
09/01/2025;BEES3;8.21;8.39;8.17;8.3;8.38;71;13200
09/01/2025;BHIA3;2.88;2.88;2.75;2.81;2.79;1353;1612600
09/01/2025;CEAB3;7.67;7.79;7.6;7.69;7.7;7299;2780600
09/01/2025;CEBR3;15.75;15.9;15.75;15.88;15.9;11;2700
09/01/2025;CEBR5;15.53;15.59;15.53;15.55;15.59;3;300
09/01/2025;CEBR6;17.48;17.5;17.26;17.38;17.27;36;6400
09/01/2025;CEEB3;38.79;38.79;38.0;38.14;38.0;6;600
09/01/2025;CGAS5;124.0;124.0;124.0;124.0;124.0;1;100
09/01/2025;CGRA3;27.5;28.39;27.03;27.77;27.04;17;2300
09/01/2025;CGRA4;27.02;27.5;27.02;27.42;27.46;432;74100
09/01/2025;CLSA3;9.88;10.07;9.81;9.95;9.9;2341;1296900
09/01/2025;CLSC4;78.1;81.47;78.1;79.67;78.61;30;3400
09/01/2025;CMIG3;14.4;14.49;14.1;14.35;14.4;801;154700
09/01/2025;CMIG4;10.84;10.85;10.68;10.74;10.76;33042;11972600
09/01/2025;ODPV3;10.5;10.66;10.4;10.56;10.55;2478;494000
09/01/2025;PFRM3;6.16;6.21;6.06;6.15;6.12;295;82300
09/01/2025;PGMN3;3.35;3.38;3.29;3.32;3.31;849;370600
09/01/2025;PINE3;4.37;4.4;4.32;4.37;4.33;9;1600
09/01/2025;USIM3;4.9;4.93;4.8;4.86;4.86;649;238300
09/01/2025;USIM5;4.84;4.86;4.74;4.81;4.79;8144;9001100
09/01/2025;MILS3;8.56;8.62;8.5;8.55;8.55;983;418500
09/01/2025;MLAS3;1.15;1.16;1.1;1.13;1.15;946;2220300
09/01/2025;MNDL3;16.2;16.49;15.9;16.44;15.9;4;3500
09/01/2025;MNPR3;22.65;24.9;22.65;23.23;23.94;17;3800
09/01/2025;GGBR4;17.54;17.64;17.1;17.3;17.1;23597;14299700
09/01/2025;ITUB3;27.31;27.56;27.3;27.44;27.37;1032;276700
09/01/2025;ITUB4;31.01;31.17;30.92;31.05;31.07;21784;10119800
09/01/2025;AGRO3;22.47;22.49;22.29;22.38;22.3;559;69200
09/01/2025;ALLD3;6.92;7.03;6.85;6.9;7.0;103;24300
09/01/2025;ALOS3;17.67;17.86;17.58;17.75;17.75;7254;2716100
09/01/2025;BRAV3;23.98;24.49;23.67;24.13;24.49;13661;6908400
09/01/2025;CPFE3;31.82;32.06;31.56;31.79;31.95;6187;1105200
09/01/2025;CPLE3;8.1;8.1;8.02;8.05;8.07;3018;2176300
09/01/2025;CPLE5;10.01;10.01;9.75;9.87;9.75;4;400
09/01/2025;CPLE6;8.98;9.02;8.92;8.95;8.95;19212;8015800
09/01/2025;HBOR3;1.37;1.4;1.37;1.38;1.37;236;381000
09/01/2025;HBRE3;2.9;2.97;2.88;2.93;2.93;197;151400
09/01/2025;HBSA3;2.85;2.85;2.76;2.82;2.81;3430;2094800
09/01/2025;MOVI3;3.55;3.59;3.51;3.54;3.51;3204;2452600
09/01/2025;MRFG3;16.87;17.06;16.36;16.83;16.99;14823;7750300
09/01/2025;MTRE3;2.94;3.01;2.91;2.96;3.01;434;186800
09/01/2025;MTSA4;38.25;38.25;38.25;38.25;38.25;3;400
09/01/2025;MULT3;20.35;20.6;20.27;20.47;20.5;12150;2080400
09/01/2025;MWET4;11.22;11.22;9.42;9.79;9.94;20;2400
09/01/2025;MYPK3;12.13;12.53;12.11;12.35;12.53;4576;1131800
09/01/2025;PETZ3;4.12;4.12;4.0;4.04;4.0;9408;4053300
09/01/2025;HYPE3;18.0;18.18;17.71;17.93;17.93;13225;3113700
09/01/2025;JALL3;4.59;4.67;4.54;4.61;4.6;1291;375800
09/01/2025;JBSS3;35.64;36.01;35.1;35.61;35.83;13702;2943300
09/01/2025;AALR3;8.2;9.0;8.0;8.52;8.96;157;70800
09/01/2025;ABCB4;19.2;19.57;18.93;19.02;19.05;2180;560500
09/01/2025;ABEV3;11.43;11.51;11.3;11.39;11.4;20265;24470100
09/01/2025;BIED3;4.33;4.43;4.16;4.28;4.16;18;4300
09/01/2025;BIOM3;9.34;9.38;9.07;9.26;9.35;115;32100
09/01/2025;PINE4;4.29;4.34;4.26;4.29;4.26;118;36600
09/01/2025;PLAS3;5.99;5.99;5.99;5.99;5.99;1;400
09/01/2025;PLPL3;8.89;9.06;8.73;8.95;8.92;2612;444700
09/01/2025;PNVL3;8.72;8.86;8.71;8.78;8.75;654;91500
09/01/2025;POMO3;5.56;5.7;5.56;5.6;5.7;1085;209500
09/01/2025;POMO4;7.4;7.53;7.31;7.42;7.49;14648;9003100
09/01/2025;PORT3;16.5;16.59;16.47;16.51;16.5;1710;481100
09/01/2025;POSI3;5.02;5.17;5.02;5.06;5.02;1721;792500
09/01/2025;VITT3;5.23;5.31;5.17;5.24;5.23;681;160000
09/01/2025;VIVA3;18.95;19.06;18.66;18.91;18.97;6707;1488900
09/01/2025;VIVR3;1.1;1.1;1.08;1.09;1.1;40;33400
09/01/2025;VIVT3;47.01;48.13;47.01;47.8;47.93;7688;1329900
09/01/2025;RAPT4;9.45;9.47;9.23;9.29;9.31;6500;2336800
09/01/2025;TGMA3;28.49;28.98;28.34;28.74;28.69;482;89800
09/01/2025;TIMS3;14.55;14.58;14.41;14.52;14.55;7933;2771200
09/01/2025;TKNO4;62.01;64.0;61.21;62.27;61.26;9;900
09/01/2025;TOTS3;26.23;26.78;25.96;26.58;26.65;7580;1872500
09/01/2025;TPIS3;5.48;5.7;5.47;5.59;5.7;26;4200
09/01/2025;TRAD3;6.53;6.6;6.22;6.4;6.48;211;76100
09/01/2025;WEST3;0.51;0.51;0.49;0.5;0.51;23;19400
09/01/2025;QUAL3;1.56;1.59;1.5;1.53;1.5;1188;5525400
09/01/2025;SMFT3;17.29;17.76;17.26;17.57;17.49;8915;1765800
09/01/2025;SMTO3;25.11;25.18;24.36;24.76;24.64;6445;1094500
09/01/2025;WHRL3;3.9;3.9;3.9;3.9;3.9;2;1300
09/01/2025;WHRL4;4.2;4.3;4.18;4.19;4.2;20;5400
09/01/2025;WIZC3;5.32;5.42;5.26;5.34;5.3;1277;618900
09/01/2025;WLMM4;30.16;30.99;30.16;30.57;30.79;12;1500
09/01/2025;YDUQ3;9.02;9.15;8.82;9.02;9.11;9209;2955800
09/01/2025;RANI3;6.92;7.04;6.89;6.97;6.96;1032;378000
09/01/2025;RAPT3;8.31;8.36;8.15;8.21;8.21;123;35600
09/01/2025;MATD3;3.69;3.8;3.64;3.72;3.7;1822;340300
09/01/2025;MBLY3;1.44;1.45;1.41;1.43;1.45;426;207400
09/01/2025;MDIA3;20.0;20.45;19.88;20.23;20.4;1586;283800
09/01/2025;MDNE3;10.51;10.53;10.22;10.38;10.44;2563;597600
09/01/2025;MEAL3;0.96;0.97;0.94;0.95;0.94;146;260400
09/01/2025;DASA3;1.95;1.95;1.83;1.87;1.89;2302;1430100
09/01/2025;BEEF3;4.84;5.2;4.81;5.02;5.12;9283;10177000
09/01/2025;BRSR3;11.27;11.27;11.1;11.14;11.16;24;4500
09/01/2025;BRSR6;9.74;9.74;9.62;9.65;9.64;4634;1182800
09/01/2025;BRST3;2.41;2.47;2.41;2.43;2.42;561;192200
09/01/2025;BSLI3;7.81;7.81;7.81;7.81;7.81;1;100
09/01/2025;SRNA3;5.78;6.17;5.78;6.06;6.05;5660;2408000
09/01/2025;STBP3;13.08;13.13;13.05;13.08;13.13;5954;3326200
09/01/2025;SUZB3;61.46;62.29;61.2;61.62;61.47;14669;3003700
09/01/2025;VLID3;23.75;23.76;23.02;23.24;23.23;1387;214500
09/01/2025;CSMG3;21.62;21.89;21.43;21.71;21.75;5622;1211600
09/01/2025;CSNA3;7.83;7.84;7.43;7.63;7.45;13898;11296700
09/01/2025;ENEV3;10.5;10.8;10.5;10.66;10.52;16218;10583000
09/01/2025;ENGI3;10.3;10.3;9.8;9.92;10.05;53;12400
09/01/2025;ENGI4;6.56;6.79;6.56;6.72;6.69;29;4000
09/01/2025;ENJU3;1.03;1.04;1.01;1.02;1.01;137;302700
09/01/2025;EPAR3;5.64;5.64;5.42;5.51;5.46;9;2600
09/01/2025;EQMA3B;23.99;24.0;23.99;23.99;24.0;7;1400
09/01/2025;EQPA3;5.49;5.49;5.29;5.43;5.41;18;3600
09/01/2025;EQTL3;27.01;27.54;27.01;27.32;27.23;22668;7012800
09/01/2025;EZTC3;10.65;10.97;10.56;10.81;10.85;6527;2244100
09/01/2025;IFCM3;0.08;0.09;0.07;0.08;0.08;952;9459200
09/01/2025;IGTI3;2.07;2.08;2.03;2.05;2.06;67;24700
09/01/2025;IGTI4;8.2;8.2;8.2;8.2;8.2;1;100
09/01/2025;INEP3;1.34;1.4;1.32;1.34;1.39;39;33400
09/01/2025;INEP4;1.32;1.4;1.27;1.38;1.4;42;58500
09/01/2025;INTB3;12.45;12.48;12.24;12.36;12.35;2611;614400
09/01/2025;IRBR3;44.3;44.45;43.6;43.93;44.45;3995;859500
09/01/2025;LJQQ3;2.08;2.15;2.07;2.09;2.08;1520;1596100
09/01/2025;LOGG3;18.61;19.08;18.4;18.6;18.4;728;96000
09/01/2025;LOGN3;21.19;21.23;20.81;21.01;20.9;138;25600
09/01/2025;LPSB3;1.45;1.51;1.43;1.47;1.49;253;143400
09/01/2025;LREN3;12.79;13.04;12.75;12.96;13.0;13966;8370800
09/01/2025;ATED3;1.43;1.49;1.36;1.43;1.37;32;16200
09/01/2025;KLBN3;4.75;4.75;4.66;4.68;4.68;352;201800
09/01/2025;KLBN4;4.4;4.41;4.33;4.36;4.35;846;435400
09/01/2025;AURE3;8.13;8.19;8.0;8.07;8.0;7466;4320400
09/01/2025;AVLL3;2.78;2.78;2.78;2.78;2.78;1;8500
09/01/2025;AZEV3;1.01;1.03;0.98;1.0;0.99;238;291200
09/01/2025;AZEV4;1.01;1.03;0.98;0.99;0.98;1075;2289800
09/01/2025;AZUL4;4.26;4.56;4.24;4.39;4.25;13873;32305500
09/01/2025;CSED3;3.14;3.14;3.04;3.08;3.12;717;321000
09/01/2025;LEVE3;26.81;27.18;26.68;26.95;27.01;1479;222800
09/01/2025;OFSA3;16.85;16.85;16.85;16.85;16.85;2;1400
09/01/2025;ONCO3;2.1;2.16;2.08;2.12;2.1;2721;5224900
09/01/2025;OPCT3;5.35;5.39;5.29;5.34;5.36;768;186200
09/01/2025;ORVR3;37.73;38.03;37.57;37.82;37.7;1575;228200
09/01/2025;BRFS3;23.15;23.56;22.55;23.14;23.48;15727;6033000
09/01/2025;ESPA3;0.72;0.73;0.7;0.71;0.72;169;376400
09/01/2025;ESTR4;3.65;4.0;3.65;3.73;4.0;4;800
09/01/2025;ETER3;5.09;5.1;4.9;5.0;4.92;475;175600
09/01/2025;EUCA4;13.56;13.66;13.03;13.53;13.55;116;20100
09/01/2025;EVEN3;5.5;5.68;5.5;5.62;5.6;3786;1139000
09/01/2025;KRSA3;8.2;8.28;8.16;8.25;8.28;64;28400
09/01/2025;LAND3;13.53;14.05;13.25;13.64;13.25;138;23400
09/01/2025;LAVV3;7.2;7.2;7.06;7.11;7.1;1007;446200
09/01/2025;PCAR3;2.79;2.91;2.77;2.85;2.85;6437;8154600
09/01/2025;ALPA3;6.06;6.13;5.93;6.04;5.93;14;4800
09/01/2025;ALPA4;6.43;6.47;6.21;6.28;6.21;4424;1671400
09/01/2025;ALPK3;2.32;2.55;2.32;2.45;2.44;397;107000
09/01/2025;ALUP3;9.02;9.13;8.9;9.04;9.12;44;5500
09/01/2025;ALUP4;8.98;8.98;8.79;8.86;8.84;72;14000
09/01/2025;AMAR3;1.08;1.1;1.01;1.05;1.07;344;166800
09/01/2025;AMBP3;107.4;117.79;106.99;114.49;116.95;369;75800
09/01/2025;AMOB3;0.36;0.37;0.35;0.36;0.35;4884;17579900
09/01/2025;ANIM3;1.54;1.56;1.51;1.53;1.52;4871;5618300
09/01/2025;ARML3;5.3;5.43;5.2;5.32;5.32;1347;307300
09/01/2025;ASAI3;5.59;5.8;5.53;5.7;5.66;24375;12611100
09/01/2025;BBDC3;10.4;10.46;10.36;10.42;10.42;9376;5846200
09/01/2025;BBDC4;11.4;11.42;11.28;11.32;11.32;18731;18386900
09/01/2025;CRFB3;5.44;5.62;5.38;5.51;5.53;11126;12253100
09/01/2025;CRPG5;19.6;19.9;19.6;19.75;19.9;2;200
09/01/2025;CSAN3;8.15;8.3;8.1;8.2;8.21;12470;7970300
09/01/2025;ELMD3;28.61;28.8;28.61;28.7;28.7;1044;152600
09/01/2025;EMAE4;40.15;40.15;40.15;40.15;40.15;1;100
09/01/2025;EMBR3;57.38;57.72;56.9;57.3;57.35;11740;2185300
09/01/2025;JHSF3;3.69;3.72;3.66;3.69;3.7;1711;1087200
09/01/2025;JSLG3;5.56;5.69;5.44;5.53;5.6;848;191300
09/01/2025;KEPL3;9.22;9.46;9.15;9.35;9.41;2317;685900
09/01/2025;AERI3;6.44;8.35;6.12;7.48;8.09;8572;4955500
09/01/2025;FESA4;7.65;7.79;7.57;7.67;7.59;986;292000
09/01/2025;FHER3;5.7;5.75;5.45;5.61;5.61;68;18700
09/01/2025;FICT3;2.98;2.98;2.9;2.92;2.9;32;10300
09/01/2025;FIQE3;3.4;3.48;3.36;3.43;3.47;371;161500
09/01/2025;SEQL3;2.85;2.91;2.7;2.81;2.79;530;300400
09/01/2025;NUTR3;3.98;4.16;3.98;4.11;4.06;18;1800
09/01/2025;NEXP3;3.89;3.89;3.85;3.85;3.85;3;700
09/01/2025;RNEW4;0.96;0.98;0.9;0.93;0.93;156;192700
09/01/2025;RPMG3;2.75;2.76;2.75;2.75;2.75;6;1000
09/01/2025;RSID3;2.9;2.96;2.68;2.83;2.68;601;98300
09/01/2025;RNEW3;0.98;1.02;0.97;0.98;0.97;91;60700
09/01/2025;AGXY3;0.46;0.47;0.45;0.45;0.46;176;78700
09/01/2025;PMAM3;1.7;1.74;1.27;1.44;1.37;1250;1493100
09/01/2025;ATMP3;1.25;1.32;1.22;1.25;1.29;13;3900
09/01/2025;LIGT3;3.89;3.89;3.83;3.86;3.86;1832;430500
09/01/2025;OIBR3;1.37;1.43;1.37;1.39;1.38;556;1469400
09/01/2025;OIBR4;8.56;8.95;8.56;8.65;8.6;9;900
09/01/2025;AMER3;5.55;5.89;5.53;5.66;5.61;2874;1951800
09/01/2025;JFEN3;2.57;2.68;2.54;2.61;2.62;57;17800
21/01/2025;GOLL4;1.66;1.7;1.62;1.66;1.7;2754;8180200
29/01/2025;GOLL4;1.75;1.76;1.67;1.69;1.69;2205;7751300
09/01/2025;GOLL4;1.64;1.85;1.62;1.73;1.69;6114;16741800
30/01/2025;RADL3;21.46;22.05;21.4;21.77;22.05;19183;7133900
30/01/2025;RAIL3;17.99;18.4;17.89;18.2;18.32;30063;14879900
30/01/2025;WEST3;4.57;4.6;4.56;4.57;4.57;11;1100
30/01/2025;WHRL3;3.87;3.87;3.81;3.82;3.81;11;2000
30/01/2025;USIM3;5.28;5.61;5.28;5.49;5.55;1210;334900
30/01/2025;USIM5;5.4;5.67;5.4;5.6;5.64;21949;16263600
30/01/2025;VAMO3;4.74;4.9;4.74;4.85;4.87;7503;4300100
30/01/2025;VBBR3;17.41;17.87;17.35;17.68;17.76;24132;10452500
30/01/2025;YDUQ3;9.51;10.5;9.51;10.18;10.36;13678;7240600
30/01/2025;MILS3;8.81;9.25;8.81;9.08;9.25;2369;982000
30/01/2025;MLAS3;1.16;1.29;1.16;1.24;1.24;2771;3379800
30/01/2025;MNDL3;16.95;17.49;16.95;17.15;17.49;3;600
30/01/2025;MNPR3;27.03;27.48;27.0;27.06;27.45;15;6000
30/01/2025;MOVI3;3.89;4.1;3.85;4.0;4.1;7896;9044100
30/01/2025;MRFG3;15.79;16.07;15.55;15.85;15.92;11457;4833300
30/01/2025;PRNR3;15.97;16.24;15.88;16.02;16.0;2218;439400
30/01/2025;PSSA3;39.0;39.9;39.0;39.6;39.89;10061;1381400
30/01/2025;PTBL3;3.56;3.74;3.56;3.66;3.7;952;299900
30/01/2025;PTNT3;9.75;10.1;9.75;9.87;10.1;3;300
30/01/2025;PTNT4;6.5;6.69;6.5;6.63;6.69;10;3400
30/01/2025;VVEO3;1.58;1.64;1.54;1.57;1.57;2417;4219400
30/01/2025;PCAR3;2.72;2.81;2.71;2.76;2.75;6002;12341200
30/01/2025;PDGR3;0.01;0.01;0.01;0.01;0.01;710;12112500
30/01/2025;PDTC3;1.3;1.37;1.27;1.31;1.28;107;36600
30/01/2025;PETR3;40.78;41.5;40.43;41.17;41.37;19340;8276500
30/01/2025;PETR4;37.04;37.51;36.8;37.28;37.39;47364;30916000
30/01/2025;PFRM3;6.15;6.49;6.08;6.25;6.49;602;177700
30/01/2025;BEEF3;4.85;4.99;4.81;4.93;4.94;8252;6240100
30/01/2025;BPAC3;15.71;15.81;15.54;15.76;15.54;21;3700
30/01/2025;BPAC5;7.38;7.68;7.38;7.53;7.62;14;1800
30/01/2025;CEBR3;16.5;16.99;16.22;16.65;16.77;26;4800
30/01/2025;CEBR5;15.66;16.37;15.66;15.98;16.33;26;9200
30/01/2025;CEBR6;17.8;18.5;17.5;17.79;17.74;113;22300
30/01/2025;CEEB3;38.0;38.25;38.0;38.12;38.25;2;200
30/01/2025;CGAS5;132.86;133.5;132.86;133.27;133.5;13;1300
30/01/2025;CGRA4;26.39;26.49;26.25;26.36;26.49;8;800
30/01/2025;CLSA3;10.18;10.21;10.13;10.16;10.16;1991;1013200
30/01/2025;CLSC3;77.0;77.0;77.0;77.0;77.0;3;600
30/01/2025;CLSC4;79.2;79.65;79.11;79.4;79.54;17;2200
30/01/2025;CMIG3;14.95;15.21;14.88;15.02;15.14;785;132200
30/01/2025;CMIG4;10.73;11.0;10.7;10.89;10.92;14441;8830600
30/01/2025;ELMD3;29.5;29.73;29.4;29.5;29.46;773;238400
30/01/2025;EMAE4;44.01;44.56;44.0;44.31;44.5;5;500
30/01/2025;EMBR3;59.3;60.36;59.29;59.83;60.04;20069;4514200
30/01/2025;BBSE3;38.76;38.96;38.18;38.49;38.59;21158;5555600
30/01/2025;CAMB3;11.2;11.61;11.02;11.35;11.58;212;35100
30/01/2025;CAML3;4.74;4.9;4.74;4.82;4.87;2402;1228800
30/01/2025;CASH3;3.15;3.23;3.13;3.18;3.19;862;291600
30/01/2025;CBAV3;5.03;5.49;5.03;5.36;5.44;13816;7109600
30/01/2025;CCRO3;11.07;11.57;11.03;11.35;11.47;17114;13942300
30/01/2025;CEAB3;9.29;10.0;9.25;9.61;9.85;11582;7000600
30/01/2025;CSED3;3.26;3.39;3.26;3.36;3.39;688;2500100
30/01/2025;CSMG3;22.1;22.61;22.09;22.4;22.45;7134;1380700
30/01/2025;CSNA3;8.9;9.41;8.89;9.18;9.25;19687;13202300
30/01/2025;HAGA3;2.1;2.26;2.09;2.21;2.2;12;3500
30/01/2025;HAGA4;1.17;1.17;1.15;1.15;1.17;11;6700
30/01/2025;HAPV3;2.3;2.46;2.27;2.37;2.45;27128;100860700
30/01/2025;HBOR3;1.54;1.57;1.51;1.55;1.55;375;912200
30/01/2025;HBRE3;3.03;3.22;3.02;3.16;3.21;557;371000
30/01/2025;HBSA3;2.71;2.75;2.65;2.7;2.75;3491;3014600
30/01/2025;DEXP4;8.61;8.81;8.61;8.76;8.81;3;400
30/01/2025;DIRR3;27.87;29.12;27.87;28.74;28.7;10717;2273800
30/01/2025;DMVF3;5.6;5.83;5.58;5.69;5.72;305;68300
30/01/2025;DOHL4;4.0;4.1;4.0;4.01;4.1;2;600
30/01/2025;DOTZ3;3.31;3.51;3.27;3.35;3.37;46;19300
30/01/2025;DXCO3;5.96;6.14;5.94;6.07;6.06;4613;3359900
30/01/2025;EALT4;13.82;13.96;13.73;13.85;13.94;54;8700
30/01/2025;ECOR3;5.01;5.31;5.01;5.21;5.27;7589;5254300
30/01/2025;ITUB3;29.18;29.99;29.18;29.78;29.79;1770;428400
30/01/2025;ITUB4;33.23;34.18;33.23;33.94;34.03;41117;26222300
30/01/2025;ATED3;1.26;1.26;1.24;1.25;1.24;5;5900
30/01/2025;AURE3;7.78;8.16;7.78;8.09;8.12;11781;7537200
30/01/2025;AVLL3;2.23;2.23;2.22;2.22;2.23;5;10600
30/01/2025;BRFS3;21.98;22.42;21.71;21.97;22.0;16368;8112300
30/01/2025;CPFE3;33.87;34.48;33.58;34.23;34.42;10424;1675500
30/01/2025;FLRY3;11.5;12.1;11.5;11.92;11.93;11616;4056300
30/01/2025;FRAS3;21.25;21.95;21.25;21.68;21.74;2253;528700
30/01/2025;FRIO3;301.0;301.0;301.0;301.0;301.0;14;6600
30/01/2025;GEPA4;29.0;29.0;28.8;28.97;29.0;5;1700
30/01/2025;GFSA3;1.36;1.41;1.36;1.39;1.4;1885;4882200
30/01/2025;GGBR3;16.13;16.5;16.13;16.37;16.49;123;27000
30/01/2025;GGBR4;17.5;17.88;17.48;17.73;17.77;18160;8594400
30/01/2025;LOGN3;20.13;21.18;20.13;20.73;20.6;513;86800
30/01/2025;LPSB3;1.34;1.39;1.32;1.35;1.38;388;277100
30/01/2025;LREN3;13.55;14.02;13.46;13.85;13.9;22773;14659800
30/01/2025;ODPV3;10.94;11.39;10.94;11.22;11.29;3174;957200
30/01/2025;OFSA3;17.6;18.01;17.52;17.95;18.01;16;8700
30/01/2025;ONCO3;2.07;2.16;2.0;2.08;2.15;8009;20178100
30/01/2025;OPCT3;5.58;5.7;5.55;5.64;5.63;819;367600
30/01/2025;ORVR3;40.11;41.7;39.93;41.16;41.21;3445;618400
30/01/2025;RENT3;30.4;32.06;30.31;31.46;31.66;35373;11233500
30/01/2025;TASA3;8.1;8.22;8.1;8.14;8.15;63;15300
30/01/2025;TASA4;7.99;8.09;7.97;8.03;8.06;1253;221600
30/01/2025;TCSA3;1.52;1.63;1.51;1.58;1.6;177;127800
30/01/2025;TECN3;5.34;5.4;5.32;5.37;5.38;196;52200
30/01/2025;TELB3;11.1;11.95;11.1;11.27;11.95;5;900
30/01/2025;TELB4;6.9;7.93;6.9;7.51;7.89;33;5200
30/01/2025;TEND3;13.48;14.37;13.48;14.11;14.37;18656;4386400
30/01/2025;TFCO4;9.41;9.75;9.41;9.63;9.67;1190;386500
30/01/2025;TGMA3;29.75;30.27;29.72;30.08;30.27;1500;225300
30/01/2025;TIMS3;15.47;15.82;15.46;15.69;15.64;10255;4535000
30/01/2025;TKNO4;67.67;68.0;67.67;67.85;68.0;3;500
30/01/2025;TOTS3;31.35;33.3;31.19;32.57;32.61;23015;6354200
30/01/2025;JHSF3;3.89;4.02;3.88;3.97;4.01;4176;2810000
30/01/2025;MWET4;10.31;10.64;10.31;10.47;10.64;2;200
30/01/2025;MYPK3;13.69;13.9;13.61;13.76;13.73;4705;827100
30/01/2025;NEOE3;18.32;18.9;18.3;18.75;18.78;6122;1491400
30/01/2025;NGRD3;21.38;21.94;21.29;21.65;21.78;109;17100
30/01/2025;NTCO3;12.18;12.77;12.18;12.58;12.74;24131;14685800
30/01/2025;PETZ3;5.04;5.1;4.77;4.89;4.86;17676;30206000
30/01/2025;RAPT3;7.86;8.23;7.84;8.0;8.02;146;88400
30/01/2025;RAPT4;8.92;9.31;8.92;9.17;9.2;11371;3592900
30/01/2025;SANB3;11.84;12.35;11.79;12.08;12.18;722;162100
30/01/2025;SANB4;13.1;13.48;13.1;13.38;13.4;875;288600
30/01/2025;UNIP3;48.29;49.3;48.2;48.59;48.3;44;4600
30/01/2025;UNIP6;48.45;50.03;48.28;49.1;49.35;991;136600
30/01/2025;BMEB4;38.1;38.49;37.35;38.18;37.72;134;14400
30/01/2025;BMGB4;3.72;3.77;3.71;3.74;3.75;443;467100
30/01/2025;BMOB3;13.57;14.1;13.49;13.95;13.95;2003;436600
30/01/2025;BOBR4;2.19;2.31;2.13;2.2;2.19;320;89500
30/01/2025;BGIP4;28.01;29.1;27.23;28.01;27.67;77;11700
30/01/2025;BHIA3;3.47;3.67;3.47;3.57;3.49;2789;4229700
30/01/2025;CSUD3;15.9;16.8;15.87;16.18;16.08;360;83300
30/01/2025;CTKA4;21.85;23.96;21.01;21.48;22.0;10;5600
30/01/2025;CURY3;20.95;21.8;20.92;21.54;21.4;10013;2756400
30/01/2025;CVCB3;1.79;1.96;1.79;1.88;1.95;8444;36919000
30/01/2025;ENEV3;11.2;11.82;11.2;11.66;11.73;16332;8441900
30/01/2025;ENGI3;11.79;11.96;11.62;11.81;11.96;71;10300
30/01/2025;ENGI4;6.8;7.17;6.8;7.01;7.17;59;11300
30/01/2025;QUAL3;1.84;1.95;1.84;1.92;1.95;4151;3646400
30/01/2025;IRBR3;53.01;54.45;52.49;53.59;54.45;6800;1835500
30/01/2025;JSLG3;5.31;5.83;5.31;5.65;5.73;2301;834800
30/01/2025;KEPL3;10.17;10.41;10.04;10.28;10.33;3451;829600
30/01/2025;KLBN3;4.72;4.88;4.72;4.8;4.87;540;315400
30/01/2025;KLBN4;4.37;4.48;4.36;4.42;4.46;1075;945000
30/01/2025;LUPA3;1.24;1.28;1.24;1.26;1.27;126;137900
30/01/2025;ALLD3;6.88;7.04;6.88;6.96;6.94;135;38100
30/01/2025;ALOS3;18.68;19.39;18.68;19.2;19.29;17730;6883000
30/01/2025;BEES3;8.17;8.27;8.17;8.23;8.27;56;10100
30/01/2025;SAPR3;5.12;5.21;5.07;5.13;5.16;762;275500
30/01/2025;SAPR4;5.12;5.2;5.1;5.16;5.2;3806;2433400
30/01/2025;SBFG3;11.03;12.0;11.03;11.69;12.0;5225;2053700
30/01/2025;SBSP3;92.85;96.48;92.85;95.18;95.63;18263;3065500
30/01/2025;WEGE3;54.78;56.38;54.41;55.91;56.21;24543;6202600
30/01/2025;ROMI3;9.1;9.53;9.1;9.44;9.53;728;183200
30/01/2025;RSUL4;58.29;59.0;58.0;58.78;59.0;9;1100
30/01/2025;SCAR3;17.48;18.23;17.48;17.96;18.22;141;36000
30/01/2025;SEER3;4.71;5.11;4.71;4.99;5.08;2625;515100
30/01/2025;SHOW3;0.71;0.75;0.71;0.72;0.72;510;130200
30/01/2025;SHUL4;6.0;6.21;6.0;6.15;6.15;1244;423000
30/01/2025;SIMH3;3.4;3.67;3.39;3.53;3.64;8311;8598000
30/01/2025;SLCE3;17.52;17.94;17.49;17.72;17.89;13057;3809400
30/01/2025;VALE3;53.3;55.6;53.28;54.67;55.03;55639;40562400
30/01/2025;VIVR3;1.07;1.09;1.07;1.08;1.08;63;30200
30/01/2025;VIVT3;51.07;52.0;51.07;51.43;51.56;14921;2673100
30/01/2025;VLID3;23.28;23.85;23.28;23.6;23.49;1971;256100
30/01/2025;VSTE3;6.58;6.69;6.31;6.44;6.31;30;8400
30/01/2025;VTRU3;5.7;6.07;5.65;5.79;5.76;1469;695300
30/01/2025;VULC3;16.6;17.2;16.58;17.01;17.1;7140;1626500
30/01/2025;BIED3;3.98;4.07;3.98;3.99;4.07;7;1200
30/01/2025;VITT3;5.27;5.55;5.26;5.45;5.53;1152;416100
30/01/2025;VIVA3;20.8;22.35;20.77;21.74;22.01;20292;5361700
30/01/2025;MDNE3;12.16;12.46;12.11;12.27;12.23;5456;1402900
30/01/2025;MEAL3;1.0;1.05;0.99;1.02;1.01;358;466800
30/01/2025;MELK3;3.68;3.78;3.68;3.75;3.77;525;433400
30/01/2025;MGEL4;7.4;7.96;7.4;7.59;7.96;3;400
30/01/2025;MGLU3;6.71;7.42;6.71;7.14;7.42;25077;31793700
30/01/2025;BALM4;11.3;11.3;11.3;11.3;11.3;1;100
30/01/2025;BAZA3;90.69;90.69;89.0;90.01;89.99;7;1100
30/01/2025;BBAS3;27.37;27.94;27.28;27.7;27.64;43933;22311000
30/01/2025;BPAN4;6.84;7.01;6.81;6.92;6.99;6160;2109200
30/01/2025;BRAP3;15.28;15.72;15.19;15.5;15.55;494;106600
30/01/2025;BRAP4;16.33;17.1;16.33;16.87;16.93;6962;2478100
30/01/2025;CXSE3;14.64;14.76;14.53;14.63;14.65;15898;4615200
30/01/2025;CYRE3;19.67;20.51;19.64;20.31;20.38;22754;7948200
30/01/2025;ENJU3;1.3;1.39;1.29;1.34;1.38;609;1331800
30/01/2025;ENMT3;78.23;85.0;78.21;80.5;85.0;17;1700
30/01/2025;EPAR3;5.11;5.3;5.1;5.2;5.23;52;19100
30/01/2025;EQPA3;5.39;5.45;5.35;5.4;5.39;42;30300
30/01/2025;EQTL3;29.13;30.65;29.09;30.25;30.52;37625;15645300
30/01/2025;AALR3;11.37;11.74;10.99;11.41;11.4;61;8800
30/01/2025;ABCB4;19.74;20.36;19.74;20.14;20.3;3494;675600
30/01/2025;ABEV3;10.99;11.14;10.96;11.06;11.11;21587;22347200
30/01/2025;TTEN3;15.86;16.36;15.79;16.05;16.1;10694;1728200
30/01/2025;TUPY3;21.25;22.17;21.25;21.86;21.91;5020;781400
30/01/2025;UCAS3;1.55;1.57;1.53;1.54;1.55;145;55400
30/01/2025;UGPA3;16.66;17.19;16.61;16.99;17.08;20601;5727300
30/01/2025;ZAMP3;2.97;3.09;2.97;3.01;3.07;2216;667800
30/01/2025;RCSL3;3.95;4.01;3.8;3.91;4.01;4755;3801200
30/01/2025;RCSL4;0.68;0.69;0.65;0.66;0.67;1346;2899300
30/01/2025;RDNI3;2.15;2.25;2.15;2.23;2.25;24;11800
30/01/2025;RDOR3;27.3;28.46;27.24;27.86;28.26;28469;9426100
30/01/2025;REAG3;5.25;5.25;5.15;5.2;5.25;17;6200
30/01/2025;RECV3;15.64;16.0;15.63;15.8;15.99;6900;1708200
30/01/2025;REDE3;6.38;6.38;6.38;6.38;6.38;2;1300
30/01/2025;SYNE3;5.03;5.03;4.9;4.94;4.95;1949;489400
30/01/2025;TAEE3;10.82;11.0;10.76;10.89;10.97;425;87600
30/01/2025;TAEE4;10.88;11.1;10.84;11.0;11.1;546;133500
30/01/2025;IFCM3;0.08;0.08;0.07;0.07;0.08;497;3597600
30/01/2025;IGTI3;2.17;2.25;2.11;2.17;2.23;231;72500
30/01/2025;IGTI4;8.01;8.04;7.64;7.83;7.64;3;400
30/01/2025;INEP3;1.4;1.45;1.39;1.43;1.44;15;7200
30/01/2025;INEP4;1.39;1.42;1.37;1.41;1.42;15;15300
30/01/2025;INTB3;13.81;14.67;13.68;14.3;14.48;8291;2774100
30/01/2025;HYPE3;18.12;18.57;18.12;18.39;18.4;15151;3739100
30/01/2025;JALL3;4.51;4.74;4.49;4.65;4.74;1597;494300
30/01/2025;JBSS3;35.0;35.57;34.39;34.89;35.02;25638;6861100
30/01/2025;MTRE3;3.16;3.33;3.13;3.24;3.3;1153;1083700
30/01/2025;MTSA4;39.8;40.75;39.27;39.94;40.73;46;8600
30/01/2025;MULT3;21.74;22.55;21.63;22.17;22.31;25258;11119300
30/01/2025;RAIZ4;1.93;1.98;1.93;1.95;1.96;6609;18046400
30/01/2025;RANI3;7.08;7.31;7.05;7.21;7.3;2262;530500
30/01/2025;SMFT3;19.2;19.88;19.02;19.63;19.61;14246;3101400
30/01/2025;SMTO3;22.48;23.4;22.48;22.87;23.4;6500;1604700
30/01/2025;SNSY3;11.25;11.25;11.25;11.25;11.25;1;100
30/01/2025;SNSY5;4.0;4.0;3.74;3.89;3.74;19;7200
30/01/2025;SOJA3;10.38;10.89;10.38;10.75;10.87;2603;379800
30/01/2025;SRNA3;6.1;6.46;6.1;6.38;6.46;6103;1964800
30/01/2025;STBP3;13.18;13.2;13.15;13.18;13.2;5826;4800200
30/01/2025;SUZB3;62.56;62.97;61.86;62.3;62.36;23444;4598900
30/01/2025;MRVE3;5.48;5.79;5.45;5.67;5.72;12676;13565800
30/01/2025;PGMN3;3.09;3.19;3.09;3.15;3.18;2146;1490400
30/01/2025;PINE3;4.69;4.88;4.46;4.6;4.69;31;8900
30/01/2025;PINE4;4.45;4.55;4.45;4.51;4.55;216;100600
30/01/2025;PLPL3;9.52;10.02;9.52;9.86;9.92;2987;1022200
30/01/2025;PNVL3;8.32;8.61;8.31;8.52;8.51;2889;488000
30/01/2025;POMO3;6.18;6.36;6.15;6.29;6.28;722;230600
30/01/2025;POMO4;8.18;8.45;8.15;8.32;8.27;19075;13426200
30/01/2025;PORT3;16.87;17.01;16.79;16.94;16.99;1583;478800
30/01/2025;POSI3;5.63;5.85;5.61;5.74;5.8;2933;1140200
30/01/2025;PRIO3;40.64;41.68;40.52;41.21;41.46;20585;6424500
30/01/2025;BLAU3;12.53;13.34;12.49;13.11;13.34;1844;309700
30/01/2025;TPIS3;4.89;4.97;4.88;4.93;4.91;39;11200
30/01/2025;TRAD3;5.97;6.17;5.87;5.98;6.05;92;20300
30/01/2025;TRIS3;5.29;5.42;5.29;5.37;5.37;868;1042100
30/01/2025;LVTC3;2.32;2.32;2.22;2.25;2.24;62;30600
30/01/2025;LWSA3;3.21;3.48;3.21;3.38;3.43;16414;8717500
30/01/2025;MATD3;3.79;4.04;3.76;3.93;3.98;2470;917400
30/01/2025;MBLY3;1.49;1.58;1.49;1.56;1.54;299;551600
30/01/2025;MDIA3;24.2;24.4;23.74;24.06;24.08;5431;869400
30/01/2025;AERI3;6.34;6.57;6.33;6.42;6.57;723;409500
30/01/2025;AFLT3;7.05;7.68;7.05;7.44;7.68;15;2400
30/01/2025;AGRO3;22.57;23.05;22.57;22.86;23.05;1662;200200
30/01/2025;WHRL4;4.22;4.27;4.14;4.2;4.17;34;13700
30/01/2025;WIZC3;5.92;6.1;5.9;6.02;6.02;952;293900
30/01/2025;WLMM4;29.17;29.27;29.17;29.24;29.27;9;1300
30/01/2025;BIOM3;9.52;9.79;9.5;9.7;9.64;140;79300
30/01/2025;B3SA3;10.56;11.17;10.56;10.78;11.09;33288;98412200
30/01/2025;BRSR3;11.83;12.12;11.83;12.05;12.06;20;3400
30/01/2025;BRSR6;10.19;10.52;10.19;10.42;10.45;5678;1759400
30/01/2025;BRST3;2.57;2.65;2.56;2.61;2.6;716;281300
30/01/2025;BSLI3;7.35;8.78;7.34;7.64;8.2;23;5100
30/01/2025;BSLI4;7.45;7.45;7.07;7.11;7.07;15;4400
30/01/2025;CRPG5;19.88;19.88;19.7;19.75;19.82;5;600
30/01/2025;CSAN3;7.53;8.05;7.51;7.86;8.03;33041;32032500
30/01/2025;EGIE3;36.97;37.33;36.65;37.0;36.85;7423;1306800
30/01/2025;EKTR4;52.0;52.0;52.0;52.0;52.0;1;100
30/01/2025;ELET3;35.42;36.64;35.38;36.31;36.5;27999;7400100
30/01/2025;ELET6;39.36;40.56;39.31;40.21;40.4;4656;913900
30/01/2025;GGPS3;14.51;15.21;14.48;15.03;15.08;11409;2422200
30/01/2025;GMAT3;6.42;6.71;6.42;6.62;6.67;6228;3315400
30/01/2025;GOAU3;9.6;10.13;9.6;9.98;10.12;131;29000
30/01/2025;GOAU4;9.85;10.1;9.8;10.01;10.03;11125;8415500
30/01/2025;GRND3;5.74;5.82;5.65;5.7;5.66;3423;1095600
30/01/2025;GUAR3;6.39;6.75;6.39;6.58;6.64;4284;1233300
30/01/2025;AZEV3;1.17;1.18;1.15;1.16;1.17;225;454800
30/01/2025;AZEV4;1.17;1.19;1.15;1.16;1.16;1384;3291600
30/01/2025;AZUL4;4.53;4.6;4.48;4.57;4.6;7451;15777200
30/01/2025;AZZA3;33.6;35.16;33.57;34.57;34.68;13259;3346500
30/01/2025;BRKM3;13.97;14.19;13.68;13.8;13.68;84;25000
30/01/2025;BRKM5;14.23;14.49;13.81;14.03;14.03;13169;4494600
30/01/2025;BRKM6;8.0;8.0;8.0;8.0;8.0;1;100
30/01/2025;CPLE3;8.58;8.89;8.56;8.79;8.85;5988;5835900
30/01/2025;CPLE5;10.52;10.52;10.52;10.52;10.52;2;200
30/01/2025;CPLE6;9.52;9.89;9.51;9.77;9.82;17580;17609500
30/01/2025;CRFB3;6.07;6.41;6.07;6.32;6.28;13857;11021200
30/01/2025;DASA3;1.85;1.89;1.82;1.85;1.88;1341;1033600
30/01/2025;DESK3;10.01;10.28;9.95;10.12;10.2;4128;774200
30/01/2025;DEXP3;8.54;8.84;8.54;8.71;8.84;366;45500
30/01/2025;ISAE3;31.41;32.5;31.33;32.09;32.48;41;5800
30/01/2025;ISAE4;23.5;24.04;23.5;23.87;23.97;9445;1986000
30/01/2025;ITSA3;9.45;9.7;9.45;9.63;9.64;249;84400
30/01/2025;ITSA4;9.4;9.63;9.37;9.55;9.59;26354;27693600
30/01/2025;ALPA3;5.73;6.04;5.73;5.96;5.86;29;5800
30/01/2025;ALPA4;6.04;6.35;6.04;6.24;6.35;6510;3763400
30/01/2025;ALPK3;2.47;2.52;2.47;2.49;2.5;138;52000
30/01/2025;ALUP3;9.53;9.75;9.4;9.62;9.75;73;8300
30/01/2025;ALUP4;9.12;9.44;9.11;9.26;9.33;124;26700
30/01/2025;AMAR3;1.1;1.19;1.09;1.13;1.09;665;704400
30/01/2025;AMBP3;122.89;135.0;122.76;130.73;134.88;684;103600
30/01/2025;AMOB3;0.31;0.32;0.3;0.3;0.31;6879;19536600
30/01/2025;ANIM3;1.92;2.1;1.92;2.04;2.1;5229;11281400
30/01/2025;ARML3;4.86;5.03;4.82;4.94;4.99;5429;1317700
30/01/2025;ASAI3;6.5;6.92;6.5;6.75;6.84;23476;22177900
30/01/2025;BBDC3;10.58;11.13;10.56;10.98;11.05;12369;11651100
30/01/2025;BBDC4;11.54;12.25;11.51;12.05;12.14;40377;56868200
30/01/2025;BRAV3;22.05;22.49;21.77;22.16;22.26;16868;8418500
30/01/2025;CMIN3;5.24;5.65;5.24;5.53;5.56;10953;9407800
30/01/2025;COCE5;24.28;24.35;24.06;24.24;24.35;24;4500
30/01/2025;COGN3;1.35;1.41;1.34;1.38;1.39;16444;43961000
30/01/2025;ESPA3;0.73;0.75;0.73;0.74;0.74;346;680000
30/01/2025;ETER3;5.37;5.4;5.26;5.35;5.35;404;94500
30/01/2025;EUCA3;16.01;16.01;16.01;16.01;16.01;1;100
30/01/2025;EUCA4;13.38;13.62;13.38;13.45;13.41;193;30700
30/01/2025;EVEN3;5.84;6.14;5.84;6.06;6.08;4703;1895100
30/01/2025;EZTC3;12.02;12.75;12.02;12.62;12.71;10629;3282100
30/01/2025;FESA4;7.84;8.1;7.83;7.99;8.1;1646;500700
30/01/2025;FHER3;5.7;5.74;5.5;5.64;5.54;111;33500
30/01/2025;FICT3;3.56;3.67;3.3;3.43;3.42;579;135000
30/01/2025;FIQE3;3.4;3.5;3.38;3.42;3.49;631;677100
30/01/2025;KRSA3;8.52;8.6;8.5;8.52;8.5;55;26200
30/01/2025;LAND3;14.6;15.0;14.6;14.84;15.0;154;23500
30/01/2025;LAVV3;8.18;8.52;8.14;8.4;8.52;3867;825700
30/01/2025;LEVE3;27.69;29.05;27.69;28.73;28.75;3517;690900
30/01/2025;LJQQ3;2.19;2.36;2.19;2.3;2.33;5010;3805700
30/01/2025;LOGG3;17.48;18.55;17.48;18.11;18.32;4068;780200
30/01/2025;NUTR3;3.78;3.81;3.7;3.73;3.72;40;8400
30/01/2025;SEQL3;2.68;2.73;2.64;2.68;2.65;610;598100
30/01/2025;ATMP3;1.14;1.15;1.11;1.13;1.12;21;12700
30/01/2025;OIBR3;1.56;1.63;1.56;1.6;1.63;1516;1344400
30/01/2025;OIBR4;8.4;8.69;8.4;8.63;8.56;32;5500
30/01/2025;JFEN3;2.36;2.45;2.35;2.39;2.42;64;18500
30/01/2025;NEXP3;3.85;3.85;3.73;3.79;3.84;6;2100
30/01/2025;RNEW3;0.91;0.92;0.89;0.9;0.9;115;44900
30/01/2025;RNEW4;0.9;0.93;0.89;0.91;0.91;183;88100
30/01/2025;RPMG3;2.82;2.96;2.76;2.86;2.96;30;11800
30/01/2025;RSID3;2.94;3.1;2.89;2.96;3.04;132;32200
30/01/2025;PMAM3;1.08;1.13;1.08;1.1;1.13;155;126400
30/01/2025;AGXY3;0.68;0.74;0.65;0.69;0.71;848;903400
30/01/2025;AMER3;6.35;6.62;6.35;6.52;6.5;2347;1925300
30/01/2025;LIGT3;4.14;4.27;4.12;4.2;4.24;1132;567500
22/01/2025;GEPA4;28.6;28.6;28.6;28.6;28.6;1;100
22/01/2025;GFSA3;1.33;1.38;1.3;1.32;1.31;1454;3330700
22/01/2025;GGBR3;16.77;16.77;16.08;16.37;16.08;141;26200
22/01/2025;GGBR4;17.99;17.99;17.47;17.67;17.6;22237;11092400
22/01/2025;ITUB3;28.6;28.73;28.4;28.5;28.44;1994;614100
22/01/2025;ITUB4;32.85;32.96;32.51;32.66;32.61;32739;21037900
22/01/2025;AERI3;7.0;7.12;6.59;6.8;6.6;1767;885100
22/01/2025;AGRO3;22.35;22.72;22.18;22.4;22.72;996;184500
22/01/2025;ALLD3;7.05;7.1;6.9;6.98;6.9;179;37400
22/01/2025;UNIP3;46.43;47.23;46.3;46.72;46.3;39;4100
22/01/2025;UNIP5;48.2;48.2;47.7;47.95;47.7;2;200
22/01/2025;UNIP6;47.18;47.42;46.39;46.96;47.15;681;106100
22/01/2025;VITT3;5.16;5.21;5.08;5.14;5.18;2254;459900
22/01/2025;VIVA3;19.87;20.36;19.57;20.11;20.24;14112;2990900
22/01/2025;RAIL3;16.95;17.05;16.58;16.81;16.99;27512;15759400
22/01/2025;RAIZ4;1.88;1.97;1.87;1.91;1.92;18395;30904800
22/01/2025;SYNE3;4.9;5.02;4.9;4.96;4.99;1591;466900
22/01/2025;ALOS3;18.34;18.45;17.91;18.22;18.34;11476;5113000
22/01/2025;ALPA3;6.1;6.1;5.95;6.03;5.95;6;700
22/01/2025;ALPA4;6.24;6.35;6.2;6.29;6.31;6113;2625900
22/01/2025;BRFS3;22.27;22.65;21.62;22.04;22.04;25074;9718000
22/01/2025;BRKM3;14.36;14.45;13.83;14.07;14.1;36;7700
22/01/2025;BRKM5;14.25;14.46;13.89;14.1;14.03;9597;3016000
22/01/2025;EZTC3;11.32;11.59;11.16;11.4;11.58;9096;2253000
22/01/2025;FESA3;13.15;13.15;13.15;13.15;13.15;1;100
22/01/2025;FESA4;7.69;7.83;7.62;7.74;7.83;1066;365700
22/01/2025;FHER3;5.64;5.98;5.47;5.73;5.98;117;47400
22/01/2025;FICT3;3.38;3.5;3.25;3.34;3.32;72;18900
22/01/2025;FIQE3;3.49;3.49;3.35;3.4;3.38;1900;641400
22/01/2025;FLRY3;11.71;11.74;11.5;11.63;11.74;12707;4063600
22/01/2025;FRAS3;21.35;21.45;21.27;21.35;21.37;520;91200
22/01/2025;ITSA3;9.32;9.37;9.26;9.32;9.34;292;69800
22/01/2025;ITSA4;9.2;9.25;9.16;9.2;9.19;53398;28225100
22/01/2025;MATD3;3.63;3.74;3.6;3.66;3.7;1161;298700
22/01/2025;MBLY3;1.51;1.51;1.44;1.47;1.48;181;105600
22/01/2025;MDIA3;20.18;20.65;19.97;20.34;20.49;3327;513000
22/01/2025;MDNE3;11.05;11.1;10.77;10.97;10.97;1829;372100
22/01/2025;MEAL3;0.94;0.95;0.93;0.93;0.93;126;338800
22/01/2025;MELK3;3.61;3.7;3.61;3.66;3.69;568;277900
22/01/2025;MGEL4;7.1;7.25;7.1;7.16;7.25;6;1100
22/01/2025;KRSA3;8.46;8.63;8.46;8.55;8.62;151;27100
22/01/2025;LAND3;13.46;13.91;13.46;13.66;13.6;128;13800
22/01/2025;LAVV3;7.83;7.84;7.68;7.78;7.84;2136;462500
22/01/2025;LEVE3;26.98;27.42;26.88;27.21;27.3;1413;216900
22/01/2025;LIPR3;41.17;41.31;41.17;41.26;41.3;3;300
22/01/2025;LJQQ3;2.02;2.1;2.0;2.05;2.08;4166;4449500
22/01/2025;MWET4;10.08;10.08;10.08;10.08;10.08;1;100
22/01/2025;MYPK3;13.21;13.46;13.14;13.32;13.38;4364;821500
22/01/2025;NEOE3;18.36;18.49;18.17;18.36;18.37;3800;975700
22/01/2025;NGRD3;21.22;21.26;19.82;20.39;19.89;136;24400
22/01/2025;NTCO3;12.71;12.87;12.43;12.72;12.75;14123;5008500
22/01/2025;B3SA3;10.48;10.5;10.33;10.43;10.43;37410;47319900
22/01/2025;PCAR3;2.8;2.89;2.72;2.8;2.87;6684;10872800
22/01/2025;PRNR3;13.61;13.84;13.44;13.65;13.8;2077;308700
22/01/2025;PSSA3;37.93;38.31;37.85;37.97;37.9;7405;1480300
22/01/2025;POSI3;5.51;5.52;5.42;5.47;5.52;2341;528300
22/01/2025;PRIO3;42.74;43.02;42.21;42.5;42.45;20072;6311900
22/01/2025;SANB3;11.83;11.94;10.85;11.69;11.86;923;278500
22/01/2025;SANB4;13.22;13.35;13.1;13.17;13.12;667;249300
22/01/2025;SAPR3;5.25;5.25;5.08;5.12;5.11;487;139600
22/01/2025;SAPR4;5.26;5.28;5.1;5.15;5.11;2336;1221000
22/01/2025;KEPL3;9.58;9.61;9.46;9.53;9.61;3317;1041300
22/01/2025;MRSA3B;31.0;31.0;31.0;31.0;31.0;1;100
22/01/2025;MRVE3;5.37;5.51;5.26;5.39;5.44;12704;12092000
22/01/2025;MTRE3;3.18;3.25;3.16;3.21;3.25;687;530100
22/01/2025;MRFG3;15.15;15.28;14.83;15.07;15.03;14614;6184500
22/01/2025;PFRM3;6.39;6.39;6.19;6.27;6.27;756;201000
22/01/2025;PGMN3;3.08;3.26;3.04;3.17;3.18;4481;3016100
22/01/2025;PTBL3;3.67;3.84;3.67;3.77;3.74;969;286100
22/01/2025;PTNT3;7.73;7.94;7.73;7.81;7.83;4;400
22/01/2025;PTNT4;5.85;5.91;5.73;5.77;5.78;31;14200
22/01/2025;ROMI3;9.04;9.26;8.93;9.06;9.26;777;121900
22/01/2025;RSUL4;55.0;55.0;53.34;54.72;55.0;6;600
22/01/2025;TKNO4;64.8;64.8;64.8;64.8;64.8;1;100
22/01/2025;TOTS3;29.44;29.74;28.94;29.43;29.31;11303;2337900
22/01/2025;TPIS3;5.0;5.09;4.96;5.02;5.0;57;14400
22/01/2025;TRAD3;5.95;6.35;5.76;6.08;6.05;275;86900
22/01/2025;TRIS3;5.11;5.15;5.0;5.08;5.15;3813;985600
22/01/2025;VAMO3;4.6;4.72;4.53;4.63;4.7;11058;4926900
22/01/2025;VBBR3;17.87;18.08;17.58;17.88;17.97;21868;11424000
22/01/2025;JHSF3;3.76;3.79;3.72;3.76;3.79;6248;3480600
22/01/2025;JSLG3;5.16;5.47;5.16;5.37;5.47;2699;1315500
22/01/2025;USIM3;5.31;5.42;5.2;5.32;5.2;621;189500
22/01/2025;USIM5;5.28;5.45;5.22;5.33;5.22;12815;15837900
22/01/2025;PETZ3;4.51;4.7;4.45;4.52;4.7;6173;19081700
22/01/2025;REAG3;5.1;5.1;4.92;5.02;5.08;42;6700
22/01/2025;RECV3;16.76;16.89;16.64;16.75;16.65;7788;1641200
22/01/2025;REDE3;6.32;6.32;6.32;6.32;6.32;1;100
22/01/2025;RENT3;31.08;31.13;29.91;30.55;30.53;31513;9124300
22/01/2025;TTEN3;14.5;15.09;14.33;14.77;14.85;6237;1122500
22/01/2025;TUPY3;21.5;21.58;21.13;21.36;21.58;4117;611500
22/01/2025;WEGE3;56.02;56.48;55.58;56.31;56.44;23062;4930100
22/01/2025;RANI3;7.01;7.08;7.0;7.04;7.08;1080;334300
22/01/2025;RAPT3;7.96;8.28;7.94;8.03;8.09;109;33300
22/01/2025;RAPT4;8.77;8.9;8.62;8.76;8.74;10259;3347800
22/01/2025;WIZC3;5.45;5.68;5.45;5.59;5.68;1380;354100
22/01/2025;WLMM4;29.24;29.25;28.79;29.01;28.79;4;600
22/01/2025;YDUQ3;9.06;9.16;8.81;9.01;9.05;10834;3865400
22/01/2025;BLAU3;12.22;12.79;11.97;12.27;12.53;2087;454300
22/01/2025;BMEB3;31.66;31.66;30.3;30.51;30.3;9;1600
22/01/2025;BMEB4;37.1;38.25;36.6;37.36;36.6;188;26300
22/01/2025;BMGB4;3.75;3.76;3.71;3.73;3.72;604;288100
22/01/2025;BRAP3;15.66;15.66;15.21;15.41;15.21;307;65500
22/01/2025;BRAP4;16.75;16.76;16.23;16.42;16.32;7318;3208200
22/01/2025;BRAV3;24.77;25.2;23.7;24.23;23.7;19415;8509300
22/01/2025;CRFB3;5.92;6.06;5.77;5.97;6.04;13449;12571300
15/01/2025;GOLL4;1.68;1.82;1.63;1.7;1.63;6058;21630200
22/01/2025;MGLU3;6.24;6.51;6.11;6.3;6.37;21027;22735100
22/01/2025;AALR3;11.4;11.54;10.8;11.34;11.54;75;9800
22/01/2025;ABCB4;19.9;19.95;19.73;19.87;19.95;2921;504400
22/01/2025;ABEV3;11.18;11.22;10.94;11.02;11.02;34302;44993500
22/01/2025;BMOB3;13.38;13.46;13.3;13.36;13.35;966;205700
22/01/2025;BOBR4;1.94;1.98;1.9;1.93;1.91;231;39700
22/01/2025;CSED3;3.24;3.25;3.13;3.18;3.21;1678;836300
22/01/2025;CSMG3;21.9;22.26;21.76;22.0;21.86;7216;1429700
22/01/2025;CSNA3;8.07;8.14;7.78;7.9;7.85;17740;16897900
22/01/2025;ENJU3;1.16;1.22;1.16;1.19;1.17;433;472700
22/01/2025;EPAR3;5.19;5.45;5.19;5.23;5.33;18;7300
22/01/2025;EQPA3;5.35;5.37;5.32;5.34;5.32;10;3600
22/01/2025;EQTL3;28.2;29.05;28.15;28.71;28.7;36462;10481800
22/01/2025;ESPA3;0.76;0.8;0.73;0.75;0.74;415;938300
22/01/2025;ESTR4;3.99;3.99;3.7;3.81;3.7;5;500
22/01/2025;ETER3;5.22;5.29;5.16;5.23;5.16;357;79200
22/01/2025;EUCA4;13.37;13.37;13.19;13.28;13.32;201;24900
22/01/2025;EVEN3;5.64;5.85;5.62;5.74;5.75;6029;1832400
22/01/2025;ISAE3;31.3;31.3;30.85;30.98;30.95;27;3300
22/01/2025;ISAE4;23.07;23.25;23.03;23.13;23.03;7720;2016000
22/01/2025;BAZA3;86.01;86.01;85.93;85.98;85.99;4;500
22/01/2025;BBAS3;25.58;26.28;25.57;26.02;26.13;55383;19236600
22/01/2025;BIED3;4.07;4.1;4.07;4.08;4.1;7;3200
22/01/2025;BIOM3;9.57;9.88;9.56;9.77;9.7;287;106800
22/01/2025;CRPG5;19.27;19.3;19.15;19.22;19.3;5;500
22/01/2025;CSAN3;7.84;7.91;7.66;7.77;7.73;36802;25724300
22/01/2025;ENEV3;10.97;11.19;10.82;11.05;11.14;16108;9693000
22/01/2025;ENGI3;10.39;10.85;10.35;10.59;10.63;44;6700
22/01/2025;ENGI4;6.71;6.81;6.54;6.65;6.81;39;7500
22/01/2025;IGTI3;2.08;2.13;2.07;2.1;2.12;64;37500
22/01/2025;DXCO3;5.92;6.05;5.92;5.98;6.0;3739;1497400
22/01/2025;EALT4;13.59;13.84;13.58;13.67;13.77;35;5900
22/01/2025;ECOR3;4.85;4.92;4.76;4.84;4.83;11071;4880000
22/01/2025;AZZA3;31.63;32.69;30.84;31.94;32.21;15410;2873800
22/01/2025;BBSE3;38.11;38.43;38.07;38.22;38.21;12476;3251200
22/01/2025;CEAB3;8.35;8.72;8.34;8.54;8.64;14771;4465300
22/01/2025;CEBR3;15.98;15.98;15.82;15.84;15.83;9;900
22/01/2025;CEBR5;15.2;15.42;15.16;15.32;15.42;5;500
22/01/2025;CEBR6;17.36;17.43;17.1;17.14;17.43;33;11000
22/01/2025;HAGA3;2.24;2.24;2.24;2.24;2.24;1;100
22/01/2025;HAGA4;1.17;1.18;1.16;1.16;1.17;5;1900
22/01/2025;HAPV3;2.28;2.36;2.27;2.31;2.31;42112;55235800
22/01/2025;JALL3;4.58;4.65;4.55;4.6;4.6;1812;524800
22/01/2025;JBSS3;33.89;34.2;33.36;33.74;33.8;23371;6822300
22/01/2025;ATED3;1.4;1.43;1.38;1.4;1.4;15;12000
22/01/2025;CMIG3;14.61;14.66;14.5;14.57;14.5;613;85600
22/01/2025;CMIG4;10.65;10.67;10.48;10.54;10.53;19648;11224000
22/01/2025;DEXP3;8.66;8.82;8.63;8.73;8.77;570;92200
22/01/2025;DEXP4;8.78;8.87;8.51;8.64;8.87;5;700
22/01/2025;DIRR3;25.47;26.57;25.31;26.23;26.4;10261;2137200
22/01/2025;DMVF3;5.86;5.94;5.7;5.8;5.7;358;60100
22/01/2025;DOHL4;3.9;4.15;3.9;3.96;4.15;12;3500
22/01/2025;DOTZ3;3.39;3.59;3.32;3.4;3.47;60;21000
22/01/2025;RCSL3;4.63;4.73;4.2;4.45;4.2;5666;4660700
22/01/2025;RCSL4;0.71;0.72;0.69;0.7;0.71;1323;2324200
22/01/2025;RDNI3;2.4;2.44;2.35;2.4;2.44;13;2300
22/01/2025;RDOR3;27.16;27.88;27.15;27.62;27.68;15516;3303700
22/01/2025;TAEE3;10.93;10.98;10.87;10.91;10.88;323;52700
22/01/2025;TAEE4;11.08;11.13;11.01;11.07;11.02;476;103800
22/01/2025;TASA3;8.27;8.44;8.15;8.21;8.25;42;7900
22/01/2025;TASA4;8.23;8.23;8.05;8.09;8.15;1155;237800
22/01/2025;TCSA3;1.43;1.48;1.41;1.43;1.45;275;54400
22/01/2025;TECN3;5.53;5.69;5.51;5.61;5.68;758;232700
22/01/2025;TELB4;7.1;7.14;7.1;7.11;7.13;4;700
22/01/2025;TEND3;12.25;12.54;12.07;12.36;12.54;7562;2731100
22/01/2025;TFCO4;8.95;9.08;8.9;9.01;9.08;1272;525800
22/01/2025;TGMA3;29.09;29.12;28.65;28.83;28.85;1311;267700
22/01/2025;TIMS3;15.25;15.54;15.11;15.37;15.37;16442;8996600
22/01/2025;BEEF3;4.99;5.05;4.76;4.8;4.8;15170;14628300
22/01/2025;BPAC3;15.44;16.0;15.3;15.53;16.0;22;4800
22/01/2025;BPAC5;7.43;7.61;7.31;7.41;7.31;12;1600
22/01/2025;CMIN3;5.25;5.32;5.13;5.22;5.19;13083;7979900
22/01/2025;COCE5;23.84;24.3;23.63;23.82;23.63;77;8500
22/01/2025;COGN3;1.29;1.31;1.27;1.29;1.29;12038;22332900
22/01/2025;ELET3;35.25;35.5;35.12;35.28;35.12;16406;4662700
22/01/2025;ELET5;78.0;78.0;78.0;78.0;78.0;1;100
22/01/2025;CAMB3;10.87;11.0;10.75;10.84;11.0;89;17100
22/01/2025;CAML3;4.88;4.88;4.73;4.79;4.8;2689;982500
22/01/2025;CASH3;3.08;3.1;3.03;3.06;3.07;585;291300
22/01/2025;CBAV3;5.13;5.18;4.99;5.05;5.01;6760;3221200
22/01/2025;CCRO3;10.77;10.99;10.63;10.82;10.95;20220;13937700
22/01/2025;CYRE3;18.37;18.92;18.1;18.64;18.65;20875;8368000
22/01/2025;DASA3;1.88;1.89;1.83;1.87;1.86;858;428800
22/01/2025;DESK3;10.49;10.68;9.85;10.0;9.9;1075;1288000
22/01/2025;GGPS3;14.03;14.3;13.85;14.15;14.2;12671;2870600
22/01/2025;GMAT3;6.3;6.47;6.28;6.4;6.36;9468;4478100
22/01/2025;GOAU3;9.99;10.06;9.71;9.85;9.72;123;28300
22/01/2025;GOAU4;10.02;10.02;9.73;9.83;9.77;10968;7688400
22/01/2025;MILS3;8.63;8.71;8.6;8.67;8.66;1942;1026400
22/01/2025;MLAS3;1.14;1.17;1.13;1.15;1.14;1688;2089800
22/01/2025;MNDL3;16.01;16.3;16.01;16.08;16.3;2;400
22/01/2025;MNPR3;26.18;27.0;26.18;26.61;26.6;12;2600
22/01/2025;MOVI3;3.73;3.82;3.66;3.75;3.8;10123;5104400
22/01/2025;ALPK3;2.47;2.6;2.42;2.48;2.48;225;130800
22/01/2025;ALUP3;9.17;9.31;9.17;9.2;9.31;22;2400
22/01/2025;ALUP4;9.04;9.09;9.03;9.05;9.08;49;6300
22/01/2025;AMAR3;1.08;1.1;1.08;1.08;1.08;391;115500
22/01/2025;AMBP3;122.0;127.15;118.5;122.22;121.91;723;96700
22/01/2025;AMOB3;0.31;0.32;0.3;0.31;0.31;5325;21583800
22/01/2025;ANIM3;1.69;1.76;1.65;1.71;1.73;10184;8881300
22/01/2025;ARML3;4.81;5.01;4.79;4.91;4.97;2125;663500
22/01/2025;ASAI3;6.16;6.42;6.02;6.25;6.33;19899;18324700
22/01/2025;BBDC3;10.8;10.82;10.56;10.62;10.63;9018;8417600
22/01/2025;BBDC4;11.73;11.73;11.43;11.49;11.48;70620;42528000
22/01/2025;BRKM6;8.0;8.0;8.0;8.0;8.0;1;100
22/01/2025;BRSR3;11.5;11.65;11.45;11.55;11.45;12;2700
22/01/2025;BRSR6;9.97;10.14;9.96;10.04;10.06;5354;1524700
22/01/2025;CSUD3;15.75;16.2;15.75;15.93;15.88;400;50000
22/01/2025;CURY3;20.26;20.34;19.73;20.12;20.16;9419;2562000
22/01/2025;CVCB3;1.75;1.92;1.7;1.78;1.84;11018;32571800
22/01/2025;CXSE3;14.57;14.77;14.41;14.48;14.45;10075;3220100
22/01/2025;INEP3;1.35;1.37;1.34;1.35;1.35;12;3000
22/01/2025;INEP4;1.36;1.41;1.36;1.37;1.37;13;4200
22/01/2025;INTB3;13.55;13.71;13.32;13.56;13.51;4297;1404200
22/01/2025;IRBR3;50.61;53.65;50.6;52.83;52.39;12233;3023700
22/01/2025;LOGG3;18.41;18.43;18.02;18.2;18.3;3723;522900
22/01/2025;LOGN3;19.99;20.1;19.9;19.98;19.98;106;13000
22/01/2025;LPSB3;1.38;1.38;1.34;1.35;1.37;167;37900
22/01/2025;LREN3;12.65;13.26;12.4;12.95;13.13;30954;17391800
22/01/2025;ODPV3;10.84;10.9;10.47;10.57;10.5;5472;1471900
22/01/2025;OFSA3;17.52;17.52;17.41;17.45;17.41;5;500
22/01/2025;ONCO3;2.08;2.27;2.03;2.15;2.22;6010;11992300
22/01/2025;OPCT3;5.12;5.63;5.12;5.38;5.59;8372;4562500
22/01/2025;ORVR3;37.69;38.59;37.3;38.2;38.27;1875;308100
22/01/2025;BEES3;8.3;8.34;8.23;8.27;8.24;44;8400
22/01/2025;BGIP4;24.51;24.51;24.51;24.51;24.51;2;500
22/01/2025;BHIA3;3.09;3.29;3.01;3.16;3.27;2568;2876700
22/01/2025;BPAN4;6.7;6.74;6.5;6.58;6.56;4194;1060000
22/01/2025;CPFE3;33.47;33.47;32.82;33.09;33.07;8144;1504900
22/01/2025;CPLE3;8.39;8.54;8.36;8.46;8.49;6195;4450300
22/01/2025;CPLE6;9.3;9.46;9.26;9.39;9.35;18620;16786100
22/01/2025;ELMD3;29.44;29.49;29.3;29.41;29.42;861;235100
22/01/2025;EMAE4;37.97;38.37;37.96;38.13;38.34;9;900
22/01/2025;EMBR3;62.15;62.9;60.75;61.61;61.15;19957;4708400
22/01/2025;IFCM3;0.08;0.08;0.07;0.07;0.07;382;3515400
22/01/2025;KLBN3;4.66;4.72;4.57;4.65;4.66;420;200600
22/01/2025;KLBN4;4.38;4.4;4.26;4.33;4.27;1318;839800
22/01/2025;CEDO4;20.41;20.41;20.41;20.41;20.41;1;100
22/01/2025;CEEB3;38.0;38.0;38.0;38.0;38.0;1;100
22/01/2025;CGAS5;126.83;126.9;125.02;126.18;126.9;4;400
22/01/2025;CGRA3;26.5;26.5;25.81;26.3;25.81;13;2000
22/01/2025;CGRA4;26.7;26.7;26.52;26.64;26.69;6;700
22/01/2025;CLSA3;10.05;10.16;10.05;10.09;10.12;1593;998400
22/01/2025;CLSC3;77.0;77.0;77.0;77.0;77.0;1;100
22/01/2025;CLSC4;79.07;79.76;78.59;79.1;78.59;17;1800
22/01/2025;EGIE3;35.53;35.76;35.17;35.4;35.33;6705;1469300
22/01/2025;GRND3;5.55;5.67;5.51;5.6;5.67;2721;1553800
22/01/2025;GUAR3;5.98;6.27;5.93;6.11;6.17;3070;836000
22/01/2025;PDGR3;0.01;0.01;0.01;0.01;0.01;173;1289700
22/01/2025;PDTC3;1.15;1.16;1.13;1.14;1.15;17;17100
22/01/2025;PETR3;41.59;41.87;41.13;41.39;41.13;10701;4959900
22/01/2025;PETR4;37.36;37.63;37.03;37.33;37.09;32336;21832200
22/01/2025;SBSP3;95.2;95.29;93.55;94.1;94.0;15419;2650300
22/01/2025;SCAR3;15.99;16.08;15.85;15.96;15.98;76;17400
22/01/2025;SEER3;4.42;4.53;4.36;4.45;4.44;3667;831500
22/01/2025;SHOW3;0.75;0.76;0.73;0.74;0.76;194;48300
22/01/2025;SHUL4;5.73;5.91;5.73;5.81;5.82;1892;774600
22/01/2025;SIMH3;3.4;3.41;3.27;3.34;3.39;7300;7284800
22/01/2025;SLCE3;17.95;18.1;17.82;17.98;18.0;6442;2131100
22/01/2025;MTSA4;37.33;37.5;37.33;37.4;37.39;5;500
22/01/2025;MULT3;21.19;21.28;20.92;21.1;21.01;15724;4278700
22/01/2025;HYPE3;18.44;18.55;18.18;18.39;18.33;14425;4620700
22/01/2025;PINE3;4.3;4.4;4.25;4.36;4.4;12;1600
22/01/2025;PINE4;4.31;4.49;4.31;4.4;4.41;530;153400
22/01/2025;PLAS3;5.5;5.5;5.5;5.5;5.5;1;100
22/01/2025;PLPL3;9.1;9.46;9.08;9.3;9.38;4850;841900
22/01/2025;PNVL3;8.32;8.39;8.21;8.29;8.28;2108;343500
22/01/2025;POMO3;6.23;6.37;6.18;6.28;6.37;285;141200
22/01/2025;POMO4;8.14;8.43;8.11;8.31;8.42;22385;11995400
22/01/2025;PORT3;16.6;16.73;16.58;16.66;16.69;1083;484500
22/01/2025;SBFG3;10.76;11.08;10.68;10.95;10.99;9055;2114100
22/01/2025;VALE3;54.28;54.29;52.42;53.22;52.66;65986;34645400
22/01/2025;WEST3;4.65;4.65;4.51;4.56;4.51;9;2000
22/01/2025;WHRL3;3.83;3.87;3.82;3.82;3.82;9;1800
22/01/2025;WHRL4;4.14;4.21;4.13;4.18;4.19;8;1200
22/01/2025;ZAMP3;2.55;2.94;2.55;2.8;2.94;2598;992100
22/01/2025;ELET6;39.01;39.37;38.97;39.15;38.97;5436;878900
22/01/2025;HBOR3;1.49;1.53;1.46;1.49;1.5;1155;729000
22/01/2025;HBRE3;3.09;3.15;3.07;3.11;3.11;241;169600
22/01/2025;HBSA3;2.87;2.92;2.82;2.85;2.9;2273;14469800
22/01/2025;QUAL3;1.62;1.7;1.61;1.65;1.7;1597;2179000
22/01/2025;RADL3;22.0;22.12;20.74;21.25;20.91;22393;15351500
22/01/2025;SMFT3;18.29;19.11;18.29;18.85;18.91;11616;3574500
22/01/2025;SMTO3;23.04;23.2;22.82;23.01;22.96;4488;741100
22/01/2025;SOJA3;10.32;10.48;10.01;10.16;10.01;2452;605300
22/01/2025;SRNA3;5.94;6.1;5.81;5.99;6.0;5575;1428800
22/01/2025;STBP3;13.17;13.17;13.1;13.12;13.12;5124;3518200
22/01/2025;SUZB3;62.62;63.15;61.22;61.72;61.4;19096;5029100
22/01/2025;UCAS3;1.83;1.84;1.79;1.81;1.81;116;13800
22/01/2025;UGPA3;16.33;16.63;16.13;16.44;16.44;24958;7183800
22/01/2025;VIVR3;1.1;1.1;1.07;1.08;1.1;205;39700
22/01/2025;VIVT3;50.05;51.04;49.97;50.68;50.6;10921;1875200
22/01/2025;VLID3;23.06;23.16;22.7;22.95;22.94;2211;463500
22/01/2025;VSTE3;6.56;6.67;6.5;6.52;6.67;11;5000
22/01/2025;VTRU3;6.02;6.18;5.97;6.06;5.97;368;78100
22/01/2025;VULC3;16.76;16.8;16.58;16.71;16.72;2162;458300
22/01/2025;VVEO3;1.85;1.87;1.8;1.82;1.82;3237;2588700
22/01/2025;LUPA3;1.27;1.32;1.25;1.28;1.29;678;193000
22/01/2025;LVTC3;2.3;2.37;2.3;2.34;2.32;30;12700
22/01/2025;LWSA3;3.19;3.39;3.14;3.29;3.36;14533;8022000
22/01/2025;AURE3;7.8;7.88;7.7;7.81;7.87;7087;5250200
22/01/2025;AVLL3;2.59;2.59;2.5;2.57;2.5;6;5200
22/01/2025;AZEV3;1.14;1.21;1.14;1.18;1.18;452;865800
22/01/2025;AZEV4;1.15;1.21;1.14;1.17;1.2;1479;4461900
22/01/2025;AZUL4;4.33;4.75;4.32;4.57;4.6;13417;24076700
22/01/2025;BRST3;2.6;2.66;2.5;2.58;2.5;918;202300
22/01/2025;BSLI3;7.5;7.5;7.49;7.49;7.49;2;200
22/01/2025;BSLI4;7.31;7.31;7.2;7.27;7.2;3;600
22/01/2025;NUTR3;3.83;3.83;3.71;3.73;3.71;14;1400
22/01/2025;SEQL3;2.84;2.92;2.79;2.84;2.79;817;533600
22/01/2025;AGXY3;0.65;0.66;0.59;0.6;0.61;891;608200
22/01/2025;LIGT3;4.16;4.16;4.0;4.05;4.0;544;267400
22/01/2025;NEXP3;3.85;3.85;3.71;3.79;3.85;13;2400
22/01/2025;RNEW3;0.93;0.93;0.9;0.91;0.91;37;43600
22/01/2025;RNEW4;0.91;0.92;0.9;0.9;0.9;53;43900
22/01/2025;RPMG3;2.81;2.9;2.75;2.88;2.9;26;17700
22/01/2025;RSID3;2.88;2.91;2.84;2.86;2.91;53;10000
22/01/2025;ATMP3;1.15;1.15;1.13;1.13;1.13;15;6700
22/01/2025;AMER3;6.43;6.89;6.38;6.65;6.7;6238;5476800
22/01/2025;OIBR3;1.5;1.55;1.47;1.51;1.49;1128;1579800
22/01/2025;OIBR4;9.29;9.44;8.6;9.06;8.61;220;86300
22/01/2025;JFEN3;2.46;2.49;2.46;2.47;2.49;16;5400
22/01/2025;PMAM3;1.29;1.29;1.26;1.27;1.27;144;271400
30/01/2025;GOLL4;1.69;1.72;1.68;1.7;1.7;1186;5647100
16/01/2025;DASA3;1.93;1.93;1.83;1.86;1.89;816;494600
16/01/2025;DESK3;10.54;10.54;10.07;10.14;10.12;463;145100
16/01/2025;DEXP3;8.65;8.97;8.53;8.78;8.92;470;115400
16/01/2025;DEXP4;8.57;8.8;8.55;8.66;8.8;12;2900
16/01/2025;DIRR3;26.0;26.09;25.27;25.6;25.55;6795;1820200
16/01/2025;DMVF3;5.89;5.9;5.75;5.83;5.89;278;34300
16/01/2025;DOHL4;3.88;3.93;3.88;3.9;3.93;2;200
16/01/2025;DOTZ3;3.23;3.39;3.16;3.28;3.22;39;8400
16/01/2025;DXCO3;6.1;6.15;5.8;5.91;5.82;3953;2673700
16/01/2025;EUCA3;15.2;15.2;15.2;15.2;15.2;1;100
16/01/2025;EUCA4;13.59;13.59;13.24;13.4;13.42;75;10200
16/01/2025;EVEN3;5.76;5.79;5.59;5.65;5.59;3454;1167200
16/01/2025;EZTC3;11.41;11.42;11.11;11.22;11.21;5871;1740400
16/01/2025;GRND3;5.39;5.46;5.36;5.42;5.45;1569;683700
16/01/2025;GUAR3;6.13;6.22;5.97;6.06;5.98;1805;552900
16/01/2025;HAGA3;2.27;2.27;2.1;2.19;2.22;3;300
16/01/2025;HAGA4;1.23;1.25;1.17;1.22;1.23;19;11400
16/01/2025;HAPV3;2.4;2.41;2.33;2.36;2.37;58114;79934700
16/01/2025;AMOB3;0.34;0.35;0.33;0.34;0.35;4050;10223200
16/01/2025;ANIM3;1.72;1.73;1.68;1.7;1.69;5592;7056500
16/01/2025;ARML3;5.1;5.1;4.78;4.86;4.83;2387;926600
16/01/2025;ASAI3;5.7;5.72;5.48;5.59;5.65;15706;13042600
16/01/2025;BHIA3;2.87;2.9;2.76;2.83;2.79;1213;1879400
16/01/2025;BPAN4;7.05;7.05;6.71;6.83;6.74;2641;1138100
16/01/2025;BRAP3;15.14;15.33;14.81;15.06;15.23;542;105700
16/01/2025;BRSR3;11.22;11.3;11.11;11.18;11.12;16;1700
16/01/2025;BRSR6;9.95;9.95;9.6;9.73;9.61;5486;2092300
16/01/2025;BRST3;2.53;2.57;2.51;2.52;2.53;599;126300
16/01/2025;BSLI3;7.88;7.88;7.88;7.88;7.88;3;1000
16/01/2025;ALPA3;5.85;6.04;5.85;5.94;5.91;9;3100
16/01/2025;ALPA4;6.26;6.26;6.15;6.22;6.25;4585;1760300
16/01/2025;ALPK3;2.48;2.6;2.43;2.52;2.48;233;71900
16/01/2025;ALUP3;9.3;9.3;9.08;9.15;9.14;25;2700
16/01/2025;ALUP4;9.01;9.01;8.91;8.95;9.0;47;6400
16/01/2025;AMAR3;1.08;1.1;1.06;1.07;1.07;236;112200
16/01/2025;AMBP3;120.0;123.74;117.48;121.68;123.74;314;63200
16/01/2025;BEES3;8.27;8.34;8.21;8.25;8.27;68;11500
16/01/2025;TTEN3;14.05;14.06;13.88;13.94;13.93;4917;778100
16/01/2025;TUPY3;22.12;22.12;21.7;21.87;21.95;1898;336200
16/01/2025;ZAMP3;2.8;2.81;2.62;2.67;2.65;2103;520400
16/01/2025;GGPS3;14.21;14.21;13.52;13.69;13.75;8604;3172300
16/01/2025;GMAT3;6.23;6.23;6.08;6.16;6.16;5266;3971700
16/01/2025;GOAU3;9.96;9.96;9.62;9.73;9.62;199;57900
16/01/2025;GOAU4;9.78;9.81;9.46;9.56;9.55;8009;5947500
16/01/2025;LAND3;12.77;13.35;12.77;13.18;13.16;112;20400
16/01/2025;LAVV3;7.27;7.31;7.16;7.21;7.18;1508;393200
16/01/2025;LEVE3;27.41;27.43;26.85;27.05;26.85;1583;253900
16/01/2025;WHRL4;4.24;4.26;4.15;4.15;4.16;27;26900
16/01/2025;WIZC3;5.56;5.57;5.38;5.44;5.38;1389;468200
16/01/2025;WLMM4;29.52;29.52;28.82;29.0;28.82;8;800
16/01/2025;YDUQ3;9.08;9.19;8.78;9.0;9.1;7954;3536600
16/01/2025;JHSF3;3.76;3.76;3.62;3.66;3.62;5318;3793200
16/01/2025;QUAL3;1.6;1.6;1.55;1.57;1.55;2246;3078400
16/01/2025;SAPR3;5.13;5.13;4.97;5.01;5.03;1024;238300
16/01/2025;SAPR4;5.14;5.14;5.02;5.04;5.06;3366;1816700
16/01/2025;SBFG3;11.38;11.38;10.92;11.02;11.02;4471;1417100
16/01/2025;TIMS3;14.55;14.69;14.35;14.55;14.55;11651;8140800
16/01/2025;CCRO3;10.41;10.45;10.31;10.38;10.39;13541;8842600
16/01/2025;CSED3;3.37;3.38;3.19;3.26;3.27;1627;520400
16/01/2025;CSMG3;21.4;21.72;21.23;21.47;21.61;5337;1142200
16/01/2025;CSNA3;7.9;8.01;7.72;7.83;7.81;12639;14190400
16/01/2025;ELMD3;28.9;29.38;28.9;29.25;29.3;557;108300
16/01/2025;EMAE4;38.2;38.2;37.61;37.78;37.61;11;1400
16/01/2025;EMBR3;58.08;60.14;58.02;59.39;60.13;29056;7330600
16/01/2025;TOTS3;28.77;28.91;28.32;28.51;28.51;13706;3148300
16/01/2025;TPIS3;5.21;5.39;5.08;5.16;5.08;64;10100
16/01/2025;TRAD3;6.58;6.67;6.25;6.37;6.25;105;25500
16/01/2025;TRIS3;4.86;4.9;4.77;4.8;4.77;1294;425800
16/01/2025;BIOM3;9.76;9.76;9.15;9.34;9.4;317;103800
16/01/2025;ATED3;1.43;1.45;1.37;1.4;1.44;24;11400
16/01/2025;AURE3;7.96;7.96;7.76;7.8;7.76;8624;4358100
16/01/2025;AVLL3;2.85;2.85;2.51;2.59;2.7;11;7100
16/01/2025;AZEV3;0.99;1.08;0.98;1.03;1.05;687;1178800
16/01/2025;AZEV4;1.02;1.08;0.99;1.02;1.06;1452;5177800
16/01/2025;HBOR3;1.4;1.42;1.36;1.37;1.36;654;704700
16/01/2025;HBRE3;3.08;3.13;3.06;3.09;3.08;484;386200
16/01/2025;HBSA3;3.15;3.23;2.95;3.08;2.95;4465;3449900
16/01/2025;MTRE3;3.11;3.11;3.0;3.05;3.0;1033;452200
16/01/2025;MTSA4;36.8;37.4;36.8;36.87;36.8;6;800
16/01/2025;MULT3;20.85;20.88;20.37;20.5;20.39;9910;2218700
16/01/2025;PRNR3;13.68;13.73;13.41;13.52;13.58;713;138400
16/01/2025;BLAU3;12.78;12.84;11.78;12.11;11.79;2471;382200
16/01/2025;BMEB4;37.66;38.2;36.78;37.34;36.9;104;11200
16/01/2025;BMGB4;3.74;3.77;3.7;3.71;3.71;566;289900
16/01/2025;BMOB3;13.64;13.64;13.29;13.36;13.29;937;181200
16/01/2025;HYPE3;18.22;18.35;17.95;18.07;18.09;9651;2433300
16/01/2025;CEAB3;8.32;8.32;7.78;7.92;7.8;14797;5833700
16/01/2025;CEBR3;15.9;16.49;15.9;16.19;16.49;11;2500
16/01/2025;CEBR6;17.0;17.0;16.93;16.95;16.94;7;1000
16/01/2025;CEDO4;20.95;20.95;20.95;20.95;20.95;1;100
16/01/2025;CEEB3;37.72;38.0;37.51;37.61;38.0;13;2300
16/01/2025;CGAS5;123.02;123.02;123.02;123.02;123.02;1;100
16/01/2025;FESA3;12.75;12.75;12.75;12.75;12.75;1;100
16/01/2025;CGRA3;27.8;28.5;27.8;28.41;28.48;72;8500
16/01/2025;CGRA4;27.46;28.68;27.3;28.44;28.6;490;73500
16/01/2025;CLSA3;10.05;10.14;9.99;10.06;10.08;2568;795600
16/01/2025;CLSC3;77.4;77.4;77.0;77.1;77.0;3;400
16/01/2025;CLSC4;79.96;79.96;79.0;79.31;79.0;23;3100
16/01/2025;CMIG3;14.42;14.47;14.25;14.31;14.3;1304;283000
16/01/2025;CMIG4;10.59;10.61;10.26;10.36;10.28;23864;11667600
16/01/2025;EALT4;13.42;13.42;13.14;13.18;13.25;16;6300
16/01/2025;ECOR3;4.92;4.92;4.63;4.71;4.63;5952;3443200
16/01/2025;EGIE3;35.4;35.65;35.23;35.39;35.27;8569;2182200
16/01/2025;LJQQ3;2.15;2.15;2.06;2.09;2.12;4593;6890300
16/01/2025;LOGG3;18.92;18.92;18.65;18.74;18.65;972;141900
16/01/2025;LOGN3;20.2;20.2;19.88;19.98;19.98;217;26000
16/01/2025;LPSB3;1.34;1.38;1.29;1.32;1.3;191;185400
16/01/2025;LREN3;13.14;13.14;12.35;12.52;12.41;26932;20884500
16/01/2025;MRVE3;5.45;5.5;5.33;5.37;5.35;11598;7481600
16/01/2025;ROMI3;8.78;8.78;8.55;8.62;8.57;479;96000
16/01/2025;FESA4;7.79;7.82;7.62;7.68;7.68;723;198700
16/01/2025;FHER3;5.72;6.06;5.59;5.86;5.69;139;34200
16/01/2025;FICT3;3.06;3.07;2.98;3.01;3.0;39;8900
16/01/2025;IFCM3;0.08;0.09;0.07;0.08;0.08;736;11552400
16/01/2025;IGTI3;2.12;2.12;2.03;2.07;2.03;179;37700
16/01/2025;IGTI4;7.74;7.74;7.74;7.74;7.74;1;100
16/01/2025;RSUL4;55.0;55.0;55.0;55.0;55.0;3;1600
16/01/2025;KLBN3;4.53;4.63;4.47;4.53;4.57;764;299000
16/01/2025;KLBN4;4.24;4.26;4.17;4.19;4.21;1294;945400
16/01/2025;B3SA3;10.46;10.48;10.18;10.26;10.27;26517;26640800
16/01/2025;BBSE3;37.3;37.87;37.24;37.43;37.4;12238;5298000
16/01/2025;BRFS3;24.16;24.22;22.47;22.97;22.47;16312;8369500
16/01/2025;COCE5;24.84;24.84;24.25;24.45;24.25;89;28500
16/01/2025;COGN3;1.23;1.25;1.22;1.23;1.23;17013;23403200
16/01/2025;CXSE3;14.36;14.47;14.2;14.26;14.22;8037;2463900
16/01/2025;CYRE3;18.06;18.09;17.61;17.84;17.75;18584;7628100
16/01/2025;AZZA3;31.39;31.39;30.26;30.62;30.54;5699;1165000
16/01/2025;CMIN3;5.05;5.1;4.83;4.93;4.87;9465;6754400
16/01/2025;CSUD3;16.1;16.7;16.03;16.33;16.28;346;49500
16/01/2025;CURY3;19.85;19.86;19.41;19.57;19.52;11220;3170700
16/01/2025;CVCB3;1.76;1.76;1.67;1.7;1.68;6974;16190900
16/01/2025;ENEV3;10.99;11.03;10.77;10.85;10.8;14304;5901800
16/01/2025;ESPA3;0.73;0.74;0.71;0.72;0.72;105;356200
16/01/2025;ETER3;5.03;5.06;4.96;5.01;5.03;289;73300
16/01/2025;PSSA3;37.5;37.9;37.32;37.46;37.32;8205;1245600
16/01/2025;PTBL3;3.56;3.57;3.44;3.49;3.47;711;309500
16/01/2025;PTNT3;7.6;7.6;7.6;7.6;7.6;1;100
16/01/2025;PTNT4;5.67;5.74;5.67;5.68;5.67;10;2100
16/01/2025;ENGI3;10.5;10.68;10.1;10.26;10.17;54;6700
16/01/2025;ENGI4;6.71;6.71;6.38;6.51;6.5;82;13200
16/01/2025;ENJU3;1.1;1.13;1.1;1.11;1.1;183;753800
16/01/2025;ENMT3;77.01;82.99;77.0;79.01;82.99;6;600
16/01/2025;EPAR3;5.53;5.53;5.31;5.37;5.48;13;2700
16/01/2025;EQPA3;5.37;5.37;5.3;5.31;5.31;23;4700
16/01/2025;EQTL3;27.76;27.82;27.35;27.56;27.56;25511;8180500
16/01/2025;KRSA3;8.42;8.5;8.35;8.4;8.5;75;90900
16/01/2025;MRFG3;16.27;16.49;15.19;15.65;15.19;19305;9250400
16/01/2025;CPLE3;8.25;8.25;8.04;8.11;8.11;5641;4927500
16/01/2025;CPLE6;9.15;9.16;8.92;9.01;8.97;14415;13055700
16/01/2025;SYNE3;5.18;5.18;4.84;4.95;4.84;2172;945500
16/01/2025;TAEE3;10.79;10.83;10.73;10.77;10.73;544;101300
16/01/2025;TAEE4;11.01;11.01;10.86;10.91;10.89;668;185200
16/01/2025;ITUB3;28.39;28.5;28.02;28.22;28.17;1795;429200
16/01/2025;ITUB4;32.15;32.39;31.85;32.07;32.12;34925;21858100
16/01/2025;MILS3;8.65;8.69;8.42;8.5;8.42;1992;546100
16/01/2025;MLAS3;1.17;1.19;1.13;1.15;1.16;1144;658200
16/01/2025;MNDL3;16.34;16.5;16.34;16.39;16.5;4;1700
16/01/2025;MNPR3;25.23;26.0;25.23;25.86;26.0;9;1000
16/01/2025;MOVI3;3.78;3.78;3.62;3.68;3.64;2754;2984900
16/01/2025;PORT3;16.39;16.41;16.25;16.29;16.26;1098;416500
16/01/2025;POSI3;5.26;5.42;5.25;5.33;5.32;1788;911000
16/01/2025;GEPA4;28.61;28.61;28.6;28.6;28.6;2;600
16/01/2025;GFSA3;1.47;1.54;1.32;1.4;1.32;5133;17135000
16/01/2025;INEP3;1.45;1.45;1.37;1.38;1.37;23;14500
16/01/2025;INEP4;1.44;1.49;1.38;1.4;1.46;11;2900
16/01/2025;INTB3;12.77;12.86;12.3;12.56;12.3;5433;1397600
16/01/2025;IRBR3;51.07;51.25;49.33;49.85;50.1;8209;2639100
16/01/2025;AALR3;10.6;10.68;10.15;10.43;10.68;52;9800
16/01/2025;ABCB4;19.68;19.8;19.46;19.61;19.52;3365;586100
16/01/2025;ABEV3;11.42;11.42;11.04;11.13;11.08;22668;29298500
16/01/2025;BOBR4;1.93;1.97;1.87;1.93;1.92;233;51500
16/01/2025;BRAP4;15.86;16.34;15.51;16.05;16.24;10425;7254100
16/01/2025;BRAV3;25.25;25.44;24.5;24.93;25.32;22113;9966200
16/01/2025;PRIO3;42.78;42.83;41.17;42.03;41.97;29119;9431800
16/01/2025;SRNA3;5.85;5.89;5.63;5.72;5.67;3792;1216100
16/01/2025;STBP3;13.04;13.08;13.01;13.04;13.05;3564;2822100
16/01/2025;SUZB3;61.09;61.48;59.74;60.26;60.36;22910;5717600
16/01/2025;WEST3;4.91;4.94;4.8;4.87;4.94;35;7400
16/01/2025;WHRL3;3.82;3.88;3.82;3.85;3.88;2;200
16/01/2025;JSLG3;5.64;5.64;5.35;5.43;5.35;1328;249600
16/01/2025;SNSY5;3.79;3.79;3.55;3.64;3.55;16;4400
16/01/2025;SOJA3;10.73;10.78;10.13;10.33;10.19;2528;480200
16/01/2025;ITSA3;9.14;9.24;9.12;9.17;9.15;406;111800
16/01/2025;ITSA4;9.06;9.11;8.98;9.03;9.0;32313;32945200
16/01/2025;OPCT3;5.06;5.06;4.9;4.94;4.95;3328;1052000
16/01/2025;ORVR3;37.72;37.72;36.11;36.4;36.3;3098;552700
16/01/2025;CAMB3;11.02;12.0;10.97;11.84;11.35;379;348600
16/01/2025;CAML3;5.02;5.11;4.78;4.86;4.81;6698;2565500
16/01/2025;CASH3;2.95;3.05;2.92;2.99;3.0;1212;565500
16/01/2025;CBAV3;5.12;5.12;4.9;4.98;5.05;5889;3450000
16/01/2025;FIQE3;3.49;3.5;3.41;3.45;3.41;422;189900
16/01/2025;FLRY3;11.7;11.7;11.21;11.42;11.35;12766;4122300
16/01/2025;FRAS3;20.96;20.97;20.32;20.55;20.5;2194;363400
16/01/2025;FRIO3;300.11;306.0;300.0;302.64;306.0;9;900
16/01/2025;KEPL3;9.57;9.6;9.34;9.44;9.34;1870;457500
16/01/2025;PDGR3;0.01;0.01;0.01;0.01;0.01;194;36172000
16/01/2025;PDTC3;1.11;1.11;1.09;1.1;1.11;27;18500
16/01/2025;PETR3;41.53;41.68;41.23;41.51;41.63;14436;6450900
16/01/2025;PETR4;37.21;37.24;36.77;36.96;37.05;35783;26733200
16/01/2025;PFRM3;6.41;6.41;6.28;6.33;6.39;368;67500
16/01/2025;PGMN3;3.48;3.48;3.38;3.42;3.42;1811;1017800
16/01/2025;PINE3;4.27;4.4;4.25;4.31;4.3;6;1200
16/01/2025;PINE4;4.41;4.44;4.34;4.39;4.42;175;67700
16/01/2025;PLPL3;9.39;9.39;8.85;8.99;8.94;5349;1591800
16/01/2025;PNVL3;8.72;8.72;8.38;8.45;8.4;2087;441700
16/01/2025;POMO3;6.23;6.24;5.88;5.99;5.94;566;162500
16/01/2025;POMO4;8.06;8.21;7.69;7.86;7.8;20968;15445100
16/01/2025;REAG3;5.09;5.09;4.99;5.03;5.09;46;37000
16/01/2025;RECV3;16.99;17.01;16.51;16.69;16.6;5121;1262100
16/01/2025;REDE3;6.37;6.37;6.37;6.37;6.37;3;300
16/01/2025;RENT3;30.69;30.69;29.99;30.22;30.24;19268;8127300
16/01/2025;SMFT3;18.39;18.44;17.92;18.03;17.96;9480;2597100
16/01/2025;SMTO3;25.03;25.03;23.0;23.6;23.0;9911;2644700
16/01/2025;AZUL4;4.89;4.95;4.49;4.65;4.57;19037;33463000
16/01/2025;BBDC3;10.92;10.93;10.72;10.8;10.79;6300;5390700
16/01/2025;BBDC4;11.82;11.83;11.59;11.72;11.73;32085;37429100
16/01/2025;BIED3;4.13;4.34;4.05;4.1;4.12;6;2400
16/01/2025;BGIP4;24.3;26.0;24.3;25.19;24.5;18;1900
16/01/2025;BPAC3;15.35;15.35;15.18;15.22;15.18;14;2600
16/01/2025;BPAC5;7.37;7.37;7.15;7.22;7.25;10;1400
16/01/2025;RCSL3;4.85;5.07;4.84;4.92;4.84;4383;1914500
16/01/2025;RCSL4;0.73;0.76;0.71;0.74;0.74;2535;7679300
16/01/2025;RDNI3;2.23;2.4;2.23;2.36;2.4;16;6100
16/01/2025;RDOR3;27.11;27.24;26.45;26.69;26.69;23008;4735900
16/01/2025;VALE3;52.29;53.27;52.0;52.34;52.67;65020;220262800
16/01/2025;ISAE3;31.65;31.95;31.62;31.74;31.95;8;900
16/01/2025;ISAE4;22.95;22.99;22.64;22.73;22.65;6973;2870500
16/01/2025;BRKM3;12.42;12.64;12.29;12.42;12.41;17;3500
16/01/2025;BRKM5;12.45;12.61;12.27;12.38;12.29;5282;1821200
16/01/2025;BRKM6;7.5;8.0;7.5;7.66;8.0;3;300
16/01/2025;CRFB3;5.45;5.56;5.27;5.42;5.56;20466;23162200
16/01/2025;CRPG5;19.53;19.55;19.38;19.48;19.38;11;1400
16/01/2025;CRPG6;19.72;19.72;19.72;19.72;19.72;2;300
16/01/2025;CSAN3;9.3;9.32;8.63;8.84;8.63;50572;50819600
16/01/2025;MELK3;3.71;3.8;3.66;3.73;3.78;782;628800
16/01/2025;MGEL4;6.77;6.86;6.77;6.81;6.86;2;200
16/01/2025;MGLU3;6.28;6.34;5.92;6.04;5.94;17577;29222900
16/01/2025;EKTR4;50.01;50.99;50.01;50.5;50.99;3;400
16/01/2025;AERI3;7.17;7.26;6.91;7.07;6.91;926;523700
16/01/2025;AFLT3;7.2;7.2;7.2;7.2;7.2;1;200
16/01/2025;AGRO3;22.24;22.32;22.02;22.13;22.14;988;142200
16/01/2025;ODPV3;10.92;11.19;10.92;11.05;11.05;5928;1594300
16/01/2025;OFSA3;16.26;16.67;16.26;16.49;16.53;19;5300
16/01/2025;ONCO3;2.25;2.25;2.17;2.19;2.18;2824;4440200
16/01/2025;RAIZ4;2.1;2.1;2.0;2.03;2.01;11522;12421700
16/01/2025;SCAR3;16.14;16.15;15.8;15.94;15.8;63;11900
16/01/2025;SEER3;4.42;4.49;4.34;4.4;4.41;2001;486500
16/01/2025;ALLD3;6.77;6.88;6.75;6.8;6.83;112;22000
16/01/2025;ALOS3;18.34;18.38;17.9;18.01;17.95;13551;4803800
16/01/2025;BALM4;10.4;10.4;10.4;10.4;10.4;1;100
16/01/2025;SHOW3;0.77;0.77;0.73;0.74;0.74;173;38700
16/01/2025;SHUL4;5.61;5.72;5.57;5.65;5.64;830;300100
16/01/2025;SIMH3;3.47;3.47;3.28;3.33;3.34;4854;4364700
16/01/2025;SLCE3;17.8;17.98;17.57;17.76;17.7;5817;1476700
16/01/2025;BAZA3;86.0;86.08;85.62;85.91;86.0;7;800
16/01/2025;BBAS3;25.28;25.46;25.11;25.35;25.38;39466;13590200
16/01/2025;VITT3;5.26;5.26;5.12;5.16;5.12;926;304700
16/01/2025;BEEF3;4.96;4.97;4.75;4.82;4.84;9812;7681700
16/01/2025;CPFE3;32.7;32.81;32.47;32.63;32.64;5748;975900
16/01/2025;VIVA3;19.69;19.75;18.97;19.12;19.07;12271;2743800
16/01/2025;VIVR3;1.12;1.12;1.08;1.09;1.09;43;43100
16/01/2025;VIVT3;49.06;49.39;48.21;48.7;48.5;9134;1530700
16/01/2025;JALL3;4.56;4.61;4.48;4.54;4.52;1517;466400
16/01/2025;JBSS3;34.9;35.14;33.45;33.97;33.56;26681;9125800
16/01/2025;LUPA3;1.25;1.28;1.23;1.24;1.24;67;43000
16/01/2025;LVTC3;2.58;2.58;2.35;2.42;2.4;47;15600
16/01/2025;LWSA3;3.36;3.36;3.12;3.2;3.12;4992;8342600
16/01/2025;PCAR3;2.76;2.77;2.66;2.69;2.68;5176;5539800
16/01/2025;PETZ3;4.53;4.54;4.38;4.46;4.47;5092;3542300
16/01/2025;RANI3;7.05;7.05;6.89;6.96;6.98;2174;606300
16/01/2025;RAPT3;7.87;7.88;7.58;7.69;7.6;161;59000
16/01/2025;RAPT4;8.57;8.66;8.27;8.43;8.27;7520;3316900
16/01/2025;MATD3;3.74;3.74;3.47;3.55;3.55;2119;884400
16/01/2025;MBLY3;1.56;1.62;1.53;1.57;1.59;263;44300
16/01/2025;MDIA3;20.32;20.32;19.48;19.68;19.48;2432;420000
16/01/2025;MDNE3;11.15;11.15;10.62;10.74;10.62;2837;699900
16/01/2025;MEAL3;0.96;0.96;0.92;0.93;0.92;281;577600
16/01/2025;MWET4;10.82;10.82;10.82;10.82;10.82;2;200
16/01/2025;MYPK3;13.16;13.63;13.11;13.43;13.56;8365;1539000
16/01/2025;SANB3;11.75;11.85;11.67;11.76;11.84;292;59100
16/01/2025;SANB4;13.14;13.19;13.0;13.09;13.12;262;68300
16/01/2025;TASA3;8.58;8.68;8.4;8.52;8.54;50;12400
16/01/2025;TASA4;8.64;8.66;8.14;8.36;8.18;1415;339000
16/01/2025;TCSA3;1.46;1.48;1.4;1.43;1.45;153;98700
16/01/2025;TECN3;5.57;5.6;5.42;5.49;5.47;107;22100
16/01/2025;TELB3;11.77;11.84;11.6;11.72;11.79;8;800
16/01/2025;NEOE3;18.5;18.66;18.3;18.43;18.32;6514;1277400
16/01/2025;TELB4;7.14;7.2;7.1;7.11;7.2;5;1500
16/01/2025;TEND3;12.25;12.3;11.97;12.13;12.15;8018;2249400
16/01/2025;TFCO4;8.88;8.89;8.75;8.77;8.76;1057;391800
16/01/2025;TGMA3;28.94;28.94;28.47;28.64;28.6;1298;176200
16/01/2025;ELET3;35.15;35.24;34.23;34.58;34.48;15452;6111800
16/01/2025;ELET6;38.95;38.95;38.08;38.44;38.29;4909;1116900
16/01/2025;GGBR3;16.02;16.02;15.62;15.73;15.7;89;15300
16/01/2025;GGBR4;17.61;17.64;16.99;17.21;17.26;23875;13266400
16/01/2025;NGRD3;20.07;21.0;19.59;20.21;20.99;217;44400
16/01/2025;NTCO3;13.09;13.09;12.5;12.62;12.62;13187;5324100
16/01/2025;RADL3;21.43;21.56;20.76;20.94;20.8;17661;8466900
16/01/2025;RAIL3;17.27;17.65;16.84;17.11;16.91;43829;21594200
16/01/2025;SBSP3;92.62;92.64;90.21;91.07;91.04;13458;2570100
16/01/2025;UCAS3;1.81;1.84;1.8;1.81;1.83;97;10800
16/01/2025;UGPA3;16.45;16.45;15.71;15.95;15.9;10171;4975100
16/01/2025;UNIP3;44.84;45.11;44.2;44.57;44.2;122;12500
16/01/2025;UNIP6;46.4;46.65;45.58;45.98;45.58;898;109400
16/01/2025;USIM3;5.07;5.07;4.9;4.95;4.9;539;158500
16/01/2025;USIM5;4.95;4.95;4.82;4.88;4.84;7975;11157000
16/01/2025;VAMO3;4.81;4.83;4.63;4.7;4.7;6703;4696900
16/01/2025;VBBR3;17.9;17.9;17.11;17.3;17.12;15074;7761700
16/01/2025;VLID3;22.78;23.05;22.25;22.42;22.25;1413;216400
16/01/2025;VSTE3;6.8;6.8;6.8;6.8;6.8;1;200
16/01/2025;VTRU3;6.34;6.45;6.2;6.32;6.3;252;62400
16/01/2025;VULC3;17.0;17.0;16.44;16.74;16.52;3701;752000
16/01/2025;VVEO3;1.87;1.94;1.85;1.89;1.88;3071;2710500
16/01/2025;WEGE3;54.13;54.42;53.19;53.63;53.67;16101;4442000
16/01/2025;NUTR3;4.07;4.08;3.83;3.88;3.96;31;10100
16/01/2025;SEQL3;2.89;3.3;2.75;3.07;2.93;1083;833600
16/01/2025;AMER3;5.72;5.72;5.48;5.57;5.58;1823;1303000
16/01/2025;JFEN3;2.61;2.61;2.47;2.49;2.47;43;22900
16/01/2025;ATMP3;1.14;1.14;1.11;1.11;1.11;11;11100
16/01/2025;LIGT3;4.06;4.07;3.96;4.0;3.99;2991;392600
16/01/2025;RNEW3;0.91;0.94;0.91;0.91;0.93;38;19800
16/01/2025;RNEW4;0.93;0.94;0.91;0.92;0.93;49;52800
16/01/2025;RPMG3;2.71;2.71;2.71;2.71;2.71;2;300
16/01/2025;RSID3;2.75;2.84;2.71;2.78;2.78;317;55100
16/01/2025;PMAM3;1.36;1.44;1.32;1.39;1.4;335;358300
16/01/2025;AGXY3;0.45;0.46;0.42;0.44;0.44;310;379300
16/01/2025;OIBR3;1.43;1.47;1.4;1.42;1.41;753;930400
16/01/2025;OIBR4;8.38;8.9;8.38;8.68;8.64;60;53200
16/01/2025;BDLL4;8.4;8.4;8.4;8.4;8.4;1;100
16/01/2025;NEXP3;3.74;3.74;3.74;3.74;3.74;2;200
22/01/2025;GOLL4;1.72;1.74;1.67;1.7;1.72;3567;10723000
31/01/2025;ITUB3;29.84;30.13;29.57;29.78;29.81;1921;475300
31/01/2025;ITUB4;34.15;34.22;33.81;33.96;33.81;29962;18034400
31/01/2025;LUPA3;1.26;1.31;1.26;1.28;1.28;269;279300
31/01/2025;LUXM4;11.99;12.0;11.99;11.99;11.99;4;1100
31/01/2025;MATD3;4.01;4.06;3.85;3.91;3.86;2724;800700
31/01/2025;MBLY3;1.57;1.6;1.52;1.54;1.59;420;192900
31/01/2025;MDIA3;24.09;24.19;23.06;23.31;23.08;2923;767600
31/01/2025;MDNE3;12.33;12.68;12.25;12.47;12.64;5810;1164700
31/01/2025;MEAL3;1.03;1.03;0.99;1.01;1.01;151;260700
31/01/2025;MELK3;3.79;3.86;3.78;3.83;3.86;723;439900
31/01/2025;MGEL4;7.45;8.89;7.45;7.73;8.55;20;7300
31/01/2025;MGLU3;7.31;7.56;7.2;7.38;7.46;21520;25872400
31/01/2025;AERI3;6.31;6.48;6.13;6.33;6.29;1832;1139800
31/01/2025;AFLT3;7.68;7.8;7.68;7.79;7.8;35;3500
31/01/2025;BRAP3;15.56;15.62;15.39;15.48;15.39;250;42600
31/01/2025;BRAP4;16.93;16.99;16.61;16.75;16.65;7008;3068100
31/01/2025;CXSE3;14.67;14.91;14.62;14.74;14.68;11355;3583200
31/01/2025;GEPA3;28.78;28.78;28.78;28.78;28.78;1;300
31/01/2025;GFSA3;1.38;1.42;1.37;1.38;1.37;895;2856700
31/01/2025;GGBR3;16.49;16.65;15.73;16.08;15.87;298;43100
31/01/2025;GGBR4;17.73;17.92;16.96;17.4;17.22;30459;18726300
31/01/2025;ISAE3;32.25;32.49;32.01;32.26;32.39;7;900
31/01/2025;ISAE4;24.0;24.1;23.76;23.88;23.8;5341;2027800
31/01/2025;AGRO3;23.1;23.18;22.64;22.84;22.67;1450;226400
31/01/2025;ALLD3;7.05;7.05;6.86;6.98;6.97;189;48100
31/01/2025;ALOS3;19.44;19.44;18.92;19.06;19.0;17631;5350200
31/01/2025;ALPA4;6.38;6.39;6.14;6.22;6.2;3399;1725900
31/01/2025;BIED3;4.3;4.3;4.14;4.28;4.14;5;1100
31/01/2025;BMEB3;31.5;31.5;31.0;31.08;31.0;3;600
31/01/2025;BMEB4;37.99;38.7;37.65;38.2;38.15;120;15100
31/01/2025;BMGB4;3.75;3.8;3.74;3.77;3.78;506;456700
31/01/2025;ITSA3;9.64;9.74;9.61;9.68;9.62;280;54800
31/01/2025;ITSA4;9.63;9.64;9.48;9.54;9.53;33694;26117000
31/01/2025;CYRE3;20.48;20.84;20.32;20.53;20.43;21024;8548700
31/01/2025;FRAS3;21.62;22.0;21.55;21.72;21.65;2338;527600
31/01/2025;FRIO3;302.5;328.63;302.5;326.32;328.63;11;3400
31/01/2025;BGIP4;28.4;28.58;27.91;28.3;28.29;85;14800
31/01/2025;BPAC3;15.54;15.69;15.54;15.63;15.65;17;3200
31/01/2025;BPAC5;7.45;8.29;7.45;7.96;8.05;27;4000
31/01/2025;CEAB3;9.77;9.99;9.73;9.83;9.79;10378;3234900
31/01/2025;BLAU3;13.35;13.42;12.72;13.01;12.97;1572;242600
31/01/2025;BMOB3;13.89;14.13;13.53;13.7;13.54;1075;236400
31/01/2025;BOBR4;2.19;2.38;2.18;2.24;2.21;383;90200
31/01/2025;BPAN4;6.97;7.03;6.81;6.89;6.9;4201;1742100
31/01/2025;AALR3;11.33;11.79;11.1;11.36;11.79;38;6900
31/01/2025;ABCB4;20.33;20.52;20.17;20.28;20.17;2102;422500
31/01/2025;ABEV3;11.14;11.24;11.1;11.15;11.1;27545;26952000
31/01/2025;BHIA3;3.47;3.69;3.47;3.56;3.53;2633;3150000
31/01/2025;JALL3;4.74;4.8;4.59;4.64;4.61;1993;791300
31/01/2025;JBSS3;35.03;35.85;34.94;35.51;35.44;25474;7385500
31/01/2025;MILS3;9.27;9.28;9.15;9.21;9.17;2504;479200
31/01/2025;MLAS3;1.24;1.27;1.21;1.24;1.24;1610;3707300
31/01/2025;PRNR3;16.01;16.14;15.9;16.03;16.02;2300;612700
31/01/2025;SIMH3;3.64;3.79;3.56;3.65;3.61;6453;6178300
31/01/2025;CEBR3;16.77;16.88;16.66;16.81;16.86;12;1400
31/01/2025;CEBR5;16.29;16.4;16.29;16.35;16.4;11;3300
31/01/2025;CEBR6;17.76;17.76;17.5;17.57;17.61;105;37800
31/01/2025;CEDO4;20.33;20.33;20.33;20.28;20.33;2;600
31/01/2025;CGAS5;132.91;133.5;132.9;133.04;133.4;6;800
31/01/2025;CGRA3;26.19;26.2;25.61;26.01;25.61;7;1000
31/01/2025;CGRA4;26.27;26.5;26.17;26.35;26.17;16;1900
31/01/2025;CBAV3;5.45;5.58;5.39;5.47;5.44;11447;4419000
31/01/2025;CCRO3;11.49;11.57;11.23;11.35;11.23;12865;8670500
31/01/2025;CSED3;3.41;3.47;3.36;3.42;3.44;1014;359600
31/01/2025;CSMG3;22.45;22.59;22.18;22.31;22.38;8013;1720100
31/01/2025;ENEV3;11.86;11.86;11.68;11.76;11.8;13621;7598000
31/01/2025;WHRL3;3.87;3.87;3.81;3.82;3.87;9;1600
31/01/2025;WHRL4;4.22;4.26;4.19;4.2;4.19;20;4100
31/01/2025;WIZC3;6.05;6.09;5.97;6.03;5.97;1123;280500
31/01/2025;YDUQ3;10.3;10.48;10.05;10.25;10.25;17002;4646200
31/01/2025;ZAMP3;3.07;3.09;2.91;2.97;2.91;1746;450200
31/01/2025;JSLG3;5.73;5.87;5.59;5.69;5.61;1554;447100
31/01/2025;KEPL3;10.33;10.47;10.1;10.28;10.31;2546;733700
31/01/2025;PGMN3;3.18;3.24;3.12;3.17;3.15;3189;1612400
31/01/2025;PINE4;4.55;4.57;4.45;4.51;4.45;255;107700
31/01/2025;PLAS3;6.0;6.2;6.0;6.09;6.2;4;500
31/01/2025;PLPL3;9.79;10.04;9.73;9.83;9.88;4582;869600
31/01/2025;CMIN3;5.55;5.62;5.4;5.49;5.46;7816;6693100
31/01/2025;COCE5;24.41;24.97;24.19;24.5;24.9;25;4200
31/01/2025;COGN3;1.39;1.42;1.38;1.4;1.41;12630;39924000
31/01/2025;EALT4;13.95;13.95;13.63;13.72;13.63;73;15300
31/01/2025;ECOR3;5.28;5.34;5.2;5.27;5.2;11996;6074700
31/01/2025;PNVL3;8.57;8.59;8.29;8.39;8.3;2643;414100
31/01/2025;ROMI3;9.55;9.61;9.37;9.44;9.42;572;95700
31/01/2025;EGIE3;36.86;37.46;36.8;36.98;36.8;5149;1009500
31/01/2025;ELET3;36.57;36.76;36.08;36.33;36.09;16673;7849700
31/01/2025;GGPS3;15.01;15.24;14.91;14.99;14.99;7084;3305300
31/01/2025;GMAT3;6.66;6.75;6.56;6.63;6.68;6368;5162700
31/01/2025;GOAU3;10.12;10.12;9.67;9.87;9.79;313;72500
31/01/2025;GOAU4;10.05;10.09;9.48;9.79;9.62;13039;17813800
31/01/2025;EQTL3;30.61;30.65;30.1;30.29;30.15;25975;7673300
31/01/2025;ESPA3;0.73;0.75;0.72;0.73;0.73;539;414400
31/01/2025;ETER3;5.42;5.44;5.23;5.3;5.25;308;107000
31/01/2025;IFCM3;0.07;0.08;0.07;0.07;0.07;1287;4693700
31/01/2025;IGTI3;2.22;2.23;2.17;2.19;2.18;114;25400
31/01/2025;IGTI4;8.09;8.09;8.08;8.08;8.08;2;300
31/01/2025;INEP3;1.41;1.43;1.41;1.41;1.43;13;4000
31/01/2025;TKNO4;67.8;67.8;67.8;67.8;67.8;2;200
31/01/2025;TOTS3;32.61;34.46;32.61;33.53;34.06;18051;7035300
31/01/2025;TPIS3;5.0;5.35;5.0;5.18;5.3;211;64000
31/01/2025;TRAD3;5.95;6.14;5.95;6.02;6.14;96;31000
31/01/2025;ALPK3;2.5;2.58;2.45;2.49;2.47;251;104100
31/01/2025;ALUP3;9.85;9.85;9.7;9.72;9.71;23;2800
31/01/2025;ALUP4;9.36;9.47;9.21;9.33;9.21;49;6100
31/01/2025;AMAR3;1.15;1.23;1.14;1.17;1.17;946;1093200
31/01/2025;AMBP3;137.51;151.0;131.54;139.02;131.54;613;124400
31/01/2025;TRIS3;5.39;5.42;5.27;5.32;5.31;1575;666100
31/01/2025;TTEN3;16.11;16.32;15.62;16.02;15.9;8825;2315700
31/01/2025;TUPY3;21.89;22.14;21.38;21.65;21.38;2139;475100
31/01/2025;AMOB3;0.31;0.33;0.3;0.31;0.31;4121;55975600
31/01/2025;ANIM3;2.1;2.14;2.05;2.08;2.06;17130;8219500
31/01/2025;ARML3;4.98;5.11;4.9;4.95;4.92;2755;737200
31/01/2025;ASAI3;6.81;7.01;6.73;6.83;6.74;16455;14117500
31/01/2025;BBDC3;11.07;11.24;10.99;11.1;11.02;13191;9752900
31/01/2025;UCAS3;1.56;1.58;1.53;1.54;1.56;128;87600
31/01/2025;BBDC4;12.14;12.45;12.01;12.19;12.09;40832;37528400
31/01/2025;BRAV3;22.33;23.65;22.11;22.85;22.43;35327;21079200
31/01/2025;ODPV3;11.36;11.52;11.22;11.35;11.3;3182;937200
31/01/2025;OFSA3;18.2;18.35;18.04;18.28;18.3;19;20100
31/01/2025;ONCO3;2.15;2.25;2.1;2.16;2.13;4192;7287000
31/01/2025;OPCT3;5.62;5.71;5.5;5.55;5.5;954;370800
31/01/2025;DASA3;1.89;1.9;1.84;1.85;1.86;1117;521100
31/01/2025;DESK3;10.26;10.32;10.02;10.1;10.02;1549;244900
31/01/2025;DEXP3;8.85;8.85;8.48;8.6;8.64;498;84700
31/01/2025;DEXP4;8.62;8.8;8.41;8.57;8.41;7;1000
31/01/2025;ORVR3;41.21;41.93;41.21;41.44;41.44;2390;356600
31/01/2025;DIRR3;28.92;28.98;28.61;28.78;28.78;11449;1884200
31/01/2025;DMVF3;5.74;5.83;5.71;5.75;5.83;263;42900
31/01/2025;DOHL4;4.4;4.4;4.15;4.31;4.15;2;300
31/01/2025;DOTZ3;3.33;3.44;3.33;3.37;3.43;31;6800
31/01/2025;DXCO3;6.02;6.1;5.86;5.95;5.9;6407;2952700
31/01/2025;PETZ3;4.85;4.91;4.64;4.76;4.69;14046;20351200
31/01/2025;REAG3;5.4;5.4;5.2;5.3;5.25;31;4300
31/01/2025;RECV3;15.94;16.15;15.87;15.97;15.87;7125;1749600
31/01/2025;REDE3;6.43;6.57;6.43;6.5;6.57;6;700
31/01/2025;RENT3;31.97;31.97;30.65;30.97;30.87;30292;12481800
31/01/2025;TAEE3;10.97;11.18;10.97;11.11;11.1;402;92300
31/01/2025;PCAR3;2.76;2.78;2.69;2.73;2.7;4060;6730000
31/01/2025;PDGR3;0.01;0.01;0.01;0.01;0.01;473;3376300
31/01/2025;PDTC3;1.3;1.38;1.29;1.33;1.38;202;76600
31/01/2025;PETR3;41.38;42.4;41.12;41.72;41.65;22277;8665700
31/01/2025;PETR4;37.39;38.37;37.25;37.84;37.69;62319;37044800
31/01/2025;PFRM3;6.47;6.61;6.39;6.48;6.53;778;147700
31/01/2025;RCSL3;4.01;4.05;3.76;3.84;3.83;3388;3863000
31/01/2025;RCSL4;0.67;0.67;0.65;0.66;0.66;1301;1313100
31/01/2025;RDNI3;2.28;2.28;2.19;2.22;2.25;9;1000
31/01/2025;RDOR3;28.47;28.48;27.67;27.98;27.95;14079;3416900
31/01/2025;BIOM3;9.77;9.95;9.7;9.83;9.7;124;53700
31/01/2025;CSUD3;16.27;16.44;15.96;16.12;16.0;162;33700
31/01/2025;CTKA4;23.96;23.97;23.96;23.96;23.97;2;200
31/01/2025;CURY3;21.51;21.74;21.43;21.62;21.62;8401;1832900
31/01/2025;TAEE4;11.17;11.3;11.14;11.25;11.28;642;165000
31/01/2025;TASA3;8.26;8.29;8.16;8.22;8.18;31;5400
31/01/2025;TASA4;8.05;8.13;8.03;8.07;8.06;1159;201200
31/01/2025;TCSA3;1.58;1.63;1.54;1.56;1.54;172;62900
31/01/2025;TECN3;5.38;5.39;5.33;5.34;5.34;88;16200
31/01/2025;TELB3;12.35;13.35;12.35;12.9;13.2;11;1100
31/01/2025;TELB4;7.96;8.32;7.65;7.96;8.29;31;5700
31/01/2025;TEND3;14.31;14.59;14.15;14.34;14.37;12134;3223700
31/01/2025;TFCO4;9.71;9.72;9.49;9.52;9.5;560;404000
31/01/2025;LAND3;15.04;15.05;14.5;14.75;14.9;135;24300
31/01/2025;LAVV3;8.52;8.68;8.46;8.62;8.68;2714;504500
31/01/2025;LEVE3;28.74;29.15;28.15;28.58;28.35;2576;405500
31/01/2025;SYNE3;4.97;5.0;4.87;4.93;4.92;2429;661300
31/01/2025;CVCB3;1.94;1.97;1.9;1.93;1.97;5937;21298000
31/01/2025;EUCA4;13.46;13.63;13.4;13.47;13.41;132;23700
31/01/2025;EVEN3;6.08;6.16;6.04;6.12;6.14;4330;1132800
31/01/2025;EZTC3;12.73;12.9;12.55;12.71;12.7;9644;3193800
31/01/2025;TGMA3;30.43;30.5;30.07;30.25;30.18;1668;254700
31/01/2025;TIMS3;15.72;15.92;15.54;15.65;15.61;13004;7713200
31/01/2025;UGPA3;17.28;17.28;16.54;16.85;16.54;17443;6689600
31/01/2025;UNIP3;48.6;48.6;48.5;48.53;48.5;14;1800
31/01/2025;UNIP5;49.51;49.51;49.51;49.51;49.51;1;100
31/01/2025;UNIP6;49.35;49.88;49.0;49.23;49.04;598;98800
31/01/2025;LJQQ3;2.36;2.38;2.27;2.32;2.32;2953;2782200
31/01/2025;LOGG3;18.24;19.14;18.24;18.88;18.9;2917;541600
31/01/2025;LOGN3;20.56;21.2;20.56;21.06;20.94;408;100500
31/01/2025;LPSB3;1.38;1.39;1.3;1.32;1.3;265;199800
31/01/2025;LREN3;13.86;14.06;13.52;13.71;13.65;19472;14246500
31/01/2025;BEEF3;4.96;4.97;4.83;4.88;4.84;7701;5369200
31/01/2025;BEES3;8.23;8.29;8.23;8.27;8.27;57;8600
31/01/2025;VITT3;5.51;5.64;5.51;5.58;5.58;923;249200
31/01/2025;FESA4;8.1;8.15;7.77;7.88;7.79;1380;443100
31/01/2025;FHER3;5.54;5.74;5.47;5.65;5.47;66;24300
31/01/2025;FICT3;3.42;3.8;3.3;3.39;3.31;227;126600
31/01/2025;USIM3;5.56;5.58;5.36;5.46;5.44;616;172400
31/01/2025;USIM5;5.65;5.66;5.44;5.55;5.51;12458;12324200
31/01/2025;VLID3;23.42;23.99;23.4;23.8;23.84;2010;339100
31/01/2025;VSTE3;6.47;6.47;6.32;6.39;6.35;8;1000
31/01/2025;VTRU3;5.85;5.86;5.56;5.7;5.58;1074;459500
31/01/2025;VIVA3;22.0;22.17;21.31;21.64;21.43;11506;2589600
31/01/2025;VIVR3;1.07;1.09;1.05;1.06;1.07;143;52600
31/01/2025;VIVT3;51.52;52.37;51.44;51.86;51.87;14829;2373500
31/01/2025;KLBN3;4.81;4.87;4.8;4.84;4.8;472;117000
31/01/2025;KLBN4;4.46;4.47;4.41;4.43;4.41;929;628100
31/01/2025;MRVE3;5.74;5.82;5.57;5.67;5.64;12045;8711400
31/01/2025;MTRE3;3.3;3.37;3.26;3.3;3.27;765;454200
31/01/2025;MTSA4;40.73;41.86;40.73;41.32;41.79;29;4900
31/01/2025;FIQE3;3.49;3.5;3.45;3.46;3.45;722;393500
31/01/2025;FLRY3;11.93;11.99;11.79;11.89;11.84;9343;3353400
31/01/2025;VULC3;17.08;17.2;16.98;17.06;17.01;3424;591100
31/01/2025;VVEO3;1.57;1.68;1.55;1.61;1.66;1474;3614900
31/01/2025;CLSA3;10.15;10.19;10.11;10.13;10.14;1460;1316300
31/01/2025;CLSC3;77.0;79.87;77.0;77.95;79.87;2;300
31/01/2025;CLSC4;79.5;79.98;79.5;79.91;79.98;24;8000
31/01/2025;CMIG3;15.14;15.36;15.05;15.16;15.05;733;175700
31/01/2025;CMIG4;10.92;11.13;10.92;11.04;10.96;15431;13621500
31/01/2025;CSNA3;9.26;9.28;8.94;9.11;9.09;14402;10652700
31/01/2025;ENGI3;11.77;11.96;11.76;11.83;11.96;25;4900
31/01/2025;ENGI4;7.17;7.17;6.97;7.06;6.97;16;2500
31/01/2025;ENJU3;1.38;1.44;1.35;1.39;1.38;685;725300
31/01/2025;EPAR3;5.24;5.61;5.23;5.24;5.24;20;14700
31/01/2025;EQPA3;5.43;5.56;5.43;5.49;5.56;66;92700
31/01/2025;MULT3;22.42;22.58;22.24;22.4;22.4;20934;4776800
31/01/2025;RAIL3;18.42;18.51;18.2;18.34;18.4;20142;12925600
31/01/2025;RAIZ4;1.96;1.98;1.9;1.92;1.9;14945;26067200
31/01/2025;SMTO3;23.4;23.55;22.43;22.88;22.69;5961;1603800
31/01/2025;SNSY5;3.99;4.4;3.98;4.15;4.39;6;700
31/01/2025;KRSA3;8.5;8.59;8.42;8.55;8.59;28;6400
31/01/2025;WEGE3;56.21;56.41;54.7;55.28;55.04;27202;7220600
31/01/2025;MYPK3;13.73;13.87;13.49;13.66;13.6;6036;1253200
31/01/2025;SOJA3;10.82;11.1;10.75;10.94;10.77;1986;377000
31/01/2025;SRNA3;6.45;6.56;6.41;6.51;6.52;4930;2922600
31/01/2025;STBP3;13.2;13.2;13.15;13.17;13.18;5262;5351100
31/01/2025;NEOE3;18.78;18.97;18.68;18.79;18.75;4473;1056500
31/01/2025;SUZB3;62.57;62.82;61.83;62.4;62.37;18057;4468900
31/01/2025;VAMO3;4.9;5.02;4.77;4.85;4.84;7724;5103500
31/01/2025;VBBR3;17.37;17.52;16.86;17.13;16.86;40330;22373100
31/01/2025;MNDL3;17.5;17.99;17.34;17.55;17.99;7;1700
31/01/2025;MNPR3;27.46;28.0;27.46;27.73;28.0;18;5700
31/01/2025;MOVI3;4.12;4.18;3.88;3.99;3.95;6412;6597400
31/01/2025;MRFG3;15.9;16.24;15.83;15.97;15.89;8387;3543700
31/01/2025;PSSA3;39.89;40.45;39.82;40.09;39.99;10630;1826600
31/01/2025;CRFB3;6.28;6.31;6.14;6.21;6.19;10482;10957800
31/01/2025;CRPG5;19.98;20.1;19.89;19.98;20.06;13;1400
31/01/2025;CRPG6;19.67;20.0;19.67;19.75;20.0;4;500
31/01/2025;CSAN3;8.03;8.09;7.74;7.88;7.74;28044;19332300
31/01/2025;ELMD3;29.43;29.63;29.4;29.5;29.49;827;149800
31/01/2025;EMAE4;44.39;44.39;44.38;44.38;44.38;2;200
31/01/2025;EMBR3;60.28;60.9;59.46;59.99;59.7;16386;5318300
31/01/2025;HBRE3;3.23;3.3;3.19;3.24;3.22;375;261600
31/01/2025;HBSA3;2.77;2.77;2.65;2.69;2.65;2381;1801800
31/01/2025;NGRD3;21.6;21.8;20.26;20.8;20.33;290;52700
31/01/2025;PTBL3;3.7;3.78;3.66;3.71;3.66;645;235200
31/01/2025;PTNT3;9.4;9.9;9.25;9.58;9.9;6;1400
31/01/2025;PTNT4;6.8;6.89;6.52;6.74;6.63;9;1800
31/01/2025;QUAL3;1.97;1.99;1.92;1.95;1.94;2966;3790600
31/01/2025;B3SA3;11.09;11.31;11.04;11.19;11.19;42719;60632400
31/01/2025;NTCO3;12.75;12.83;12.57;12.66;12.62;19854;5782800
31/01/2025;RANI3;7.41;7.47;7.26;7.34;7.3;4011;961500
31/01/2025;RAPT3;7.99;8.13;7.91;8.03;8.0;89;28100
31/01/2025;RAPT4;9.2;9.4;9.11;9.2;9.11;7242;2632700
31/01/2025;HYPE3;18.45;18.6;18.08;18.24;18.28;12246;3963700
31/01/2025;RADL3;22.07;22.29;21.09;21.72;21.09;20700;15292100
31/01/2025;SMFT3;19.61;19.76;19.33;19.45;19.48;10635;3542800
31/01/2025;SLCE3;17.91;17.94;17.36;17.56;17.36;9950;2959200
31/01/2025;SBFG3;11.95;12.25;11.54;11.77;11.54;6061;1678500
31/01/2025;SBSP3;96.14;96.14;94.31;94.86;94.57;12390;2480700
31/01/2025;SCAR3;18.28;19.0;18.28;18.75;18.86;117;23500
31/01/2025;SEER3;5.16;5.38;5.13;5.26;5.32;3360;1003800
31/01/2025;SHOW3;0.72;0.74;0.72;0.73;0.74;175;87700
31/01/2025;SHUL4;6.15;6.25;6.14;6.21;6.22;681;271300
31/01/2025;POMO3;6.32;6.41;6.23;6.34;6.38;413;390700
31/01/2025;POMO4;8.23;8.5;8.23;8.34;8.33;13170;11373000
31/01/2025;PORT3;16.89;17.01;16.85;16.94;16.97;1326;562900
23/01/2025;AALR3;11.54;11.7;11.4;11.57;11.6;32;5500
23/01/2025;ABCB4;19.98;20.11;19.42;19.65;19.51;3913;744500
23/01/2025;EVEN3;5.71;5.79;5.6;5.69;5.63;6175;1702200
23/01/2025;ISAE3;30.88;31.61;30.8;31.2;31.34;26;3800
23/01/2025;ISAE4;23.08;23.36;23.08;23.19;23.11;9999;2471300
23/01/2025;FRAS3;21.37;21.42;21.12;21.22;21.23;1249;197600
23/01/2025;FRIO3;297.84;298.9;290.0;296.54;296.7;11;1100
31/01/2025;POSI3;5.82;5.92;5.67;5.78;5.71;2620;860900
31/01/2025;PRIO3;41.46;41.83;40.95;41.19;40.99;21290;6986700
31/01/2025;RSUL4;60.0;60.0;58.28;59.56;58.28;8;800
31/01/2025;SANB3;12.18;12.39;12.18;12.34;12.39;396;92100
31/01/2025;SANB4;13.29;13.56;13.29;13.47;13.56;517;142300
31/01/2025;SAPR3;5.16;5.26;5.13;5.18;5.15;467;147800
31/01/2025;SAPR4;5.2;5.3;5.13;5.2;5.14;2112;1647900
31/01/2025;VALE3;54.99;55.21;54.0;54.48;54.17;54052;25477600
31/01/2025;WEST3;4.6;4.75;4.6;4.67;4.75;28;6800
31/01/2025;INEP4;1.4;1.44;1.39;1.4;1.4;24;19300
31/01/2025;INTB3;14.47;14.65;14.34;14.44;14.34;6669;1523900
31/01/2025;IRBR3;54.3;54.72;52.2;53.32;52.9;6763;1496300
31/01/2025;JHSF3;3.98;4.02;3.92;3.95;3.96;5715;3050400
31/01/2025;BBSE3;38.61;38.9;38.36;38.61;38.54;14542;4420400
31/01/2025;BRKM3;13.69;13.8;13.28;13.63;13.28;109;22400
31/01/2025;BRKM5;13.92;14.23;13.54;13.8;13.81;13654;4695700
31/01/2025;BRSR3;12.06;12.18;12.06;12.1;12.06;37;5300
31/01/2025;BRSR6;10.51;10.55;10.36;10.42;10.36;4181;1387600
31/01/2025;GRND3;5.68;5.77;5.65;5.69;5.72;2684;1049100
31/01/2025;GUAR3;6.57;6.8;6.42;6.55;6.51;4281;989800
31/01/2025;BAUH4;78.2;78.2;78.2;78.2;78.2;1;200
31/01/2025;BAZA3;89.89;90.0;89.01;89.72;89.87;9;900
31/01/2025;BBAS3;27.74;28.0;27.66;27.77;27.68;45090;19675000
31/01/2025;AZZA3;34.81;34.81;34.02;34.31;34.15;8912;1733600
31/01/2025;HAGA3;2.16;2.31;2.12;2.21;2.29;26;6600
31/01/2025;HAGA4;1.21;1.21;1.16;1.16;1.2;20;27200
31/01/2025;HAPV3;2.48;2.5;2.41;2.43;2.42;38129;55616100
23/01/2025;ITUB3;28.43;28.69;28.2;28.4;28.4;1590;351700
23/01/2025;ITUB4;32.71;32.87;32.33;32.54;32.54;33033;20224000
23/01/2025;BIED3;3.9;4.07;3.9;3.94;3.94;12;4000
23/01/2025;BIOM3;9.74;9.8;9.5;9.65;9.5;171;71800
23/01/2025;BLAU3;12.53;12.75;12.32;12.51;12.56;1182;144800
23/01/2025;BMEB3;30.8;31.0;30.8;30.85;31.0;4;400
23/01/2025;BMEB4;37.2;37.87;36.11;36.89;37.87;147;24000
23/01/2025;BMGB4;3.72;3.76;3.71;3.73;3.73;379;227800
23/01/2025;BMOB3;13.34;13.36;13.11;13.18;13.12;1159;210700
23/01/2025;BPAN4;6.6;6.71;6.43;6.56;6.59;4664;1198000
23/01/2025;FIQE3;3.4;3.44;3.36;3.4;3.37;461;477600
23/01/2025;FLRY3;11.87;11.87;11.44;11.58;11.44;8983;2517600
23/01/2025;INTB3;13.51;13.65;13.12;13.34;13.2;5678;1266700
23/01/2025;IRBR3;53.84;53.99;50.61;52.21;50.77;8368;2135800
23/01/2025;LJQQ3;2.09;2.1;2.01;2.04;2.03;7611;5686000
23/01/2025;LOGG3;18.3;18.3;17.81;17.97;17.96;2056;293200
23/01/2025;LOGN3;20.0;20.09;19.84;19.94;19.85;427;56400
23/01/2025;LPSB3;1.38;1.38;1.3;1.33;1.3;134;78600
23/01/2025;LREN3;13.11;13.24;12.72;13.0;13.0;25577;20940600
23/01/2025;ODPV3;10.43;10.71;10.38;10.47;10.47;4744;1158600
23/01/2025;OFSA3;17.24;17.88;17.23;17.71;17.88;11;1600
23/01/2025;ONCO3;2.23;2.34;2.18;2.25;2.19;3835;6360000
23/01/2025;OPCT3;5.63;5.65;5.48;5.52;5.54;2671;1530900
23/01/2025;ORVR3;38.74;38.74;38.18;38.41;38.39;2308;450400
23/01/2025;PCAR3;2.88;2.88;2.71;2.78;2.71;4835;9811000
23/01/2025;PDGR3;0.01;0.01;0.01;0.01;0.01;172;754800
23/01/2025;PDTC3;1.16;1.17;1.12;1.13;1.13;32;19800
23/01/2025;PETR3;41.14;41.63;40.65;40.95;40.75;11696;5706400
31/01/2025;HBOR3;1.59;1.61;1.57;1.58;1.6;303;322000
31/01/2025;ATED3;1.25;1.29;1.24;1.26;1.25;15;11100
31/01/2025;BRFS3;21.98;22.39;21.89;22.02;21.89;13247;5447400
31/01/2025;CPFE3;34.49;34.67;34.19;34.39;34.38;7084;1360600
31/01/2025;CPLE3;8.84;8.84;8.65;8.7;8.67;10070;9514300
31/01/2025;CPLE5;10.52;10.52;10.52;10.52;10.52;3;1300
31/01/2025;CPLE6;9.82;9.87;9.7;9.77;9.7;17735;17509700
31/01/2025;ELET6;40.41;40.5;39.7;39.93;39.7;3958;1006200
31/01/2025;AURE3;8.12;8.26;8.05;8.13;8.11;6429;4561600
31/01/2025;AVLL3;2.23;2.26;2.23;2.25;2.26;5;600
31/01/2025;AZEV3;1.19;1.33;1.19;1.26;1.28;1091;1635600
31/01/2025;AZEV4;1.24;1.33;1.22;1.27;1.3;3216;10656100
31/01/2025;AZUL4;4.6;4.61;4.46;4.54;4.6;7322;14611200
31/01/2025;CAMB3;11.46;11.85;11.38;11.55;11.4;136;36600
31/01/2025;CAML3;4.87;4.9;4.76;4.8;4.76;2332;1078000
31/01/2025;CASH3;3.18;3.28;3.13;3.19;3.21;1384;567200
31/01/2025;BRST3;2.6;2.75;2.6;2.69;2.72;646;139200
31/01/2025;BSLI3;7.4;8.85;7.3;7.63;8.85;21;2600
31/01/2025;BSLI4;7.11;7.2;7.07;7.1;7.07;6;900
31/01/2025;LVTC3;2.24;2.28;2.22;2.25;2.22;68;29800
31/01/2025;LWSA3;3.43;3.45;3.33;3.37;3.36;7703;5861400
31/01/2025;TXRX4;2.27;2.27;2.27;2.27;2.27;1;100
31/01/2025;NUTR3;3.7;3.85;3.7;3.77;3.77;28;5100
31/01/2025;SEQL3;2.69;2.78;2.63;2.69;2.65;784;973000
31/01/2025;AGXY3;0.71;0.74;0.67;0.69;0.69;927;1048100
31/01/2025;PMAM3;1.12;1.14;1.05;1.09;1.09;253;277300
31/01/2025;RNEW3;0.91;1.0;0.89;0.94;0.96;301;168300
31/01/2025;RNEW4;0.9;0.98;0.9;0.94;0.93;384;201400
31/01/2025;AMER3;6.54;6.58;6.46;6.51;6.51;1560;1165600
31/01/2025;OIBR3;1.63;1.67;1.61;1.64;1.65;1301;1635100
23/01/2025;PETR4;37.12;37.41;36.7;36.96;36.83;40204;26725700
23/01/2025;BRAP3;15.25;15.39;15.08;15.16;15.14;262;63200
23/01/2025;BRAP4;16.34;16.43;16.15;16.22;16.23;7431;3052800
23/01/2025;COCE5;23.66;24.1;23.66;23.85;24.1;15;1500
23/01/2025;COGN3;1.3;1.32;1.28;1.3;1.32;10587;28479700
23/01/2025;CSED3;3.22;3.24;3.15;3.19;3.21;714;409100
23/01/2025;CSMG3;21.83;21.99;21.4;21.62;21.65;5055;1260400
23/01/2025;CSNA3;7.84;7.97;7.75;7.85;7.86;13425;13162100
23/01/2025;ENJU3;1.17;1.24;1.16;1.19;1.16;324;334500
23/01/2025;ENMT3;80.0;83.99;78.71;80.44;78.71;11;1100
23/01/2025;EPAR3;5.28;5.28;5.24;5.27;5.24;7;1100
23/01/2025;EQPA3;5.32;5.36;5.31;5.34;5.36;32;44800
23/01/2025;EQPA5;7.6;7.6;7.6;7.6;7.6;1;100
23/01/2025;EQTL3;28.85;28.85;28.28;28.49;28.36;14814;5572100
23/01/2025;ESPA3;0.77;0.77;0.73;0.75;0.76;315;498000
23/01/2025;ESTR4;3.7;3.7;3.5;3.54;3.69;4;1400
23/01/2025;ETER3;5.16;5.21;5.12;5.15;5.13;356;98200
23/01/2025;EUCA4;13.32;13.58;13.31;13.4;13.58;145;17800
23/01/2025;ITSA3;9.34;9.44;9.3;9.35;9.31;395;99900
23/01/2025;ITSA4;9.23;9.33;9.16;9.22;9.17;23911;20897200
23/01/2025;LUPA3;1.31;1.33;1.26;1.28;1.29;134;103900
23/01/2025;LVTC3;2.3;2.34;2.27;2.29;2.27;40;30000
23/01/2025;LWSA3;3.36;3.39;3.26;3.32;3.3;7831;5029000
23/01/2025;BGIP4;24.64;24.64;24.0;24.4;24.0;7;1300
23/01/2025;BHIA3;3.29;3.58;3.22;3.44;3.46;5062;4650900
23/01/2025;BPAC3;15.87;15.88;15.56;15.7;15.56;11;1100
23/01/2025;BPAC5;7.56;7.56;7.33;7.36;7.34;5;800
23/01/2025;ENEV3;11.11;11.15;10.8;10.87;10.8;13397;7037300
23/01/2025;ENGI3;10.61;10.65;10.36;10.48;10.57;13;1600
31/01/2025;OIBR4;8.47;8.81;8.47;8.67;8.67;51;5900
31/01/2025;LIGT3;4.23;4.27;4.13;4.2;4.13;742;157500
31/01/2025;NEXP3;3.84;3.94;3.84;3.85;3.94;6;1200
31/01/2025;RPMG3;2.95;2.95;2.7;2.82;2.93;41;28000
31/01/2025;RSID3;2.97;3.05;2.95;3.0;2.98;69;7300
31/01/2025;JFEN3;2.4;2.45;2.4;2.43;2.41;17;5900
31/01/2025;ATMP3;1.14;1.14;1.13;1.13;1.13;4;500
23/01/2025;ENGI4;6.71;6.71;6.4;6.58;6.58;70;12300
23/01/2025;INEP3;1.34;1.34;1.32;1.32;1.33;34;36700
23/01/2025;INEP4;1.36;1.39;1.33;1.34;1.33;18;8500
23/01/2025;NEOE3;18.32;18.47;18.04;18.2;18.2;3377;826700
23/01/2025;NGRD3;20.54;20.54;19.62;19.99;20.04;209;45100
23/01/2025;AZZA3;32.84;32.84;31.43;31.98;32.15;8181;2031700
23/01/2025;ABEV3;11.02;11.16;10.98;11.04;11.05;18579;35708100
23/01/2025;BOBR4;1.95;1.96;1.88;1.91;1.88;238;43000
23/01/2025;BRAV3;23.76;23.95;22.52;23.16;22.88;17875;10463900
23/01/2025;B3SA3;10.43;10.5;10.29;10.38;10.35;30532;36718200
23/01/2025;BBSE3;38.44;38.65;37.77;38.05;38.02;12803;3320000
23/01/2025;BSLI3;7.49;7.49;7.49;7.49;7.49;1;100
23/01/2025;BSLI4;7.22;7.5;7.0;7.08;7.0;17;2300
23/01/2025;CAMB3;11.01;11.18;10.8;10.99;11.08;136;29900
23/01/2025;CAML3;4.83;4.83;4.68;4.73;4.74;2885;1130000
23/01/2025;CASH3;3.08;3.33;3.01;3.21;3.14;1955;1765600
23/01/2025;CBAV3;5.0;5.08;4.92;5.01;5.08;5650;3271700
23/01/2025;CCRO3;10.94;11.05;10.8;10.88;10.8;15423;19840600
23/01/2025;CEAB3;8.7;8.72;8.36;8.55;8.62;14036;4987000
23/01/2025;EKTR4;50.01;50.01;50.0;50.0;50.0;5;1000
23/01/2025;ELET3;35.19;35.35;34.77;34.98;34.88;13370;4522100
23/01/2025;ELET6;38.94;39.28;38.59;38.87;38.78;5300;931700
23/01/2025;HBOR3;1.48;1.52;1.44;1.48;1.44;458;596700
23/01/2025;HBRE3;3.11;3.11;3.03;3.06;3.07;313;168700
23/01/2025;HBSA3;2.96;2.96;2.75;2.81;2.85;2102;2576700
23/01/2025;CPFE3;33.1;33.72;33.0;33.32;33.15;9040;2525000
23/01/2025;CPLE3;8.5;8.5;8.18;8.28;8.28;5929;5758300
23/01/2025;CPLE6;9.39;9.39;9.06;9.15;9.17;24713;17449400
23/01/2025;BEEF3;4.81;4.81;4.48;4.65;4.48;14673;20046100
23/01/2025;HAGA4;1.17;1.19;1.15;1.16;1.19;12;8400
23/01/2025;HAPV3;2.33;2.38;2.27;2.31;2.29;55772;55574700
23/01/2025;JALL3;4.56;4.59;4.46;4.52;4.48;2288;594000
23/01/2025;JBSS3;34.05;35.06;33.65;34.49;34.34;30007;8924300
23/01/2025;MRFG3;15.15;16.29;15.06;15.85;15.64;27513;11929100
23/01/2025;ALUP3;9.38;9.38;9.16;9.25;9.17;34;3600
23/01/2025;ALUP4;9.01;9.14;8.94;9.02;9.0;123;18800
23/01/2025;AMAR3;1.07;1.1;1.07;1.08;1.08;425;138900
23/01/2025;AMBP3;123.8;125.55;119.51;121.52;119.97;598;97400
23/01/2025;AMOB3;0.31;0.32;0.3;0.31;0.31;3496;10049900
23/01/2025;ANIM3;1.74;1.78;1.66;1.71;1.68;4811;7224900
23/01/2025;ARML3;4.97;5.06;4.82;4.93;4.99;1726;450700
23/01/2025;ASAI3;6.35;6.41;6.12;6.28;6.2;19753;32962200
23/01/2025;BRKM3;14.41;14.64;14.38;14.52;14.38;23;2900
23/01/2025;BRKM5;13.99;14.68;13.98;14.47;14.53;9315;3688000
23/01/2025;CYRE3;18.8;18.88;18.36;18.6;18.54;16484;5382700
23/01/2025;DASA3;1.88;1.88;1.83;1.85;1.85;672;240300
23/01/2025;DESK3;9.96;10.18;9.94;10.05;10.1;976;252100
23/01/2025;DEXP3;8.69;8.8;8.57;8.63;8.6;575;83100
23/01/2025;GGPS3;14.21;14.41;14.08;14.22;14.12;6839;2519100
23/01/2025;GMAT3;6.36;6.44;6.16;6.29;6.28;5860;3642500
23/01/2025;GOAU3;9.87;9.88;9.7;9.79;9.78;123;23400
23/01/2025;GOAU4;9.77;9.87;9.7;9.76;9.78;8331;6445000
23/01/2025;MILS3;8.66;8.69;8.56;8.61;8.6;877;345200
23/01/2025;MLAS3;1.15;1.17;1.09;1.11;1.09;2009;2033700
23/01/2025;MNDL3;15.51;16.39;15.51;16.08;16.39;19;3900
23/01/2025;MNPR3;26.59;26.8;26.33;26.59;26.59;14;2500
23/01/2025;MOVI3;3.84;3.88;3.71;3.8;3.77;5059;3742900
23/01/2025;PRNR3;13.81;13.93;13.56;13.68;13.67;605;223700
23/01/2025;PSSA3;37.97;38.7;37.88;38.34;38.12;9566;2172100
23/01/2025;PTBL3;3.73;3.76;3.45;3.57;3.45;1006;366600
23/01/2025;PTNT3;7.96;7.98;7.8;7.9;7.98;8;800
23/01/2025;PTNT4;5.72;5.78;5.65;5.7;5.65;14;4900
23/01/2025;QUAL3;1.7;1.73;1.67;1.7;1.71;1754;2694500
23/01/2025;RADL3;21.0;21.27;20.81;21.07;20.89;14067;9414000
23/01/2025;USIM3;5.25;5.3;5.07;5.17;5.13;697;177700
23/01/2025;USIM5;5.27;5.35;5.09;5.19;5.15;11416;14352300
23/01/2025;WEST3;4.51;4.55;4.51;4.53;4.52;8;2100
23/01/2025;WHRL3;3.82;3.84;3.8;3.81;3.8;6;1700
23/01/2025;WHRL4;4.19;4.21;4.11;4.13;4.15;28;12000
23/01/2025;WIZC3;5.64;5.7;5.5;5.56;5.5;1063;430800
23/01/2025;WLMM4;29.14;29.14;29.14;29.14;29.14;1;100
23/01/2025;YDUQ3;9.13;9.36;8.95;9.21;9.3;8144;4560400
23/01/2025;ZAMP3;2.94;3.04;2.87;2.96;2.98;2354;709600
23/01/2025;MRVE3;5.48;5.48;5.09;5.21;5.13;15004;18995700
23/01/2025;MTRE3;3.25;3.26;3.16;3.2;3.18;714;482800
23/01/2025;MTSA4;37.41;37.6;37.0;37.26;37.2;12;1500
23/01/2025;PETZ3;4.7;4.77;4.53;4.68;4.61;6967;11199500
23/01/2025;RENT3;30.66;30.97;29.99;30.32;30.03;24635;8237300
23/01/2025;TOTS3;29.1;29.77;29.08;29.36;29.24;15013;3249300
23/01/2025;TPIS3;5.0;5.06;4.91;4.98;4.99;71;14300
23/01/2025;TRAD3;6.13;6.2;5.99;6.03;5.99;158;24700
23/01/2025;TRIS3;5.15;5.17;5.05;5.09;5.06;1273;504400
23/01/2025;TTEN3;14.73;14.92;14.46;14.66;14.61;3691;888500
23/01/2025;TUPY3;21.59;21.6;21.0;21.1;21.1;5461;901900
23/01/2025;UCAS3;1.79;1.81;1.76;1.78;1.8;105;39800
23/01/2025;UGPA3;16.51;16.64;16.12;16.32;16.16;13652;4085800
23/01/2025;UNIP3;46.68;47.25;46.4;46.84;47.25;21;2300
23/01/2025;UNIP5;48.56;49.51;48.56;49.19;49.51;3;300
23/01/2025;UNIP6;47.14;47.67;46.33;47.18;47.48;854;110300
23/01/2025;VVEO3;1.82;1.86;1.77;1.81;1.81;3985;2828800
23/01/2025;WEGE3;56.44;57.27;56.35;56.85;57.25;15629;4528400
23/01/2025;RANI3;7.04;7.1;6.99;7.03;7.03;981;289100
23/01/2025;RAPT3;8.02;8.02;7.65;7.84;7.84;114;40700
23/01/2025;RAPT4;8.77;8.84;8.47;8.6;8.57;7252;2391200
23/01/2025;IGTI3;2.12;2.13;2.06;2.09;2.07;89;84000
23/01/2025;JSLG3;5.44;5.45;5.19;5.3;5.25;1716;675100
23/01/2025;KEPL3;9.61;9.71;9.53;9.63;9.69;2204;512900
23/01/2025;KLBN3;4.58;4.73;4.58;4.68;4.73;408;185700
23/01/2025;KLBN4;4.27;4.33;4.26;4.29;4.32;980;715400
23/01/2025;HYPE3;18.49;18.53;18.06;18.35;18.34;12085;3245100
23/01/2025;JHSF3;3.8;3.8;3.67;3.71;3.68;6400;3413900
23/01/2025;ATED3;1.39;1.39;1.36;1.37;1.38;17;11600
23/01/2025;AURE3;7.89;7.9;7.68;7.73;7.68;9756;5544000
23/01/2025;AVLL3;2.53;2.53;2.47;2.47;2.47;4;4800
23/01/2025;AZEV3;1.2;1.2;1.13;1.15;1.14;380;691000
23/01/2025;AZEV4;1.2;1.2;1.13;1.15;1.15;1358;3261300
23/01/2025;AZUL4;4.56;4.68;4.46;4.57;4.59;8112;15235500
23/01/2025;BRSR3;11.47;11.63;11.47;11.49;11.63;19;7600
23/01/2025;BRSR6;10.03;10.15;9.85;9.93;9.91;5073;2165300
23/01/2025;BRST3;2.56;2.6;2.5;2.56;2.55;952;153600
23/01/2025;BALM4;10.28;10.28;10.28;10.28;10.28;1;200
23/01/2025;BAZA3;85.39;85.91;85.0;85.45;85.67;11;1200
23/01/2025;BBAS3;26.24;27.07;26.24;26.79;26.72;57276;30067700
23/01/2025;BEES3;8.3;8.34;8.24;8.27;8.24;38;5600
23/01/2025;DEXP4;8.7;8.7;8.51;8.56;8.52;13;2300
23/01/2025;DIRR3;26.65;26.65;25.83;26.16;26.02;10345;1781000
23/01/2025;DMVF3;5.7;5.74;5.56;5.6;5.56;280;78000
23/01/2025;DOHL4;3.86;4.1;3.86;4.0;4.0;5;1600
23/01/2025;DOTZ3;3.63;3.63;3.34;3.45;3.34;34;9700
23/01/2025;DXCO3;6.07;6.07;5.97;6.03;6.05;3777;2108700
23/01/2025;EALT4;13.82;13.9;13.61;13.77;13.78;49;7500
23/01/2025;ECOR3;4.89;4.98;4.83;4.88;4.83;5308;3915200
23/01/2025;EGIE3;35.36;35.6;35.15;35.33;35.15;4390;897300
23/01/2025;GRND3;5.65;5.69;5.52;5.57;5.52;3623;1307100
23/01/2025;GSHP3;6.0;6.0;6.0;6.0;6.0;1;100
23/01/2025;GUAR3;6.22;6.22;5.91;6.05;6.08;2031;794300
23/01/2025;SNSY5;3.61;3.61;3.33;3.43;3.5;11;2300
23/01/2025;SOJA3;10.04;10.24;10.02;10.14;10.18;2323;570600
23/01/2025;SRNA3;5.98;6.24;5.94;6.1;6.09;6363;2416900
23/01/2025;STBP3;13.12;13.15;13.07;13.12;13.15;5300;4294800
23/01/2025;SUZB3;61.29;63.06;61.29;62.47;62.75;19885;5849200
23/01/2025;MATD3;3.68;3.75;3.57;3.64;3.57;1322;443800
23/01/2025;MBLY3;1.49;1.51;1.44;1.49;1.51;261;516500
23/01/2025;MDIA3;20.7;21.05;20.52;20.8;20.61;3395;500600
23/01/2025;MDNE3;11.03;11.18;10.89;11.03;11.06;2741;571300
23/01/2025;MEAL3;0.93;0.97;0.93;0.94;0.94;317;1257300
23/01/2025;MELK3;3.72;3.74;3.62;3.68;3.62;655;352500
23/01/2025;MGEL4;7.25;7.25;7.25;7.25;7.25;2;200
23/01/2025;MGLU3;6.37;6.48;6.17;6.33;6.29;16514;18282500
23/01/2025;SMFT3;18.88;18.99;18.56;18.74;18.59;7420;2659800
23/01/2025;SMTO3;22.9;23.11;22.58;22.82;22.69;4099;943200
23/01/2025;SBFG3;11.01;11.01;10.43;10.58;10.56;5596;2359300
23/01/2025;SBSP3;94.7;94.86;92.62;93.16;93.0;10917;1674200
23/01/2025;SCAR3;15.95;16.67;15.7;16.06;16.61;272;65200
23/01/2025;SEER3;4.42;4.53;4.36;4.42;4.37;1844;338400
23/01/2025;SHOW3;0.76;0.76;0.72;0.74;0.74;185;58000
23/01/2025;SHUL4;5.81;5.86;5.74;5.78;5.8;798;245300
23/01/2025;SIMH3;3.39;3.41;3.29;3.35;3.34;3164;3528200
23/01/2025;SLCE3;18.16;18.17;17.98;18.07;18.12;5552;1482500
23/01/2025;PNVL3;8.22;8.28;8.1;8.18;8.23;1671;311700
23/01/2025;POMO3;6.38;6.4;6.24;6.3;6.38;1381;228600
23/01/2025;POMO4;8.47;8.47;8.3;8.39;8.42;20033;10178900
23/01/2025;PORT3;16.64;16.73;16.61;16.65;16.67;1670;591700
23/01/2025;POSI3;5.52;5.65;5.43;5.56;5.55;2592;813000
23/01/2025;PRIO3;42.56;42.69;40.95;41.61;41.48;28626;11785100
23/01/2025;SANB3;11.61;11.84;11.55;11.68;11.68;451;90100
23/01/2025;RCSL3;4.26;4.27;3.84;4.03;4.03;5964;4074000
23/01/2025;RCSL4;0.71;0.72;0.69;0.7;0.71;1053;1331400
23/01/2025;RDNI3;2.44;2.44;2.36;2.39;2.4;8;900
23/01/2025;RDOR3;28.01;28.39;27.5;27.82;27.69;13734;3527100
23/01/2025;REAG3;5.1;5.1;5.04;5.08;5.1;31;4800
23/01/2025;RECV3;16.79;16.79;15.76;16.05;15.81;8278;2653500
23/01/2025;REDE3;6.28;6.3;6.28;6.29;6.3;5;900
23/01/2025;TASA3;8.21;8.25;8.1;8.17;8.1;38;8200
23/01/2025;TASA4;8.16;8.17;7.97;8.03;8.0;1250;261500
23/01/2025;TCSA3;1.47;1.59;1.47;1.52;1.48;376;187000
23/01/2025;TECN3;5.7;5.75;5.58;5.64;5.59;414;124500
23/01/2025;TELB3;11.1;11.5;10.65;11.27;11.5;11;1800
23/01/2025;TELB4;6.94;7.0;6.9;6.97;7.0;9;1300
23/01/2025;TEND3;12.55;12.6;12.05;12.28;12.2;8207;2523400
23/01/2025;TFCO4;9.07;9.07;8.79;8.89;8.9;1424;246900
23/01/2025;TGMA3;28.84;29.05;28.75;28.89;28.95;1738;283500
23/01/2025;TIMS3;15.47;15.64;15.3;15.4;15.4;15315;6567700
23/01/2025;TKNO4;65.0;65.0;65.0;65.0;65.0;1;100
23/01/2025;VITT3;5.18;5.2;5.01;5.07;5.02;2079;757400
23/01/2025;VIVA3;20.4;20.4;19.75;19.98;20.03;11751;2685800
23/01/2025;VIVR3;1.08;1.1;1.07;1.08;1.09;79;66700
23/01/2025;VIVT3;50.66;51.31;50.57;50.95;50.85;10084;1575500
23/01/2025;VLID3;22.94;22.94;22.16;22.38;22.39;2364;341200
23/01/2025;VSTE3;6.67;6.67;6.6;6.61;6.6;4;400
23/01/2025;VTRU3;6.11;6.12;5.64;5.85;5.8;472;144600
23/01/2025;VULC3;16.85;16.85;16.56;16.69;16.67;1863;342500
23/01/2025;RAIL3;17.03;17.18;16.69;16.89;16.78;22143;11324800
23/01/2025;RAIZ4;1.92;1.92;1.85;1.87;1.86;16586;20412700
23/01/2025;SYNE3;4.99;5.02;4.8;4.89;4.85;2610;795200
23/01/2025;TAEE3;10.88;10.89;10.65;10.74;10.7;1053;192400
23/01/2025;TAEE4;11.02;11.06;10.74;10.84;10.78;1392;309500
23/01/2025;VAMO3;4.68;4.75;4.58;4.69;4.66;7443;5067300
23/01/2025;VBBR3;17.95;18.14;17.64;17.86;17.68;16074;9720600
23/01/2025;KRSA3;8.55;8.55;8.47;8.53;8.53;92;18700
23/01/2025;LAND3;13.47;14.0;13.47;13.85;14.0;133;25100
23/01/2025;LAVV3;7.84;7.87;7.68;7.75;7.72;1593;353400
23/01/2025;LEVE3;27.16;27.44;27.01;27.19;27.01;1159;182300
23/01/2025;MULT3;21.0;21.15;20.77;20.92;20.92;8734;1794000
23/01/2025;MWET4;10.5;10.5;10.11;10.3;10.11;2;200
23/01/2025;CRFB3;6.07;6.13;5.87;5.97;5.94;11019;15290900
23/01/2025;EZTC3;11.64;11.68;11.3;11.47;11.3;3931;1420400
23/01/2025;MYPK3;13.27;13.58;13.15;13.44;13.58;6486;1272800
23/01/2025;CEBR3;15.83;15.96;15.7;15.78;15.79;12;3500
23/01/2025;CEBR5;15.37;15.41;15.26;15.33;15.41;6;1000
23/01/2025;CEBR6;17.33;17.4;17.2;17.35;17.4;25;4900
23/01/2025;CEDO4;21.8;21.8;19.51;20.97;19.51;8;1900
23/01/2025;CEEB3;38.0;38.0;38.0;38.0;38.0;1;100
23/01/2025;CGRA3;26.14;26.39;26.04;26.16;26.04;11;1300
23/01/2025;CGRA4;26.62;26.62;26.12;26.24;26.12;17;2300
23/01/2025;CLSA3;10.12;10.17;10.08;10.11;10.13;1175;427700
23/01/2025;CLSC4;79.0;79.12;78.41;78.75;78.52;36;4100
23/01/2025;CMIG3;14.4;14.69;14.4;14.56;14.58;592;82700
23/01/2025;CMIG4;10.51;10.65;10.49;10.56;10.58;18377;12055700
23/01/2025;CMIN3;5.19;5.23;5.16;5.2;5.22;6358;4768400
23/01/2025;ELMD3;29.3;29.43;29.3;29.36;29.42;1160;2175400
23/01/2025;EMAE4;38.62;38.62;38.0;38.06;38.0;11;1200
23/01/2025;EMBR3;61.75;62.25;61.0;61.55;61.73;22202;4377100
23/01/2025;IFCM3;0.07;0.08;0.07;0.07;0.08;808;9570000
23/01/2025;AERI3;6.74;7.1;6.66;6.82;6.83;1293;870600
23/01/2025;AFLT3;7.11;7.12;7.11;7.11;7.11;3;400
23/01/2025;AGRO3;22.66;22.8;21.97;22.19;22.1;1314;194700
23/01/2025;ALLD3;6.91;7.0;6.77;6.89;6.77;165;40100
23/01/2025;ALOS3;18.41;18.46;17.98;18.15;18.18;9210;4045300
23/01/2025;ALPA3;5.91;5.91;5.85;5.86;5.85;13;2400
23/01/2025;ALPA4;6.31;6.31;6.02;6.13;6.05;4880;3097800
23/01/2025;ALPK3;2.5;2.56;2.43;2.49;2.51;235;84400
23/01/2025;BBDC3;10.68;10.72;10.44;10.56;10.48;7600;9453400
23/01/2025;BBDC4;11.5;11.66;11.31;11.45;11.39;26370;36035600
23/01/2025;BRFS3;22.0;22.37;21.4;21.89;21.75;33270;11017200
23/01/2025;CRPG5;19.47;19.78;19.47;19.5;19.78;6;14500
23/01/2025;CRPG6;19.1;19.98;19.1;19.63;19.98;4;400
23/01/2025;CSAN3;7.74;7.84;7.51;7.63;7.57;29066;31308700
23/01/2025;CSUD3;15.88;16.47;15.85;16.07;16.08;176;21300
23/01/2025;CURY3;20.17;20.23;19.7;19.91;20.0;10115;1872700
23/01/2025;CVCB3;1.82;1.92;1.81;1.87;1.83;9111;26858300
23/01/2025;CXSE3;14.5;14.85;14.37;14.56;14.45;9991;4357900
23/01/2025;GEPA3;28.76;28.76;28.75;28.75;28.76;3;400
23/01/2025;GEPA4;29.0;29.0;28.6;28.96;28.6;5;1100
23/01/2025;GFSA3;1.32;1.36;1.3;1.32;1.31;1211;4489200
23/01/2025;GGBR3;16.08;16.27;16.0;16.17;16.14;64;13600
23/01/2025;GGBR4;17.62;17.69;17.36;17.49;17.46;14747;8861100
23/01/2025;FESA3;12.76;12.76;12.75;12.75;12.75;3;600
23/01/2025;FESA4;7.8;7.95;7.59;7.71;7.64;1106;387800
23/01/2025;FHER3;5.92;6.15;5.55;5.72;5.55;182;74200
23/01/2025;FICT3;3.23;3.6;3.22;3.47;3.52;295;55300
23/01/2025;FIEI3;9.0;9.5;9.0;9.02;9.0;8;2700
23/01/2025;SANB4;13.0;13.22;12.88;13.03;12.91;488;107300
23/01/2025;SAPR3;5.06;5.15;5.04;5.07;5.06;752;179400
23/01/2025;SAPR4;5.11;5.18;5.08;5.11;5.1;2097;2013700
23/01/2025;VALE3;52.95;52.99;51.84;52.27;52.32;41999;25097300
23/01/2025;NTCO3;12.84;12.84;12.08;12.31;12.2;17440;7131400
23/01/2025;PFRM3;6.21;6.23;6.07;6.14;6.09;878;285400
23/01/2025;PGMN3;3.18;3.25;3.11;3.18;3.11;1386;602500
23/01/2025;PINE3;4.3;4.3;4.27;4.28;4.27;6;800
23/01/2025;PINE4;4.4;4.49;4.38;4.43;4.4;297;123800
23/01/2025;PLPL3;9.5;9.51;9.11;9.3;9.33;3350;814000
23/01/2025;ROMI3;9.26;9.26;9.09;9.15;9.09;706;130200
23/01/2025;RSUL4;54.5;54.97;54.02;54.36;54.47;14;1700
23/01/2025;NUTR3;3.73;3.75;3.53;3.61;3.63;29;4400
23/01/2025;TXRX4;2.03;2.05;2.01;2.03;2.05;9;1000
23/01/2025;SEQL3;2.82;2.82;2.65;2.72;2.73;743;377500
23/01/2025;LIGT3;4.0;4.03;3.97;4.0;3.98;377;112400
23/01/2025;OIBR3;1.52;1.56;1.51;1.52;1.52;1181;1503600
23/01/2025;OIBR4;8.89;9.44;8.61;9.02;8.64;197;47400
23/01/2025;NEXP3;3.76;3.83;3.72;3.78;3.8;15;2200
23/01/2025;AMER3;6.77;6.8;6.35;6.57;6.4;3628;2721600
23/01/2025;JFEN3;2.47;2.57;2.45;2.51;2.45;53;26400
23/01/2025;ATMP3;1.15;1.15;1.1;1.11;1.11;13;2100
23/01/2025;PMAM3;1.27;1.38;1.27;1.32;1.32;304;343500
23/01/2025;AGXY3;0.62;0.62;0.57;0.58;0.58;1009;968800
23/01/2025;RNEW3;0.91;0.92;0.9;0.9;0.9;32;47200
23/01/2025;RNEW4;0.9;0.91;0.88;0.89;0.89;80;80800
23/01/2025;RPMG3;2.9;2.9;2.88;2.89;2.88;4;61500
23/01/2025;RSID3;2.87;2.89;2.8;2.84;2.89;157;30200
23/01/2025;GOLL4;1.69;1.78;1.69;1.72;1.72;2971;11748200
24/01/2025;VALE3;52.6;53.19;52.6;52.93;53.03;34924;20520600
24/01/2025;MYPK3;13.56;13.72;13.36;13.51;13.42;4564;866400
24/01/2025;DXCO3;6.04;6.09;5.89;5.96;5.92;2913;1832600
24/01/2025;GGPS3;14.17;14.45;14.05;14.26;14.26;10451;2493100
24/01/2025;GMAT3;6.25;6.41;6.23;6.34;6.3;6852;4028000
24/01/2025;GOAU3;9.76;9.87;9.75;9.8;9.87;131;23900
24/01/2025;GOAU4;9.78;9.85;9.69;9.77;9.81;7267;5513600
24/01/2025;MILS3;8.72;8.81;8.54;8.73;8.8;1566;709800
24/01/2025;MLAS3;1.11;1.12;1.08;1.09;1.09;1905;2042500
24/01/2025;MNDL3;16.49;16.5;16.49;16.49;16.5;6;1100
24/01/2025;MNPR3;26.01;26.49;26.0;26.2;26.49;5;500
24/01/2025;MOVI3;3.77;3.89;3.69;3.8;3.72;6776;6780800
24/01/2025;MRFG3;15.78;15.85;15.49;15.66;15.65;11075;4622000
24/01/2025;ALPK3;2.54;2.57;2.44;2.52;2.51;255;86700
24/01/2025;ALUP3;9.15;9.27;9.15;9.2;9.22;41;4500
24/01/2025;ALUP4;8.93;9.0;8.93;8.95;8.97;67;11500
24/01/2025;AMAR3;1.09;1.1;1.07;1.08;1.09;292;98900
24/01/2025;AMBP3;121.32;121.82;119.27;120.41;120.32;249;46300
24/01/2025;CAMB3;10.94;11.29;10.94;11.18;11.2;98;28700
24/01/2025;CAML3;4.74;4.84;4.67;4.74;4.69;2945;1192100
24/01/2025;CASH3;3.1;3.19;3.06;3.11;3.07;876;437400
24/01/2025;CBAV3;5.07;5.16;5.01;5.06;5.06;2840;1760400
24/01/2025;CCRO3;10.75;10.87;10.67;10.81;10.8;14302;7072500
24/01/2025;CXSE3;14.45;14.82;14.42;14.66;14.76;12394;4544400
24/01/2025;SNSY5;3.52;3.52;3.52;3.52;3.52;3;700
24/01/2025;SOJA3;10.15;10.24;10.07;10.18;10.15;2387;379500
24/01/2025;SRNA3;6.12;6.42;6.06;6.31;6.28;7514;3013400
24/01/2025;STBP3;13.15;13.16;13.1;13.12;13.15;4686;2818300
24/01/2025;SUZB3;62.82;63.01;62.01;62.59;62.76;13290;2748800
24/01/2025;PRNR3;13.8;14.25;13.56;14.04;14.25;1280;532500
24/01/2025;PSSA3;38.12;38.17;37.59;37.93;38.0;7682;1209100
24/01/2025;SCAR3;16.61;16.89;16.05;16.45;16.58;213;54200
24/01/2025;SEER3;4.37;4.62;4.31;4.51;4.62;2937;808600
24/01/2025;SHOW3;0.74;0.75;0.72;0.73;0.72;163;57000
24/01/2025;SHUL4;5.86;5.86;5.75;5.79;5.83;730;247200
24/01/2025;SIMH3;3.34;3.38;3.23;3.28;3.25;7522;7260900
24/01/2025;SLCE3;18.17;18.19;17.54;17.74;17.83;11780;4845000
31/01/2025;GOLL4;1.69;1.71;1.68;1.69;1.7;1256;4484000
24/01/2025;BRFS3;21.72;22.03;21.6;21.88;21.88;20325;6152300
24/01/2025;CSED3;3.16;3.3;3.16;3.24;3.22;1659;2108800
24/01/2025;CSMG3;21.68;21.68;21.26;21.43;21.48;4032;858200
24/01/2025;CSNA3;7.9;8.42;7.89;8.22;8.26;19253;19736100
24/01/2025;ENJU3;1.18;1.28;1.18;1.24;1.22;535;748900
24/01/2025;ENMT3;79.99;80.9;79.99;80.44;80.9;2;200
24/01/2025;EPAR3;5.25;5.28;5.23;5.24;5.23;9;1300
24/01/2025;EQMA3B;24.0;24.0;24.0;24.0;24.0;2;1100
24/01/2025;EQPA3;5.3;5.36;5.3;5.32;5.36;23;10100
24/01/2025;EQTL3;28.22;28.71;28.05;28.5;28.37;16091;5191800
24/01/2025;ESPA3;0.76;0.76;0.72;0.73;0.75;230;373300
24/01/2025;ESTR4;3.5;3.5;3.5;3.5;3.5;1;900
24/01/2025;ETER3;5.17;5.25;5.13;5.19;5.15;294;50200
24/01/2025;EUCA4;13.58;13.6;13.44;13.51;13.6;114;14100
24/01/2025;EVEN3;5.63;5.77;5.61;5.68;5.66;4519;1661700
24/01/2025;EZTC3;11.31;11.64;11.27;11.48;11.42;3910;1221700
24/01/2025;ISAE3;31.63;31.83;31.6;31.65;31.8;23;8000
24/01/2025;ISAE4;23.15;23.25;22.94;23.04;22.94;7961;2877900
24/01/2025;LUPA3;1.28;1.3;1.25;1.27;1.28;195;124700
24/01/2025;LVTC3;2.27;2.35;2.23;2.26;2.23;39;21600
24/01/2025;LWSA3;3.26;3.31;3.19;3.23;3.21;5584;5881900
24/01/2025;UNIP3;47.35;47.95;46.85;47.19;46.98;26;3700
24/01/2025;UNIP5;49.51;49.51;47.22;48.32;47.22;5;500
24/01/2025;UNIP6;47.74;47.97;47.28;47.68;47.6;613;77000
24/01/2025;USIM3;5.15;5.35;5.15;5.28;5.31;567;200300
24/01/2025;USIM5;5.19;5.36;5.18;5.29;5.23;13514;15514400
24/01/2025;WEST3;4.5;4.55;4.5;4.51;4.55;9;2600
24/01/2025;WHRL3;3.81;3.81;3.8;3.8;3.8;3;900
24/01/2025;WHRL4;4.12;4.2;4.12;4.16;4.14;19;5300
24/01/2025;WIZC3;5.51;5.81;5.51;5.69;5.77;1496;502900
16/01/2025;GOLL4;1.85;1.95;1.7;1.79;1.7;8091;26232600
24/01/2025;MRVE3;5.14;5.28;5.08;5.21;5.18;9067;9994100
24/01/2025;PETZ3;4.65;4.79;4.6;4.73;4.7;7876;8444300
24/01/2025;TKNO4;65.9;65.9;65.9;65.9;65.9;2;200
24/01/2025;AZUL4;4.53;4.63;4.5;4.56;4.51;6636;8378600
24/01/2025;BBSE3;38.02;38.03;37.24;37.7;37.83;13647;3627100
24/01/2025;CEAB3;8.5;8.97;8.5;8.83;8.79;15411;4380500
24/01/2025;CEBR3;15.85;15.89;15.5;15.63;15.89;29;3900
24/01/2025;CEBR5;15.3;15.4;15.3;15.33;15.4;2;300
24/01/2025;CEBR6;17.4;17.58;17.29;17.38;17.38;7;700
24/01/2025;CGAS5;127.24;127.3;125.77;126.84;125.77;7;700
24/01/2025;CGRA3;26.11;26.11;26.04;26.05;26.04;7;800
24/01/2025;CGRA4;26.4;26.4;26.13;26.24;26.13;6;600
24/01/2025;CLSA3;10.14;10.14;10.08;10.1;10.12;1624;792500
24/01/2025;CLSC4;79.17;79.58;78.51;78.84;78.55;70;7400
24/01/2025;CMIG3;14.65;14.65;14.45;14.54;14.61;482;90500
24/01/2025;CMIG4;10.53;10.56;10.44;10.49;10.5;14250;7921600
24/01/2025;DASA3;1.88;1.89;1.83;1.86;1.84;1204;389800
24/01/2025;DESK3;10.1;10.47;10.09;10.23;10.3;872;163500
24/01/2025;DEXP3;8.51;8.9;8.46;8.79;8.76;392;50000
24/01/2025;DEXP4;8.55;8.63;8.55;8.56;8.6;3;700
24/01/2025;DIRR3;26.0;26.89;25.83;26.62;26.76;9315;1942100
24/01/2025;DMVF3;5.56;5.68;5.55;5.59;5.68;219;34000
24/01/2025;DOHL4;4.0;4.0;3.99;3.99;4.0;5;1200
24/01/2025;DOTZ3;3.38;3.4;3.23;3.31;3.25;51;15000
24/01/2025;PFRM3;6.09;6.24;6.09;6.17;6.24;416;89000
24/01/2025;PNVL3;8.1;8.3;8.1;8.21;8.23;1343;190600
24/01/2025;POMO3;6.35;6.48;6.28;6.37;6.29;339;149400
24/01/2025;POMO4;8.44;8.62;8.32;8.42;8.32;16118;11274700
24/01/2025;ROMI3;9.11;9.28;9.09;9.18;9.21;577;147000
24/01/2025;RSUL4;54.93;54.94;54.93;54.93;54.94;3;300
24/01/2025;TOTS3;29.2;30.19;28.99;29.75;29.91;12272;2924600
24/01/2025;TPIS3;5.03;5.03;4.92;4.94;4.92;38;7400
24/01/2025;TRAD3;5.91;6.3;5.91;6.15;6.11;103;18100
24/01/2025;TRIS3;5.09;5.18;5.07;5.14;5.16;556;351300
24/01/2025;RANI3;7.09;7.17;7.01;7.1;7.11;1665;581000
24/01/2025;RAPT3;7.84;7.98;7.84;7.9;7.89;92;19300
24/01/2025;RAPT4;8.54;8.94;8.53;8.83;8.83;7225;2244000
24/01/2025;RCSL3;4.08;4.11;3.91;3.99;4.01;5248;3666600
24/01/2025;RCSL4;0.7;0.72;0.69;0.69;0.69;1608;1894400
24/01/2025;RDNI3;2.43;2.43;2.26;2.3;2.29;45;11800
24/01/2025;RDOR3;27.5;28.16;27.48;27.94;28.01;14089;5297700
24/01/2025;REAG3;5.1;5.1;5.03;5.09;5.1;29;3800
24/01/2025;RECV3;15.82;15.99;15.65;15.79;15.68;6486;1644100
24/01/2025;REDE3;6.32;6.32;6.28;6.3;6.32;6;700
24/01/2025;RENT3;30.08;30.82;29.9;30.45;30.32;18265;6545700
24/01/2025;TAEE3;10.81;10.81;10.59;10.62;10.72;941;190300
24/01/2025;TAEE4;10.85;10.85;10.66;10.71;10.77;1255;289700
24/01/2025;TASA3;8.03;8.19;8.03;8.11;8.12;45;7900
24/01/2025;TASA4;7.99;8.06;7.91;7.96;7.98;1063;281600
24/01/2025;TCSA3;1.47;1.51;1.41;1.47;1.46;135;59400
24/01/2025;TECN3;5.68;5.7;5.55;5.63;5.55;325;179100
24/01/2025;TELB4;6.81;6.82;6.8;6.8;6.8;9;1500
24/01/2025;TEND3;12.33;12.56;12.2;12.42;12.48;6517;2165500
24/01/2025;TFCO4;8.76;9.13;8.76;9.03;9.0;619;521400
24/01/2025;TGMA3;28.95;29.23;28.88;29.08;29.15;1003;174700
24/01/2025;TIMS3;15.32;15.4;15.05;15.2;15.08;16138;8698300
24/01/2025;VITT3;5.03;5.09;4.98;5.03;5.09;641;128300
24/01/2025;VIVA3;20.22;20.4;19.85;20.23;20.24;9350;2335900
24/01/2025;VIVR3;1.08;1.1;1.06;1.07;1.07;66;40900
24/01/2025;VIVT3;50.84;50.84;50.23;50.46;50.56;7989;1145600
24/01/2025;VLID3;22.39;23.57;22.21;23.16;23.33;3721;961000
24/01/2025;RAIL3;16.76;17.09;16.67;16.83;16.7;15623;6301200
24/01/2025;RAIZ4;1.86;1.93;1.85;1.89;1.89;7173;15674800
24/01/2025;SYNE3;4.88;4.93;4.79;4.85;4.92;1929;597200
24/01/2025;VAMO3;4.66;4.84;4.56;4.73;4.56;6682;5546200
24/01/2025;VBBR3;17.63;17.86;17.5;17.62;17.59;16472;4811500
24/01/2025;MATD3;3.6;3.64;3.57;3.59;3.6;1890;561200
24/01/2025;MBLY3;1.46;1.55;1.46;1.52;1.54;314;263000
24/01/2025;BIOM3;9.54;9.55;9.34;9.46;9.41;155;55000
24/01/2025;BLAU3;12.53;12.77;12.39;12.58;12.48;1250;157800
24/01/2025;BMEB4;37.89;38.09;37.03;37.53;38.09;116;12800
24/01/2025;BMGB4;3.73;3.76;3.7;3.72;3.73;663;332500
24/01/2025;BMOB3;13.12;13.28;13.06;13.17;13.15;1041;203200
24/01/2025;BOBR4;1.89;1.98;1.88;1.92;1.91;202;40500
24/01/2025;ENEV3;10.75;10.97;10.75;10.85;10.81;16161;6842500
24/01/2025;ENGI3;10.64;10.95;10.62;10.78;10.65;32;6700
24/01/2025;ENGI4;6.61;6.7;6.61;6.67;6.62;20;3100
24/01/2025;INEP3;1.35;1.59;1.35;1.47;1.56;231;176900
24/01/2025;INEP4;1.35;1.52;1.34;1.45;1.49;134;92300
24/01/2025;INTB3;13.28;13.82;13.24;13.59;13.53;8589;2120900
24/01/2025;IRBR3;50.78;51.26;48.59;49.7;49.6;7476;1969400
24/01/2025;LOGN3;20.06;20.08;19.95;19.99;20.07;112;19500
24/01/2025;LPSB3;1.32;1.36;1.29;1.32;1.29;205;144600
24/01/2025;LREN3;12.91;13.39;12.9;13.21;13.17;22999;11096400
24/01/2025;ODPV3;10.52;10.71;10.45;10.63;10.71;3566;906200
24/01/2025;OFSA3;18.35;18.35;18.35;18.35;18.35;3;15600
24/01/2025;ONCO3;2.21;2.32;2.19;2.25;2.27;3968;4435500
24/01/2025;OPCT3;5.54;5.65;5.51;5.59;5.6;1649;764400
24/01/2025;ORVR3;38.77;38.91;38.07;38.65;38.67;1379;390500
24/01/2025;PCAR3;2.7;2.73;2.63;2.68;2.67;5447;8788000
24/01/2025;NGRD3;20.0;22.1;20.0;21.07;21.47;466;106800
24/01/2025;NTCO3;12.21;12.36;12.08;12.2;12.08;8697;3530300
24/01/2025;BEES3;8.27;8.28;8.2;8.23;8.22;67;13300
24/01/2025;BGIP4;25.5;26.49;25.0;25.69;26.49;18;5100
24/01/2025;HBRE3;3.08;3.1;3.02;3.06;3.02;146;115700
24/01/2025;HBSA3;2.89;2.89;2.77;2.81;2.85;2538;2881500
24/01/2025;HYPE3;18.52;18.63;18.26;18.47;18.4;11731;6822200
24/01/2025;JHSF3;3.7;3.73;3.66;3.69;3.69;4034;2954900
24/01/2025;JSLG3;5.32;5.32;5.14;5.22;5.17;1693;685100
24/01/2025;MTRE3;3.15;3.22;3.1;3.15;3.1;1627;604500
24/01/2025;MTSA4;37.9;37.9;37.9;37.9;37.9;1;100
24/01/2025;MULT3;20.75;21.07;20.72;20.92;20.81;9521;2074500
24/01/2025;AZZA3;32.12;32.68;31.8;32.05;31.8;4741;905300
24/01/2025;FHER3;5.65;5.76;5.37;5.51;5.37;82;30200
24/01/2025;FICT3;3.6;4.12;3.35;3.74;3.8;472;129700
24/01/2025;FIQE3;3.39;3.44;3.38;3.4;3.38;374;178900
24/01/2025;FLRY3;11.49;11.84;11.42;11.69;11.58;15695;5952100
24/01/2025;FESA4;7.65;7.8;7.61;7.72;7.75;1025;285900
24/01/2025;FRAS3;21.39;21.41;21.16;21.34;21.38;619;132400
24/01/2025;FRIO3;290.01;290.01;280.0;287.54;289.01;11;1100
24/01/2025;ITSA3;9.32;9.35;9.27;9.31;9.3;219;63600
24/01/2025;ITSA4;9.17;9.2;9.12;9.15;9.15;21468;12191800
24/01/2025;ITUB3;28.4;28.61;28.18;28.46;28.48;1830;402100
24/01/2025;ITUB4;32.43;32.6;32.31;32.44;32.46;20180;8746000
24/01/2025;MDIA3;20.66;21.01;20.08;20.48;20.2;2575;526000
24/01/2025;MDNE3;10.96;11.62;10.93;11.43;11.38;3330;781600
24/01/2025;MEAL3;0.94;0.97;0.94;0.95;0.97;99;200400
24/01/2025;MELK3;3.63;3.7;3.63;3.65;3.66;622;235100
24/01/2025;MGEL4;7.25;7.25;7.25;7.25;7.25;2;700
24/01/2025;MGLU3;6.33;6.59;6.32;6.44;6.37;12748;14457500
24/01/2025;AALR3;11.75;12.18;11.02;11.74;12.09;133;29800
24/01/2025;ABCB4;19.51;19.63;19.4;19.57;19.55;3510;561300
24/01/2025;ABEV3;11.05;11.13;10.87;10.94;10.87;22925;44514500
24/01/2025;BRSR3;11.8;11.8;11.45;11.63;11.45;31;4300
24/01/2025;BRSR6;9.91;9.99;9.85;9.92;9.92;3393;900400
24/01/2025;CSUD3;15.92;16.24;15.92;16.13;16.18;224;35500
24/01/2025;CTKA4;21.01;21.9;21.01;21.12;21.9;2;800
24/01/2025;CURY3;20.08;20.47;19.93;20.27;20.4;5985;1490400
24/01/2025;CVCB3;1.85;1.86;1.78;1.81;1.78;5933;12670900
24/01/2025;TTEN3;14.55;14.68;14.38;14.51;14.58;3781;498300
24/01/2025;TUPY3;21.2;21.69;21.14;21.51;21.69;2151;504100
24/01/2025;AERI3;6.88;6.89;6.63;6.72;6.68;775;407300
24/01/2025;AFLT3;7.07;7.07;7.07;7.07;7.07;1;100
24/01/2025;AGRO3;22.1;22.31;22.01;22.19;22.22;1036;147800
24/01/2025;ALLD3;6.77;6.97;6.77;6.85;6.78;194;31700
24/01/2025;ALOS3;17.89;18.14;17.83;17.98;17.96;7442;3027800
24/01/2025;ALPA3;5.86;5.97;5.86;5.92;5.86;7;1200
24/01/2025;ALPA4;6.06;6.24;6.04;6.16;6.13;4408;1513600
24/01/2025;BBDC3;10.48;10.51;10.34;10.37;10.42;9429;7012000
24/01/2025;BBDC4;11.4;11.41;11.21;11.27;11.3;34279;45727800
24/01/2025;BRKM3;14.44;14.55;14.25;14.33;14.29;30;8600
24/01/2025;BRKM5;14.52;14.73;14.26;14.49;14.44;8265;2533800
24/01/2025;UCAS3;1.8;1.8;1.77;1.78;1.77;39;14700
24/01/2025;UGPA3;16.06;16.34;16.02;16.11;16.08;12777;2779500
24/01/2025;VSTE3;6.6;6.6;6.5;6.55;6.53;7;1100
24/01/2025;VTRU3;5.76;5.95;5.76;5.87;5.9;326;99800
24/01/2025;VULC3;16.68;17.22;16.56;16.89;16.79;3791;707400
24/01/2025;VVEO3;1.83;1.84;1.76;1.78;1.76;4187;2723400
24/01/2025;WEGE3;56.97;57.9;56.83;57.6;57.87;21711;4763100
24/01/2025;WLMM4;28.36;28.36;28.36;28.36;28.36;1;100
24/01/2025;JBSS3;34.31;34.31;33.64;33.87;33.64;20831;6504400
24/01/2025;ATED3;1.39;1.4;1.36;1.38;1.37;19;14800
24/01/2025;AURE3;7.69;7.76;7.58;7.65;7.6;7613;4444600
24/01/2025;AVLL3;2.5;2.5;2.45;2.47;2.45;4;1100
24/01/2025;AZEV3;1.14;1.23;1.14;1.18;1.23;505;1604400
24/01/2025;AZEV4;1.16;1.23;1.15;1.19;1.23;1129;3765900
24/01/2025;PGMN3;3.13;3.2;3.06;3.13;3.06;1790;1598700
24/01/2025;PINE3;4.39;4.39;4.15;4.16;4.15;8;1800
24/01/2025;PINE4;4.39;4.44;4.36;4.39;4.38;128;77100
24/01/2025;PLPL3;9.8;10.26;9.71;9.98;10.17;8540;4544900
24/01/2025;RADL3;20.83;21.08;20.78;20.93;20.78;11960;4796000
24/01/2025;SMFT3;18.68;19.0;18.5;18.77;18.68;7149;1261000
24/01/2025;SMTO3;22.56;22.94;22.09;22.52;22.69;6092;1816200
24/01/2025;BALM4;10.27;10.6;10.27;10.43;10.6;2;200
24/01/2025;BAZA3;86.1;86.5;86.1;86.29;86.5;3;300
24/01/2025;BBAS3;26.71;26.85;26.51;26.65;26.62;25349;9081200
24/01/2025;BHIA3;3.44;3.61;3.32;3.48;3.32;2996;3514900
24/01/2025;BIED3;3.91;3.91;3.9;3.9;3.9;4;900
24/01/2025;BPAN4;6.61;6.87;6.54;6.76;6.78;4029;977800
24/01/2025;BRAP3;15.2;15.3;15.18;15.25;15.2;115;23400
24/01/2025;BRAP4;16.33;16.44;16.24;16.33;16.3;4770;2082200
24/01/2025;BRAV3;23.0;23.19;22.66;22.86;22.66;13997;5937600
24/01/2025;CPFE3;33.15;33.15;32.81;32.95;32.96;6340;1055100
24/01/2025;CPLE3;8.28;8.36;8.24;8.31;8.32;3086;4961900
24/01/2025;CPLE6;9.14;9.28;9.11;9.19;9.2;13763;11719900
24/01/2025;CRFB3;5.94;6.13;5.79;5.89;5.8;12224;12215200
24/01/2025;CRPG5;19.45;19.76;19.01;19.47;19.01;5;800
24/01/2025;CSAN3;7.56;7.7;7.53;7.6;7.56;18278;12929900
24/01/2025;ELMD3;29.32;29.45;29.3;29.41;29.45;917;422000
24/01/2025;EMAE4;38.4;43.63;38.4;41.74;43.63;61;9300
24/01/2025;EMBR3;61.9;62.1;60.34;60.89;60.97;22895;4302400
24/01/2025;PDGR3;0.01;0.01;0.01;0.01;0.01;190;520700
24/01/2025;PDTC3;1.14;1.15;1.13;1.14;1.14;13;8700
24/01/2025;PETR3;40.75;40.86;40.26;40.5;40.63;11066;4553600
24/01/2025;PETR4;36.88;36.9;36.4;36.58;36.64;36934;16216500
24/01/2025;PORT3;16.68;16.76;16.56;16.67;16.76;1699;773900
24/01/2025;POSI3;5.53;5.7;5.45;5.55;5.45;2357;684400
24/01/2025;IFCM3;0.08;0.09;0.07;0.07;0.08;960;10053500
24/01/2025;IGTI3;2.08;2.09;2.04;2.06;2.05;147;52200
24/01/2025;KEPL3;9.64;10.02;9.64;9.93;9.95;2899;892700
24/01/2025;KLBN3;4.72;4.78;4.65;4.72;4.78;396;155800
24/01/2025;PRIO3;41.48;41.65;41.06;41.29;41.15;19755;4947300
24/01/2025;SANB3;11.71;11.75;11.58;11.69;11.75;168;32300
24/01/2025;SANB4;12.94;13.11;12.91;12.99;13.11;209;36900
24/01/2025;SAPR3;5.01;5.09;5.01;5.06;5.06;363;81900
24/01/2025;SAPR4;5.08;5.15;5.08;5.11;5.13;1437;676100
24/01/2025;SBFG3;10.74;10.88;10.45;10.65;10.64;5387;1634100
24/01/2025;SBSP3;92.07;93.47;92.07;92.92;92.8;7106;1118900
24/01/2025;KLBN4;4.32;4.35;4.28;4.31;4.34;1094;724100
24/01/2025;KRSA3;8.46;8.53;8.46;8.5;8.5;54;14100
24/01/2025;LAND3;14.0;14.59;14.0;14.31;14.19;148;40300
24/01/2025;LAVV3;7.71;7.92;7.67;7.84;7.87;1703;380700
24/01/2025;LEVE3;27.0;27.71;26.99;27.49;27.57;1462;247000
24/01/2025;LJQQ3;2.04;2.17;2.03;2.11;2.15;4556;6363500
24/01/2025;LOGG3;18.18;18.18;16.0;16.19;16.55;7000;7421200
24/01/2025;NEOE3;18.16;18.31;18.06;18.15;18.1;2339;516000
24/01/2025;YDUQ3;9.36;9.69;9.22;9.44;9.25;10290;4654400
24/01/2025;ZAMP3;3.05;3.14;2.96;3.04;3.05;3526;1026100
24/01/2025;AMOB3;0.31;0.31;0.3;0.3;0.31;3355;5779200
24/01/2025;ANIM3;1.68;1.91;1.68;1.85;1.85;11030;23015300
24/01/2025;ARML3;5.0;5.03;4.84;4.93;4.88;1092;255400
24/01/2025;ASAI3;6.2;6.46;6.13;6.24;6.15;10016;10904000
24/01/2025;BRST3;2.52;2.6;2.52;2.58;2.58;628;204000
24/01/2025;B3SA3;10.35;10.4;10.26;10.33;10.37;27822;45091300
24/01/2025;BEEF3;4.48;4.56;4.44;4.49;4.44;9355;8614900
24/01/2025;BPAC3;15.57;15.72;15.54;15.6;15.72;5;500
24/01/2025;BPAC5;7.29;7.29;7.29;7.29;7.29;1;100
24/01/2025;CMIN3;5.25;5.29;5.14;5.18;5.15;6734;4373700
24/01/2025;COCE5;23.93;23.93;23.48;23.69;23.48;44;13300
24/01/2025;COGN3;1.32;1.41;1.31;1.38;1.37;15243;85816000
24/01/2025;EALT4;13.89;13.9;13.63;13.73;13.88;41;14900
24/01/2025;ECOR3;4.81;5.04;4.8;4.92;4.85;3494;2351700
24/01/2025;EGIE3;35.06;35.48;34.96;35.25;35.17;5299;980800
24/01/2025;EKTR4;49.51;53.64;49.51;51.57;53.64;2;200
24/01/2025;ELET3;34.78;35.21;34.72;34.98;34.97;13375;4957800
24/01/2025;ELET6;38.79;38.94;38.49;38.7;38.64;5244;752500
24/01/2025;CYRE3;18.55;18.96;18.38;18.8;18.7;12661;4438700
24/01/2025;GRND3;5.5;5.66;5.49;5.6;5.56;2172;740000
24/01/2025;GUAR3;6.1;6.41;6.04;6.31;6.28;2186;689500
24/01/2025;GEPA4;29.0;29.0;29.0;29.0;29.0;1;100
24/01/2025;GFSA3;1.32;1.36;1.3;1.33;1.33;1086;3623200
24/01/2025;GGBR3;16.19;16.55;16.03;16.24;16.25;259;32700
24/01/2025;GGBR4;17.47;17.63;17.39;17.5;17.56;13268;8425700
24/01/2025;PTBL3;3.41;3.56;3.39;3.47;3.42;1037;463700
24/01/2025;PTNT3;7.83;8.8;7.83;8.43;8.8;11;2400
24/01/2025;PTNT4;5.79;5.79;5.61;5.67;5.61;11;3800
24/01/2025;HAGA3;2.19;2.24;2.01;2.17;2.2;12;3200
24/01/2025;HAGA4;1.18;1.19;1.16;1.17;1.19;8;3700
24/01/2025;HAPV3;2.29;2.38;2.28;2.32;2.29;31592;45982600
24/01/2025;HBOR3;1.45;1.51;1.45;1.48;1.5;226;153400
24/01/2025;JALL3;4.53;4.59;4.45;4.53;4.53;2153;555700
24/01/2025;QUAL3;1.7;1.79;1.68;1.73;1.68;2214;2984400
24/01/2025;BSLI4;7.05;7.05;7.02;7.03;7.02;4;500
24/01/2025;SEQL3;2.72;2.76;2.67;2.69;2.67;727;355100
24/01/2025;NUTR3;3.63;3.77;3.63;3.69;3.77;14;1700
24/01/2025;AMER3;6.34;6.57;6.29;6.44;6.35;2154;1895500
24/01/2025;PMAM3;1.26;1.3;1.2;1.25;1.22;549;825200
24/01/2025;RNEW3;0.9;0.91;0.88;0.89;0.91;63;62400
24/01/2025;RNEW4;0.89;0.91;0.88;0.89;0.88;86;50100
24/01/2025;RPMG3;2.89;2.89;2.88;2.88;2.88;3;700
24/01/2025;RSID3;2.9;2.92;2.85;2.88;2.88;49;8400
24/01/2025;OIBR3;1.54;1.56;1.51;1.53;1.55;1069;1544900
24/01/2025;OIBR4;8.79;8.79;8.61;8.69;8.65;26;3900
24/01/2025;JFEN3;2.56;2.56;2.45;2.46;2.45;18;10300
24/01/2025;AGXY3;0.57;0.6;0.57;0.57;0.57;623;359700
24/01/2025;ATMP3;1.11;1.15;1.11;1.11;1.11;18;25400
24/01/2025;LIGT3;3.96;4.0;3.94;3.96;3.94;776;213800
24/01/2025;NEXP3;3.68;3.75;3.68;3.7;3.75;6;1500
17/01/2025;B3SA3;10.29;10.42;10.18;10.32;10.35;21649;30748300
17/01/2025;CPFE3;32.64;33.53;32.58;33.24;33.24;7907;1771600
17/01/2025;CPLE3;8.13;8.37;8.08;8.29;8.32;6181;7256300
17/01/2025;CPLE5;10.39;10.39;10.39;10.39;10.39;4;400
17/01/2025;CPLE6;9.02;9.31;8.96;9.18;9.15;15514;20967900
17/01/2025;CSED3;3.25;3.25;3.14;3.18;3.15;1681;470800
17/01/2025;CSMG3;21.62;21.9;21.35;21.68;21.72;7084;2997600
17/01/2025;CSNA3;7.91;8.2;7.89;8.07;8.13;17944;21683500
17/01/2025;ATED3;1.45;1.45;1.38;1.4;1.4;24;14300
17/01/2025;AURE3;7.83;7.83;7.71;7.79;7.78;4851;5137400
17/01/2025;BEEF3;4.86;5.08;4.81;5.01;5.02;11115;9730600
17/01/2025;BRAV3;25.4;25.84;24.68;25.31;25.34;26522;14778200
17/01/2025;CEAB3;7.9;8.04;7.76;7.93;7.99;9483;4282900
17/01/2025;CEBR3;15.85;16.37;15.84;15.97;16.37;11;1200
17/01/2025;BAUH4;78.2;78.2;78.2;78.2;78.2;1;100
17/01/2025;BAZA3;86.01;86.5;86.01;86.29;86.34;5;500
17/01/2025;BBAS3;25.44;25.49;25.19;25.32;25.35;19778;13271300
17/01/2025;BRAP3;15.34;15.7;15.34;15.48;15.7;500;125400
17/01/2025;BRAP4;16.39;16.7;16.34;16.57;16.68;7978;4079500
17/01/2025;CLSC4;80.16;80.16;79.5;79.83;79.5;2;200
17/01/2025;CMIG3;14.3;14.6;14.2;14.41;14.44;759;127300
17/01/2025;CMIG4;10.29;10.58;10.24;10.44;10.46;18060;17814800
17/01/2025;EGIE3;35.3;35.88;34.93;35.35;35.2;5313;1587600
17/01/2025;AMAR3;1.07;1.08;1.05;1.06;1.07;315;135400
17/01/2025;AMBP3;124.11;125.34;121.87;123.95;124.3;307;45500
17/01/2025;CTKA4;21.9;21.9;21.9;21.9;21.9;3;400
17/01/2025;CURY3;19.62;19.75;19.2;19.53;19.52;10321;1999900
17/01/2025;CVCB3;1.68;1.74;1.68;1.7;1.71;9801;26306200
17/01/2025;ELMD3;29.3;29.35;29.1;29.25;29.35;373;113200
17/01/2025;EMAE4;37.64;37.69;37.64;37.67;37.69;5;500
17/01/2025;EMBR3;60.1;60.72;59.36;59.93;59.88;22801;4849600
17/01/2025;BBDC3;10.85;10.88;10.62;10.71;10.65;4702;6521400
17/01/2025;BBDC4;11.77;11.8;11.5;11.61;11.59;34180;60743100
17/01/2025;BEES3;8.25;8.3;8.17;8.24;8.29;56;9200
17/01/2025;BGIP4;25.0;25.0;24.58;24.77;24.58;12;1500
17/01/2025;BHIA3;2.8;2.95;2.77;2.86;2.9;1630;3162700
17/01/2025;BPAC3;15.18;15.22;15.05;15.15;15.05;8;800
17/01/2025;BPAC5;7.16;7.43;7.16;7.22;7.18;6;800
17/01/2025;CMIN3;4.92;5.15;4.92;5.05;5.12;8151;11027000
17/01/2025;CXSE3;14.3;14.59;14.2;14.44;14.48;7694;2883800
17/01/2025;AMOB3;0.35;0.35;0.33;0.35;0.34;4966;9830100
17/01/2025;ANIM3;1.65;1.69;1.58;1.63;1.63;4822;11149300
17/01/2025;ARML3;4.97;5.0;4.72;4.83;4.77;3804;1280900
17/01/2025;ASAI3;5.67;5.85;5.61;5.73;5.82;17527;10647800
17/01/2025;CEBR5;15.31;15.51;15.31;15.46;15.51;6;1100
17/01/2025;CEBR6;17.09;17.12;16.91;16.99;17.1;24;3200
17/01/2025;CEDO4;21.0;21.0;21.0;21.0;21.0;1;200
17/01/2025;CGAS5;129.77;129.77;126.0;127.45;127.24;9;1100
17/01/2025;CGRA3;28.16;28.35;28.16;28.24;28.35;6;600
17/01/2025;CGRA4;28.5;28.5;28.0;28.34;28.0;100;71100
17/01/2025;CLSA3;10.12;10.12;10.03;10.06;10.08;882;329400
17/01/2025;CAMB3;11.34;11.34;10.98;11.11;11.22;272;37600
17/01/2025;CAML3;4.8;4.81;4.67;4.71;4.68;3188;2026100
17/01/2025;CASH3;3.01;3.11;2.93;3.04;3.06;1222;579600
17/01/2025;CBAV3;5.1;5.12;5.0;5.04;5.12;7389;3753400
17/01/2025;CCRO3;10.44;10.69;10.33;10.58;10.64;11939;11169300
17/01/2025;CRPG5;19.38;19.38;19.38;19.38;19.38;1;100
17/01/2025;CRPG6;20.48;20.48;20.48;20.48;20.48;1;100
17/01/2025;CSAN3;8.73;8.75;8.2;8.38;8.2;24638;28519500
17/01/2025;PCAR3;2.68;2.75;2.65;2.71;2.7;12937;8658500
17/01/2025;PRNR3;13.58;13.63;13.28;13.5;13.58;867;227900
17/01/2025;JBSS3;33.66;34.5;33.48;34.01;33.85;21315;7182900
17/01/2025;MATD3;3.55;3.56;3.41;3.5;3.51;3208;779600
17/01/2025;MBLY3;1.59;1.6;1.52;1.55;1.52;172;42800
17/01/2025;MDIA3;19.49;19.69;19.28;19.49;19.4;3471;568100
17/01/2025;AALR3;10.68;10.9;10.12;10.61;10.8;37;5000
17/01/2025;ABCB4;19.53;19.77;19.4;19.56;19.55;2170;1507000
17/01/2025;ABEV3;10.84;11.09;10.77;10.98;11.09;35500;51433600
17/01/2025;AZZA3;30.61;30.78;29.97;30.42;30.32;6774;1823300
17/01/2025;GEPA4;28.9;28.9;28.7;28.73;28.7;2;600
17/01/2025;GFSA3;1.32;1.37;1.25;1.3;1.27;2060;5627200
17/01/2025;GGBR3;15.85;16.04;15.73;15.86;15.92;155;28700
17/01/2025;GGBR4;17.4;17.5;17.17;17.34;17.37;26606;12833100
17/01/2025;IFCM3;0.08;0.09;0.07;0.08;0.08;664;5165000
17/01/2025;BIOM3;9.4;9.4;9.15;9.26;9.2;214;77000
17/01/2025;MDNE3;10.72;10.98;10.55;10.76;10.8;2904;848200
17/01/2025;MEAL3;0.93;0.93;0.91;0.91;0.91;269;336300
17/01/2025;MELK3;3.83;3.83;3.64;3.72;3.68;890;737600
17/01/2025;MGEL4;6.98;7.3;6.98;7.01;7.3;7;2800
17/01/2025;MGLU3;6.01;6.13;5.9;6.02;6.06;16362;23446400
17/01/2025;IGTI3;2.05;2.1;2.03;2.05;2.1;226;65600
17/01/2025;INEP3;1.37;1.42;1.36;1.39;1.39;12;4100
17/01/2025;BOBR4;1.92;1.99;1.89;1.94;1.92;291;60600
17/01/2025;BRKM3;12.46;12.86;12.46;12.72;12.69;62;10600
17/01/2025;BRKM5;12.46;12.77;12.36;12.62;12.67;6842;2474900
17/01/2025;FIQE3;3.41;3.47;3.36;3.4;3.4;706;288000
17/01/2025;FLRY3;11.37;11.55;11.27;11.47;11.54;10383;2897300
17/01/2025;MRVE3;5.38;5.38;5.22;5.28;5.27;5093;10545100
17/01/2025;PFRM3;6.39;6.39;6.19;6.29;6.33;346;79900
17/01/2025;PGMN3;3.4;3.42;3.3;3.35;3.37;2645;2012200
17/01/2025;PINE3;4.3;4.39;4.22;4.31;4.38;7;1100
17/01/2025;PINE4;4.43;4.5;4.38;4.42;4.4;150;59600
17/01/2025;PLPL3;8.99;9.04;8.74;8.84;8.87;3940;1510700
17/01/2025;LUPA3;1.23;1.27;1.22;1.23;1.25;340;232300
17/01/2025;LVTC3;2.37;2.4;2.3;2.32;2.3;57;48200
17/01/2025;LWSA3;3.16;3.16;3.03;3.07;3.03;8301;10152000
17/01/2025;MTRE3;3.0;3.06;2.99;3.03;3.03;525;332400
17/01/2025;MTSA4;37.47;37.5;37.02;37.21;37.03;9;1000
17/01/2025;MULT3;20.48;20.59;20.2;20.46;20.53;8473;3050100
17/01/2025;PNVL3;8.42;8.44;8.06;8.22;8.23;2460;552400
17/01/2025;POMO3;5.93;6.05;5.87;5.97;5.96;412;135000
17/01/2025;POMO4;7.81;8.02;7.74;7.91;7.91;20218;11699500
17/01/2025;RAIZ4;2.02;2.04;2.0;2.02;2.04;8573;18985500
17/01/2025;ENGI3;10.68;10.68;10.37;10.54;10.56;21;2600
17/01/2025;ENGI4;6.5;6.61;6.46;6.52;6.52;29;4500
17/01/2025;ENJU3;1.12;1.12;1.09;1.1;1.11;145;477600
17/01/2025;ENMT3;80.01;84.96;80.0;82.86;84.96;5;500
17/01/2025;ESPA3;0.72;0.73;0.72;0.72;0.73;117;237300
17/01/2025;ESTR4;3.99;4.0;3.56;3.68;3.56;7;1500
17/01/2025;ETER3;5.03;5.07;4.98;5.01;5.01;320;68200
17/01/2025;EUCA4;13.49;13.5;13.29;13.4;13.41;88;11400
17/01/2025;EVEN3;5.59;5.65;5.53;5.59;5.6;3088;634400
17/01/2025;ENMT4;84.8;84.8;84.8;84.8;84.8;1;100
17/01/2025;EPAR3;5.53;5.53;5.32;5.38;5.34;44;10500
17/01/2025;HAGA3;2.35;2.35;2.35;2.35;2.35;1;100
17/01/2025;HAGA4;1.25;1.25;1.18;1.2;1.21;13;11700
17/01/2025;EZTC3;11.25;11.37;11.1;11.26;11.28;4806;1928500
17/01/2025;PORT3;16.32;16.51;16.26;16.45;16.49;692;268400
17/01/2025;POSI3;5.3;5.55;5.27;5.46;5.48;2274;2888800
17/01/2025;PRIO3;42.14;42.76;41.36;42.19;42.71;21148;9197000
17/01/2025;RANI3;7.04;7.04;6.89;6.96;6.96;1969;931000
17/01/2025;RAPT3;7.6;7.71;7.35;7.49;7.46;177;57800
17/01/2025;RAPT4;8.29;8.42;8.06;8.2;8.12;6276;2736500
17/01/2025;HAPV3;2.38;2.38;2.24;2.3;2.24;32048;58189500
17/01/2025;ITSA3;9.19;9.25;9.13;9.18;9.18;243;78800
17/01/2025;ITSA4;9.06;9.14;9.0;9.06;9.05;32458;36310000
17/01/2025;KLBN3;4.6;4.68;4.55;4.62;4.65;421;216600
17/01/2025;KLBN4;4.21;4.28;4.19;4.24;4.27;1410;1079300
17/01/2025;EQPA3;5.31;5.35;5.31;5.33;5.32;20;8500
17/01/2025;EQTL3;27.56;28.17;27.42;27.89;27.86;33005;12831500
17/01/2025;HBOR3;1.36;1.39;1.34;1.36;1.37;762;1157800
17/01/2025;HBRE3;3.09;3.12;2.99;3.02;3.0;299;294500
17/01/2025;HBSA3;2.9;2.98;2.9;2.95;2.95;4569;2273700
17/01/2025;KRSA3;8.42;8.48;8.35;8.4;8.41;69;24300
17/01/2025;LAND3;13.08;13.8;13.08;13.43;13.8;109;23700
17/01/2025;MRFG3;15.25;15.62;14.99;15.36;15.48;19329;8454600
17/01/2025;RAIL3;16.95;17.29;16.94;17.12;17.07;21355;8985100
17/01/2025;ENEV3;10.82;11.02;10.77;10.87;10.83;16107;8708500
17/01/2025;HYPE3;18.09;18.4;17.78;18.24;18.29;12929;4948800
17/01/2025;ITUB3;28.17;28.51;28.17;28.36;28.32;2051;572600
17/01/2025;ITUB4;32.27;32.57;32.09;32.36;32.35;34183;20854200
17/01/2025;GRND3;5.4;5.45;5.34;5.41;5.42;2154;655500
17/01/2025;GUAR3;6.05;6.07;5.79;5.88;5.85;2077;846200
17/01/2025;LAVV3;7.18;7.32;7.15;7.23;7.24;1484;395300
17/01/2025;LEVE3;26.85;27.52;26.84;27.16;27.29;1454;218100
17/01/2025;LJQQ3;2.13;2.15;2.09;2.11;2.09;2528;2007300
17/01/2025;LOGG3;18.95;18.95;18.44;18.72;18.74;913;105200
17/01/2025;LOGN3;19.78;20.18;19.75;19.98;20.1;215;26300
17/01/2025;LPSB3;1.34;1.35;1.3;1.31;1.31;196;95300
17/01/2025;LREN3;12.51;12.66;12.21;12.38;12.33;19626;18370400
17/01/2025;ISAE3;31.73;31.87;31.34;31.44;31.34;23;2800
17/01/2025;ISAE4;22.8;23.14;22.72;22.97;22.95;6708;3104300
17/01/2025;JHSF3;3.65;3.68;3.61;3.65;3.66;4514;2547000
17/01/2025;JSLG3;5.5;5.5;5.31;5.38;5.34;1425;338100
17/01/2025;KEPL3;9.36;9.65;9.23;9.49;9.49;2362;847700
17/01/2025;RDNI3;2.25;2.38;2.25;2.34;2.33;12;5600
17/01/2025;RDOR3;26.69;26.8;26.22;26.56;26.71;8933;2647600
17/01/2025;SCAR3;15.85;16.12;15.83;15.92;15.83;60;9300
17/01/2025;SEER3;4.43;4.55;4.34;4.44;4.45;1940;524500
17/01/2025;SHOW3;0.74;0.76;0.73;0.74;0.75;150;34600
17/01/2025;SHUL4;5.64;5.72;5.57;5.66;5.7;553;174000
17/01/2025;SIMH3;3.37;3.41;3.27;3.34;3.3;6680;3778500
17/01/2025;MILS3;8.46;8.61;8.33;8.51;8.57;1822;407700
17/01/2025;MLAS3;1.17;1.17;1.12;1.13;1.14;1578;1014000
17/01/2025;MNDL3;16.03;16.03;16.03;16.03;16.03;2;700
17/01/2025;MNPR3;25.99;26.0;25.74;25.92;25.94;10;2000
17/01/2025;MOVI3;3.66;3.73;3.56;3.66;3.64;3888;2973000
17/01/2025;PDGR3;0.01;0.01;0.01;0.01;0.01;546;2385200
17/01/2025;PDTC3;1.11;1.11;1.11;1.11;1.11;14;17600
17/01/2025;PETR3;41.6;41.93;41.39;41.59;41.6;13297;5264200
17/01/2025;SLCE3;17.87;18.02;17.7;17.91;18.01;5089;1299700
17/01/2025;TPIS3;5.12;5.16;4.98;5.04;4.98;80;18000
17/01/2025;TRAD3;6.49;6.56;6.17;6.35;6.17;191;48500
17/01/2025;TRIS3;4.82;4.88;4.75;4.82;4.88;1005;342700
17/01/2025;PETR4;37.01;37.4;36.85;37.2;37.2;39452;39941100
17/01/2025;PETZ3;4.48;4.53;4.41;4.45;4.47;3115;2490700
17/01/2025;RADL3;20.8;21.33;20.68;21.04;21.23;12582;6877600
17/01/2025;SMTO3;23.14;23.18;22.68;22.87;22.99;8242;1816900
17/01/2025;TTEN3;13.93;13.98;13.67;13.85;13.89;2823;480100
17/01/2025;TUPY3;22.1;22.1;21.68;21.87;21.74;1592;329800
17/01/2025;UCAS3;1.83;1.87;1.81;1.84;1.86;261;40500
17/01/2025;SNSY5;3.7;3.7;3.45;3.51;3.45;3;400
17/01/2025;SOJA3;10.19;10.29;10.09;10.2;10.2;1446;292800
17/01/2025;UGPA3;16.05;16.28;15.78;15.94;15.9;11880;4011400
17/01/2025;WEST3;4.81;4.86;4.75;4.78;4.75;16;3500
17/01/2025;WHRL3;3.88;3.88;3.87;3.87;3.88;3;400
17/01/2025;WHRL4;4.2;4.2;4.15;4.18;4.15;10;1900
17/01/2025;WIZC3;5.38;5.54;5.37;5.46;5.53;1207;453100
17/01/2025;WLMM4;28.83;29.14;28.81;28.87;29.14;8;1100
17/01/2025;SRNA3;5.73;6.02;5.61;5.9;5.94;7047;1827900
17/01/2025;VAMO3;4.71;4.75;4.58;4.9;4.64;6254;3587700
17/01/2025;VBBR3;17.15;17.33;16.98;17.12;17.02;10797;6260200
17/01/2025;SMFT3;17.96;18.19;17.74;17.98;17.91;9961;2618000
17/01/2025;REAG3;5.09;5.1;5.02;5.08;5.1;38;9800
17/01/2025;RECV3;16.7;16.74;16.42;16.63;16.69;4660;1459700
17/01/2025;REDE3;6.36;6.36;6.28;6.28;6.33;8;2800
17/01/2025;RENT3;30.51;30.81;29.62;30.41;30.44;18391;7855900
17/01/2025;UNIP3;44.55;45.11;44.03;44.36;45.0;72;9100
17/01/2025;UNIP6;45.58;45.79;45.1;45.44;45.52;621;80900
17/01/2025;USIM3;4.91;5.13;4.91;5.06;5.1;522;244600
17/01/2025;YDUQ3;8.87;8.9;8.51;8.65;8.58;18306;12546200
17/01/2025;TASA4;8.32;8.32;8.12;8.21;8.14;1126;183000
17/01/2025;TCSA3;1.46;1.49;1.43;1.45;1.48;126;40000
17/01/2025;TECN3;5.47;5.51;5.41;5.44;5.42;69;14500
17/01/2025;TELB3;11.7;11.9;11.6;11.81;11.6;7;900
17/01/2025;TEND3;12.22;12.22;11.77;11.92;11.94;6328;3019300
17/01/2025;TFCO4;8.74;8.88;8.68;8.79;8.88;226;54000
17/01/2025;TGMA3;28.76;28.9;28.35;28.68;28.7;690;141900
17/01/2025;USIM5;4.86;5.1;4.83;4.98;5.01;9484;15800600
17/01/2025;ZAMP3;2.67;2.69;2.56;2.62;2.6;1358;426300
17/01/2025;TIMS3;14.68;14.88;14.56;14.79;14.81;9227;7648500
17/01/2025;TKNO4;63.0;63.0;63.0;63.0;63.0;3;300
17/01/2025;TOTS3;28.71;28.71;27.89;28.16;28.2;10597;2515800
17/01/2025;SBFG3;11.08;11.24;10.82;11.06;10.88;5411;1676900
17/01/2025;SBSP3;91.2;93.55;90.62;92.71;93.0;22111;4675700
17/01/2025;RCSL3;4.91;4.98;4.56;4.68;4.7;7453;3893100
17/01/2025;RCSL4;0.75;0.76;0.71;0.73;0.73;1222;3608400
17/01/2025;TAEE3;10.74;10.92;10.7;10.81;10.9;474;100400
17/01/2025;TAEE4;10.9;11.06;10.85;10.96;11.02;618;166100
17/01/2025;TASA3;8.3;8.45;8.2;8.27;8.22;48;12700
17/01/2025;WEGE3;53.71;54.17;53.37;53.9;54.17;10683;4222700
17/01/2025;VITT3;5.11;5.17;4.97;5.15;5.17;1586;5328700
17/01/2025;VIVA3;19.11;19.3;18.93;19.17;19.2;8448;2022400
17/01/2025;VIVR3;1.1;1.1;1.08;1.08;1.09;41;13200
17/01/2025;VIVT3;48.55;49.23;48.15;48.88;49.1;8451;1699400
17/01/2025;COCE5;24.54;24.54;23.85;23.99;23.9;101;39200
17/01/2025;COGN3;1.28;1.29;1.22;1.25;1.25;9821;41057900
17/01/2025;AZEV3;1.07;1.12;1.04;1.07;1.07;503;891200
17/01/2025;AZEV4;1.08;1.12;1.05;1.07;1.07;1705;4930100
17/01/2025;AZUL4;4.57;4.58;4.37;4.45;4.43;8260;16929900
17/01/2025;BMEB4;37.12;38.0;37.03;37.57;37.22;76;9300
17/01/2025;BMGB4;3.75;3.75;3.7;3.71;3.72;524;208600
17/01/2025;BMOB3;13.42;13.48;13.19;13.32;13.3;547;144100
17/01/2025;ODPV3;11.05;11.15;10.75;10.9;10.94;3411;807000
17/01/2025;OFSA3;16.89;16.89;16.36;16.47;16.58;19;4300
17/01/2025;FRAS3;20.52;20.9;20.37;20.69;20.88;1143;207400
17/01/2025;FRIO3;299.9;300.0;292.0;299.12;300.0;11;1200
17/01/2025;PSSA3;37.48;37.63;36.38;36.92;36.77;8464;2550100
17/01/2025;PTBL3;3.5;3.54;3.43;3.48;3.53;361;130900
17/01/2025;PTNT4;5.68;5.88;5.68;5.75;5.79;13;3100
17/01/2025;QUAL3;1.55;1.64;1.54;1.6;1.6;1494;4002000
17/01/2025;INEP4;1.46;1.46;1.38;1.4;1.44;10;5000
17/01/2025;INTB3;12.3;12.86;12.22;12.66;12.65;7241;2017800
17/01/2025;IRBR3;50.63;52.6;49.51;51.65;52.21;8734;2872400
17/01/2025;JALL3;4.55;4.62;4.49;4.56;4.6;1503;377700
17/01/2025;MWET4;10.83;10.85;10.8;10.82;10.8;4;400
17/01/2025;MYPK3;13.64;13.64;13.28;13.46;13.53;4642;808300
17/01/2025;NEOE3;18.37;18.45;18.06;18.27;18.32;5279;1168500
17/01/2025;NGRD3;20.77;21.14;20.42;20.77;20.49;188;36400
17/01/2025;NTCO3;12.63;12.84;12.29;12.54;12.41;11454;7731800
17/01/2025;ELET3;34.62;35.49;34.22;35.05;34.85;17002;13941600
17/01/2025;ELET6;38.36;39.15;38.14;38.76;38.78;6292;1525600
17/01/2025;FESA4;7.7;7.82;7.62;7.71;7.68;1191;277300
17/01/2025;FHER3;5.91;6.1;5.6;5.91;5.6;233;58900
17/01/2025;FICT3;3.04;3.37;2.94;3.07;3.28;180;83000
17/01/2025;CRFB3;5.57;5.65;5.47;5.59;5.65;11705;16881000
17/01/2025;DASA3;1.9;1.92;1.82;1.88;1.89;926;462800
17/01/2025;DESK3;10.13;10.34;9.88;10.15;10.2;427;164000
17/01/2025;DEXP3;8.92;8.92;8.55;8.75;8.77;422;71700
17/01/2025;DIRR3;25.66;25.85;25.17;25.41;25.31;10364;1725400
17/01/2025;DMVF3;5.9;6.09;5.84;5.97;6.03;332;85100
17/01/2025;DOHL4;3.74;4.0;3.74;3.89;4.0;7;3300
17/01/2025;DOTZ3;3.23;3.34;3.23;3.27;3.29;28;7000
17/01/2025;DXCO3;5.82;5.95;5.8;5.88;5.9;3581;2458100
17/01/2025;SANB3;11.84;11.9;11.71;11.79;11.82;291;60400
17/01/2025;SANB4;13.05;13.27;13.03;13.08;13.06;338;78100
17/01/2025;SAPR3;5.05;5.1;4.97;5.03;5.1;725;193400
17/01/2025;SAPR4;5.07;5.18;5.02;5.11;5.18;2637;1928800
17/01/2025;SYNE3;4.87;5.05;4.85;4.97;4.99;1330;696900
17/01/2025;VLID3;22.88;23.51;21.82;22.76;22.85;2042;358100
17/01/2025;VSTE3;6.71;6.8;6.68;6.73;6.8;8;1000
17/01/2025;VTRU3;6.35;6.41;6.08;6.29;6.31;384;88000
17/01/2025;VULC3;16.7;16.75;16.31;16.58;16.51;2519;458300
17/01/2025;VVEO3;1.9;2.01;1.8;1.9;1.9;5556;3803500
17/01/2025;ROMI3;8.6;8.76;8.52;8.66;8.76;578;116400
17/01/2025;RSUL4;55.0;55.0;55.0;55.0;55.0;4;600
17/01/2025;STBP3;13.06;13.17;13.02;13.1;13.14;5006;4456400
17/01/2025;SUZB3;60.7;62.4;60.24;61.75;62.28;25248;7500200
17/01/2025;VALE3;53.15;54.49;52.98;54.08;54.49;65733;54658700
17/01/2025;AERI3;6.8;6.89;6.62;6.76;6.73;1026;607500
17/01/2025;AGRO3;22.07;22.62;22.07;22.45;22.43;1043;187500
17/01/2025;ALLD3;6.88;6.99;6.75;6.87;6.9;126;32100
17/01/2025;ALOS3;18.05;18.06;17.66;17.93;18.01;7778;3378900
17/01/2025;CYRE3;17.83;18.1;17.63;17.94;17.87;15516;6218900
17/01/2025;GGPS3;13.81;14.06;13.59;13.96;13.84;7267;3894000
17/01/2025;GMAT3;6.19;6.29;6.06;6.23;6.26;7140;4169000
17/01/2025;GOAU3;9.66;9.79;9.65;9.75;9.77;143;57800
17/01/2025;GOAU4;9.65;9.74;9.53;9.65;9.69;6970;6170300
17/01/2025;ONCO3;2.2;2.38;2.16;2.27;2.25;4361;5192800
17/01/2025;OPCT3;4.94;5.06;4.9;5.01;5.05;785;321200
17/01/2025;ORVR3;36.48;36.85;36.04;36.63;36.76;1468;266000
17/01/2025;BLAU3;11.81;11.97;11.48;11.79;11.86;2157;385600
17/01/2025;BRFS3;22.53;23.24;22.32;22.89;22.78;16213;6836800
17/01/2025;CSUD3;16.34;16.89;16.23;16.54;16.28;293;37900
17/01/2025;BIED3;4.04;4.1;4.03;4.04;4.03;11;3800
17/01/2025;EALT4;13.27;13.66;13.15;13.34;13.6;36;8200
17/01/2025;ECOR3;4.68;4.74;4.55;4.64;4.65;5265;4084300
17/01/2025;ALPA3;6.0;6.05;5.95;5.97;5.99;13;4200
17/01/2025;ALPA4;6.29;6.31;6.14;6.24;6.21;4943;1302800
17/01/2025;ALPK3;2.51;2.66;2.44;2.54;2.64;205;67400
17/01/2025;ALUP3;9.1;9.36;9.1;9.18;9.15;42;4300
17/01/2025;ALUP4;8.92;9.1;8.91;8.99;9.02;56;9000
17/01/2025;BBSE3;37.4;37.87;37.15;37.66;37.83;13636;3594000
17/01/2025;BPAN4;6.74;6.81;6.54;6.66;6.64;2138;815100
17/01/2025;BRSR3;11.11;11.25;11.1;11.15;11.25;13;2600
17/01/2025;BRSR6;9.64;9.78;9.56;9.68;9.75;3237;1396500
17/01/2025;BRST3;2.52;2.65;2.51;2.59;2.57;621;178300
17/01/2025;NUTR3;3.97;4.07;3.88;4.0;4.01;17;1700
17/01/2025;SEQL3;3.08;3.44;2.98;3.27;3.32;1944;1584700
17/01/2025;ATMP3;1.14;1.15;1.12;1.13;1.14;12;7000
17/01/2025;AMER3;5.63;5.72;5.56;5.63;5.71;1947;1480200
17/01/2025;PMAM3;1.4;1.4;1.33;1.36;1.34;385;659900
17/01/2025;LIGT3;4.0;4.0;3.95;3.96;3.95;1753;394600
17/01/2025;JFEN3;2.48;2.53;2.47;2.48;2.48;46;16800
17/01/2025;NEXP3;3.85;3.85;3.85;3.85;3.85;3;1000
17/01/2025;RNEW3;0.92;0.93;0.89;0.91;0.91;63;61500
17/01/2025;RNEW4;0.92;0.93;0.91;0.91;0.91;86;91300
17/01/2025;RPMG3;2.75;2.93;2.75;2.85;2.85;40;20700
17/01/2025;RSID3;2.73;2.87;2.73;2.81;2.86;123;28700
17/01/2025;AGXY3;0.44;0.72;0.44;0.61;0.72;1807;3376400
17/01/2025;OIBR3;1.41;1.45;1.4;1.42;1.43;926;934100
17/01/2025;OIBR4;8.46;8.89;8.46;8.74;8.88;10;1000
24/01/2025;GOLL4;1.74;1.76;1.69;1.71;1.71;2340;6904100
27/01/2025;BSLI3;7.77;7.77;7.77;7.77;7.77;1;100
27/01/2025;CSUD3;16.0;16.0;15.66;15.92;16.0;303;81700
27/01/2025;CTKA4;21.9;21.9;21.9;21.9;21.9;1;100
27/01/2025;CURY3;20.4;21.11;20.15;20.87;20.96;8852;1824300
27/01/2025;CVCB3;1.77;1.91;1.73;1.85;1.86;6999;26905700
27/01/2025;ENGI3;10.95;11.01;10.71;10.95;11.0;31;3500
27/01/2025;ENGI4;6.7;6.9;6.7;6.85;6.85;53;11700
27/01/2025;ENJU3;1.24;1.32;1.23;1.28;1.25;874;631300
27/01/2025;EPAR3;5.19;5.33;5.19;5.21;5.25;9;1700
27/01/2025;EQMA3B;23.51;24.0;23.51;23.63;24.0;3;800
27/01/2025;EQPA3;5.37;5.38;5.32;5.36;5.33;19;6600
27/01/2025;EQTL3;28.54;29.38;28.34;29.15;29.26;26056;6746700
27/01/2025;IFCM3;0.08;0.09;0.07;0.08;0.08;359;7050000
27/01/2025;IGTI3;2.05;2.14;2.05;2.1;2.11;143;40100
27/01/2025;INEP3;1.58;1.59;1.42;1.46;1.45;105;73800
27/01/2025;INEP4;1.51;1.52;1.41;1.45;1.41;66;69500
27/01/2025;INTB3;13.47;13.85;13.39;13.73;13.77;6313;1921300
27/01/2025;IRBR3;49.3;50.77;49.3;50.18;50.6;5065;1161300
27/01/2025;EGIE3;35.16;36.29;35.07;35.85;36.14;8047;1357500
27/01/2025;ITUB3;28.48;29.33;28.4;28.97;29.2;2008;430100
27/01/2025;ITUB4;32.46;33.31;32.31;33.03;33.24;44862;20227700
27/01/2025;MGEL4;7.96;7.96;7.2;7.26;7.2;7;2600
27/01/2025;MGLU3;6.35;7.04;6.3;6.83;7.01;21914;27601900
27/01/2025;BEEF3;4.45;4.88;4.41;4.73;4.88;10627;13856300
27/01/2025;BPAC3;15.84;15.84;15.62;15.63;15.63;13;3900
27/01/2025;BPAC5;7.29;7.51;7.28;7.4;7.42;11;1700
27/01/2025;CEBR3;15.86;16.28;15.64;15.92;16.1;27;3800
27/01/2025;CEBR5;15.4;15.52;15.28;15.43;15.52;13;1400
27/01/2025;CEBR6;17.37;17.58;17.25;17.36;17.58;25;5500
27/01/2025;CEDO4;20.85;20.85;20.85;20.85;20.85;2;200
27/01/2025;CEEB3;38.0;38.0;38.0;38.0;38.0;3;700
27/01/2025;FIQE3;3.38;3.45;3.35;3.41;3.4;690;624300
27/01/2025;FLRY3;11.57;12.08;11.54;11.94;11.97;10980;4579300
27/01/2025;DESK3;10.3;10.55;10.16;10.42;10.48;1032;233000
27/01/2025;DEXP3;8.85;9.0;8.79;8.9;8.81;291;40800
27/01/2025;DEXP4;8.6;8.88;8.6;8.81;8.88;6;800
27/01/2025;FHER3;5.66;5.66;5.38;5.4;5.43;31;13500
27/01/2025;FICT3;3.8;4.14;3.51;3.72;3.7;290;82500
27/01/2025;FRAS3;21.38;21.63;21.33;21.54;21.55;1382;905500
27/01/2025;FRIO3;285.01;293.99;285.0;289.49;293.99;6;600
27/01/2025;ATED3;1.39;1.4;1.35;1.37;1.35;28;20100
27/01/2025;AURE3;7.61;7.97;7.55;7.92;7.97;11349;14940400
27/01/2025;BRKM3;14.67;14.99;14.43;14.81;14.85;79;17900
27/01/2025;BRKM5;14.3;15.12;14.3;14.89;14.89;8799;3094800
27/01/2025;CSNA3;8.19;8.84;8.18;8.69;8.8;21937;14802600
27/01/2025;ENEV3;10.78;11.37;10.77;11.23;11.27;13385;7387300
27/01/2025;JSLG3;5.17;5.76;5.14;5.55;5.65;2411;1211500
27/01/2025;KEPL3;9.92;10.3;9.88;10.17;10.21;3315;875100
27/01/2025;KLBN3;4.68;4.85;4.68;4.8;4.85;632;273600
27/01/2025;KLBN4;4.34;4.4;4.3;4.36;4.38;1124;765200
27/01/2025;ALPA3;5.87;5.87;5.87;5.87;5.87;1;100
27/01/2025;USIM5;5.23;5.43;5.15;5.36;5.41;12158;10895000
27/01/2025;VALE3;52.89;53.98;52.57;53.58;53.96;53601;24531300
27/01/2025;WEST3;4.52;4.66;4.52;4.59;4.56;10;1800
27/01/2025;WHRL3;3.84;3.85;3.79;3.82;3.81;13;2800
27/01/2025;WHRL4;4.18;4.2;4.11;4.12;4.11;45;16300
27/01/2025;WIZC3;5.78;5.94;5.71;5.87;5.94;1498;475900
27/01/2025;ODPV3;10.73;11.16;10.64;10.98;11.06;2826;1344500
27/01/2025;OFSA3;18.35;18.35;18.2;18.2;18.2;2;18700
27/01/2025;TELB3;11.0;11.45;10.95;11.07;10.95;5;500
27/01/2025;TELB4;6.8;7.0;6.8;6.86;6.85;4;900
27/01/2025;TEND3;12.54;13.22;12.38;12.97;13.22;8696;3623700
27/01/2025;TFCO4;8.99;9.43;8.99;9.33;9.36;1325;868400
27/01/2025;TGMA3;29.14;29.84;28.92;29.61;29.82;1073;285000
27/01/2025;TIMS3;15.18;15.85;15.16;15.65;15.85;11468;4820600
27/01/2025;TKNO4;65.7;66.8;65.5;66.2;66.8;4;400
27/01/2025;TOTS3;29.49;31.61;29.49;30.89;31.21;16071;3451300
27/01/2025;TPIS3;4.92;5.06;4.9;4.96;4.93;85;26700
27/01/2025;TRAD3;6.09;6.23;5.88;6.02;5.88;215;38600
27/01/2025;TRIS3;5.16;5.37;5.14;5.3;5.34;1429;1639800
27/01/2025;MWET4;10.11;10.11;10.11;10.11;10.11;1;100
27/01/2025;MYPK3;13.42;13.77;13.33;13.67;13.76;6129;1268100
27/01/2025;NEOE3;18.1;18.54;18.1;18.38;18.43;4366;732200
27/01/2025;NGRD3;21.1;21.97;21.02;21.61;21.97;154;41800
27/01/2025;NTCO3;12.1;12.44;12.02;12.22;12.18;18462;8281700
27/01/2025;PETZ3;4.7;4.98;4.68;4.88;4.89;9966;13258900
27/01/2025;RAIZ4;1.9;2.02;1.88;1.97;1.97;16573;28205600
27/01/2025;RANI3;7.1;7.33;7.06;7.23;7.29;2425;803900
27/01/2025;RAPT3;7.93;7.98;7.88;7.91;7.91;55;17600
27/01/2025;RAPT4;8.85;9.03;8.77;8.94;8.97;4593;1805900
27/01/2025;CASH3;3.08;3.24;3.06;3.17;3.21;1439;729300
27/01/2025;CBAV3;5.0;5.1;4.93;5.0;4.99;9298;4168200
27/01/2025;CCRO3;10.8;11.15;10.8;11.07;11.08;17147;7945400
27/01/2025;CEAB3;8.7;9.39;8.69;9.25;9.31;12213;4658500
27/01/2025;JHSF3;3.7;3.88;3.68;3.81;3.88;3554;3656000
27/01/2025;AERI3;6.62;6.85;6.47;6.62;6.54;1416;881500
27/01/2025;AFLT3;7.07;7.07;7.07;7.07;7.07;1;100
27/01/2025;CXSE3;14.75;15.03;14.7;14.93;14.9;10895;3033700
27/01/2025;CYRE3;18.45;19.65;18.41;19.37;19.54;18945;5616300
27/01/2025;ESPA3;0.74;0.75;0.73;0.73;0.75;137;167200
27/01/2025;ETER3;5.21;5.29;5.16;5.24;5.26;418;117800
27/01/2025;EUCA3;16.27;16.29;16.27;16.27;16.27;4;400
27/01/2025;EUCA4;13.53;13.82;13.4;13.56;13.74;225;50300
27/01/2025;EVEN3;5.58;5.92;5.58;5.84;5.88;3400;1207400
27/01/2025;FESA3;12.75;12.75;12.75;12.75;12.75;1;100
27/01/2025;FESA4;7.7;7.92;7.7;7.85;7.91;841;242600
27/01/2025;ISAE3;31.99;32.4;31.1;31.93;31.79;34;8100
27/01/2025;ISAE4;23.05;23.58;23.01;23.38;23.58;7029;4700400
27/01/2025;AVLL3;2.35;2.35;2.35;2.35;2.35;1;900
27/01/2025;AZEV3;1.2;1.26;1.19;1.22;1.22;394;599800
27/01/2025;SNSY5;3.61;3.7;3.61;3.61;3.7;3;1500
27/01/2025;SOJA3;10.11;10.48;10.02;10.3;10.37;2051;403100
27/01/2025;SRNA3;6.27;6.51;6.2;6.31;6.25;6837;2317800
27/01/2025;STBP3;13.18;13.19;13.12;13.16;13.18;5214;3374300
27/01/2025;SUZB3;62.76;63.4;62.35;63.06;63.09;20998;4296900
27/01/2025;VAMO3;4.56;4.9;4.52;4.82;4.89;9689;8797400
27/01/2025;VBBR3;17.6;18.39;17.49;18.15;18.39;21558;9753000
27/01/2025;VITT3;5.02;5.22;5.01;5.16;5.22;1313;341900
27/01/2025;VIVA3;20.23;21.2;20.09;20.92;21.2;15915;3408500
27/01/2025;VIVR3;1.07;1.1;1.06;1.07;1.09;105;93300
27/01/2025;VIVT3;50.7;52.73;50.5;52.14;52.73;11949;1670400
27/01/2025;MLAS3;1.08;1.18;1.07;1.14;1.16;4168;3138300
27/01/2025;MNDL3;16.6;16.99;16.5;16.66;16.5;4;1300
27/01/2025;MNPR3;25.2;26.4;25.2;25.92;26.4;4;500
27/01/2025;MOVI3;3.71;3.89;3.66;3.82;3.85;9044;7673800
27/01/2025;MRFG3;15.6;15.98;15.54;15.86;15.84;8740;3321700
27/01/2025;RADL3;20.35;20.81;20.09;20.48;20.7;30670;16775900
27/01/2025;RAIL3;16.79;17.46;16.63;17.17;17.38;36009;17015200
27/01/2025;SMFT3;18.59;19.44;18.57;19.24;19.24;11295;2261000
27/01/2025;SMTO3;22.7;23.51;22.59;23.27;23.36;4740;1245800
27/01/2025;HAGA4;1.19;1.2;1.19;1.19;1.2;3;2200
27/01/2025;HAPV3;2.29;2.41;2.28;2.36;2.38;40882;70688700
27/01/2025;HBOR3;1.5;1.58;1.47;1.55;1.56;438;560700
27/01/2025;HBRE3;3.01;3.16;3.0;3.09;3.09;406;536200
27/01/2025;HBSA3;2.83;2.93;2.8;2.83;2.8;1736;1611200
27/01/2025;JALL3;4.53;4.7;4.34;4.57;4.64;2073;958000
27/01/2025;JBSS3;33.75;35.1;33.75;34.65;35.1;25879;7010400
27/01/2025;AALR3;12.04;12.04;10.86;11.27;11.17;140;22500
27/01/2025;BGIP4;25.06;25.21;24.71;24.97;25.0;22;2600
27/01/2025;BHIA3;3.31;3.83;3.29;3.64;3.7;4588;6984400
27/01/2025;COCE5;23.51;24.59;23.51;23.77;24.59;35;4600
27/01/2025;COGN3;1.34;1.41;1.29;1.37;1.4;12924;61812300
27/01/2025;DIRR3;26.68;27.6;26.59;27.38;27.5;8659;1923500
27/01/2025;DMVF3;5.67;5.9;5.62;5.74;5.8;204;45100
27/01/2025;DOHL4;4.0;4.2;4.0;4.05;4.2;3;700
27/01/2025;DOTZ3;3.25;3.54;3.25;3.35;3.3;37;8600
27/01/2025;DXCO3;5.86;6.14;5.86;6.04;6.03;4301;2115800
27/01/2025;EALT4;13.73;14.12;13.6;13.84;14.12;66;25800
27/01/2025;ECOR3;4.84;5.19;4.84;5.12;5.12;6662;4469700
27/01/2025;AGRO3;22.26;22.8;22.14;22.5;22.59;1674;240200
27/01/2025;ALLD3;6.85;6.94;6.81;6.88;6.86;156;23400
27/01/2025;ALOS3;18.0;18.72;17.83;18.55;18.64;12943;4683800
27/01/2025;BIOM3;9.47;10.16;9.47;9.85;9.9;324;182200
27/01/2025;ALPA4;6.1;6.35;6.1;6.29;6.3;4776;1783300
27/01/2025;ALPK3;2.51;2.59;2.51;2.56;2.56;221;91100
27/01/2025;ALUP3;9.21;9.47;9.12;9.36;9.44;66;7300
27/01/2025;ALUP4;9.03;9.14;8.94;9.07;9.1;90;14400
27/01/2025;AMAR3;1.08;1.1;1.07;1.08;1.09;569;260400
27/01/2025;AMBP3;120.46;124.8;119.68;121.93;121.31;706;108200
27/01/2025;AMOB3;0.31;0.32;0.3;0.3;0.31;6252;18360100
27/01/2025;HYPE3;18.41;18.93;18.31;18.62;18.8;21854;6568100
27/01/2025;BMOB3;13.15;13.44;13.09;13.36;13.44;828;247100
27/01/2025;BNBR3;95.44;95.44;94.0;94.81;94.0;3;300
27/01/2025;BOBR4;1.96;2.21;1.91;2.1;2.1;619;164600
27/01/2025;BRAV3;22.38;23.6;22.24;22.93;22.74;15162;6930700
27/01/2025;CRFB3;5.43;6.16;5.41;5.96;5.98;22136;17435400
27/01/2025;CRPG5;19.02;19.55;19.02;19.28;19.55;2;200
27/01/2025;CRPG6;19.97;19.97;19.06;19.21;19.06;4;600
27/01/2025;CSAN3;7.51;7.9;7.46;7.79;7.83;23785;22196700
27/01/2025;GUAR3;6.26;6.64;6.22;6.49;6.43;2722;790400
27/01/2025;B3SA3;10.34;10.56;10.29;10.48;10.56;48402;52771300
27/01/2025;BBSE3;37.75;38.57;37.71;37.96;38.57;16567;8534800
27/01/2025;CAMB3;11.06;11.3;11.0;11.14;11.3;215;81900
27/01/2025;CAML3;4.65;4.91;4.64;4.84;4.86;2431;1392200
27/01/2025;ABCB4;19.45;20.07;19.45;19.82;20.0;2497;495500
27/01/2025;ABEV3;10.87;11.12;10.84;11.02;11.12;29704;34876400
27/01/2025;BIED3;3.9;3.98;3.9;3.94;3.98;2;200
27/01/2025;BLAU3;12.63;12.79;12.4;12.58;12.42;1281;163600
27/01/2025;BMEB3;31.01;31.01;30.3;30.94;30.3;4;1200
27/01/2025;BMEB4;38.0;38.68;37.42;37.87;37.98;171;23000
27/01/2025;BMGB4;3.73;3.79;3.73;3.74;3.79;521;353700
27/01/2025;BPAN4;6.79;7.04;6.69;6.94;6.95;4756;1745600
27/01/2025;BRAP3;15.35;15.4;15.14;15.31;15.37;384;89000
27/01/2025;BRAP4;16.23;16.53;16.19;16.45;16.48;6073;3267100
27/01/2025;CPFE3;32.9;33.82;32.85;33.48;33.82;8055;1717800
27/01/2025;CPLE3;8.31;8.55;8.27;8.47;8.52;7812;6634200
27/01/2025;CPLE5;10.9;10.9;10.9;10.9;10.9;1;100
27/01/2025;CPLE6;9.2;9.45;9.17;9.38;9.45;17954;14086000
27/01/2025;ELET3;34.84;36.17;34.84;35.7;36.16;24669;9041900
27/01/2025;ELET6;38.47;39.86;38.3;39.5;39.86;6043;1380400
27/01/2025;GGPS3;14.26;14.8;14.19;14.59;14.65;10519;3128300
27/01/2025;GMAT3;6.29;6.62;6.28;6.52;6.53;10684;5599800
27/01/2025;GOAU3;9.87;10.06;9.84;9.97;9.96;210;51300
27/01/2025;GOAU4;9.78;9.94;9.75;9.89;9.94;6610;5335800
27/01/2025;GRND3;5.59;5.7;5.54;5.66;5.69;2284;842200
27/01/2025;MILS3;8.82;8.98;8.71;8.87;8.86;1774;1326400
27/01/2025;PRNR3;14.35;15.0;14.13;14.67;15.0;1555;1148100
27/01/2025;PSSA3;37.89;38.48;37.76;38.18;38.35;11790;2682100
27/01/2025;PTBL3;3.42;3.66;3.4;3.56;3.61;683;386700
27/01/2025;PTNT4;5.72;6.15;5.72;5.92;6.0;35;25000
27/01/2025;QUAL3;1.68;1.78;1.66;1.73;1.74;2500;3074600
27/01/2025;MEAL3;0.95;1.0;0.95;0.98;0.98;317;615700
27/01/2025;MELK3;3.67;3.76;3.65;3.72;3.74;733;548200
27/01/2025;SCAR3;16.34;16.74;15.9;16.24;16.21;212;66500
27/01/2025;SEER3;4.59;4.99;4.5;4.82;4.99;3705;905700
27/01/2025;SHOW3;0.72;0.74;0.71;0.72;0.74;172;50800
27/01/2025;SHUL4;5.72;6.06;5.7;5.95;5.97;1031;334100
27/01/2025;EZTC3;11.35;12.19;11.35;11.96;12.08;8838;2697800
27/01/2025;PCAR3;2.67;2.84;2.65;2.77;2.79;6806;12745200
27/01/2025;PFRM3;6.17;6.31;6.16;6.25;6.25;417;112900
27/01/2025;AZEV4;1.23;1.26;1.2;1.22;1.21;1394;2323700
27/01/2025;AZUL4;4.5;4.7;4.4;4.59;4.61;8529;14214100
27/01/2025;BRSR3;11.22;11.8;11.22;11.54;11.8;37;10700
27/01/2025;BRSR6;9.85;10.31;9.81;10.17;10.26;4409;1782100
27/01/2025;BRST3;2.54;2.64;2.54;2.58;2.55;1217;258600
27/01/2025;PGMN3;3.06;3.09;3.01;3.04;3.05;2171;1387100
27/01/2025;PINE3;4.31;4.58;4.31;4.41;4.55;37;5800
27/01/2025;PINE4;4.33;4.55;4.33;4.45;4.55;341;114700
27/01/2025;PLAS3;5.95;6.0;5.95;5.97;6.0;2;200
27/01/2025;PLPL3;10.22;11.1;10.1;10.79;11.08;6382;4613100
27/01/2025;PNVL3;8.21;8.34;8.18;8.25;8.31;2632;514600
27/01/2025;POMO3;6.23;6.4;6.23;6.32;6.27;249;106400
27/01/2025;POMO4;8.32;8.52;8.28;8.38;8.34;11981;8560500
27/01/2025;PORT3;16.75;16.88;16.66;16.84;16.88;1250;943300
27/01/2025;POSI3;5.45;5.68;5.42;5.63;5.62;1610;607000
27/01/2025;BALM4;10.74;10.75;10.74;10.74;10.75;2;400
27/01/2025;BAZA3;86.7;88.73;86.7;87.68;88.73;4;400
27/01/2025;BBAS3;26.57;27.71;26.55;27.38;27.71;37550;21719600
27/01/2025;BEES3;8.2;8.36;8.17;8.21;8.36;94;42500
27/01/2025;PRIO3;40.84;42.26;40.8;41.48;42.1;32150;17190100
27/01/2025;ROMI3;9.21;9.37;9.17;9.32;9.35;602;132500
27/01/2025;RSUL4;54.89;54.89;54.89;54.89;54.89;1;100
27/01/2025;TTEN3;14.68;15.35;14.53;15.11;15.3;5961;1124100
27/01/2025;TUPY3;21.45;22.08;21.45;21.91;21.87;2185;432300
27/01/2025;UCAS3;1.76;1.76;1.49;1.59;1.61;510;324800
27/01/2025;UGPA3;16.09;16.84;15.91;16.37;16.84;18900;9222100
27/01/2025;UNIP3;46.9;48.44;46.9;47.84;47.65;35;3600
27/01/2025;UNIP5;49.71;49.71;49.11;49.41;49.11;2;200
27/01/2025;UNIP6;47.99;49.34;47.17;48.76;49.28;1242;158800
27/01/2025;USIM3;5.29;5.37;5.16;5.31;5.35;644;192800
27/01/2025;RCSL3;4.01;4.27;3.98;4.11;4.13;3494;2100300
27/01/2025;RCSL4;0.69;0.71;0.69;0.69;0.7;1210;1387500
27/01/2025;RDNI3;2.39;2.39;2.17;2.24;2.24;9;70100
27/01/2025;RDOR3;28.04;28.86;27.64;28.48;28.57;26437;12808600
27/01/2025;REAG3;5.0;5.1;4.95;5.03;5.0;39;5100
27/01/2025;RECV3;15.66;16.16;15.55;16.06;16.16;6571;1393700
27/01/2025;REDE3;6.32;6.32;6.28;6.29;6.31;3;400
27/01/2025;RENT3;30.3;31.88;30.09;31.43;31.71;30321;9469100
27/01/2025;SYNE3;4.84;4.92;4.83;4.87;4.84;2495;667300
27/01/2025;TAEE3;10.72;10.85;10.6;10.72;10.72;600;127300
27/01/2025;TAEE4;10.74;10.97;10.67;10.86;10.93;603;158600
27/01/2025;TASA3;8.12;8.22;8.12;8.17;8.16;30;3700
27/01/2025;TASA4;7.97;8.17;7.93;8.07;8.06;1141;224900
27/01/2025;TCSA3;1.46;1.55;1.43;1.49;1.51;178;79200
27/01/2025;TECN3;5.16;5.4;5.08;5.26;5.36;347;120700
27/01/2025;VLID3;23.35;23.86;23.05;23.6;23.57;1378;255100
27/01/2025;VSTE3;6.53;6.69;6.41;6.49;6.41;30;10000
27/01/2025;VTRU3;5.9;6.4;5.9;6.24;6.4;805;360700
27/01/2025;VULC3;16.88;17.29;16.75;17.1;17.28;5290;1064500
27/01/2025;VVEO3;1.76;1.82;1.71;1.75;1.72;2226;3026100
27/01/2025;WEGE3;56.59;56.73;52.8;53.86;53.31;68328;22361900
27/01/2025;MRSA6B;29.5;29.5;29.5;29.5;29.5;1;200
27/01/2025;MRVE3;5.15;5.48;5.11;5.38;5.47;8892;14098200
27/01/2025;MTRE3;3.08;3.22;3.07;3.18;3.2;637;413900
27/01/2025;MTSA4;38.25;38.3;38.25;38.28;38.29;6;800
27/01/2025;MULT3;20.66;21.69;20.65;21.45;21.54;26811;6502500
27/01/2025;MATD3;3.57;3.75;3.54;3.68;3.73;1666;675300
27/01/2025;MBLY3;1.54;1.55;1.49;1.52;1.51;235;429000
27/01/2025;MDIA3;20.33;22.45;20.33;21.83;22.43;7137;1357400
27/01/2025;MDNE3;11.34;12.16;11.21;11.98;12.05;3213;812100
27/01/2025;AZZA3;31.8;33.33;31.55;33.01;33.15;11177;1976200
27/01/2025;CGAS5;126.55;134.21;126.55;132.18;133.79;8;900
27/01/2025;CGRA3;26.1;26.1;26.06;26.07;26.06;2;600
27/01/2025;CGRA4;26.15;26.72;26.15;26.42;26.72;16;2700
27/01/2025;CLSA3;10.12;10.13;10.06;10.1;10.13;1151;662400
27/01/2025;CLSC4;79.0;79.49;78.41;79.1;79.46;13;1300
27/01/2025;CMIG3;14.62;15.07;14.57;14.88;15.07;556;108500
27/01/2025;CMIG4;10.53;10.76;10.5;10.67;10.75;14742;9001700
27/01/2025;CMIN3;5.14;5.36;5.12;5.28;5.36;6534;5639200
27/01/2025;ANIM3;1.86;2.01;1.81;1.95;1.99;8996;11526400
27/01/2025;ARML3;4.93;5.16;4.8;5.06;5.15;3143;814100
27/01/2025;ASAI3;6.21;6.82;6.12;6.61;6.62;36705;27192000
27/01/2025;BBDC3;10.41;10.71;10.37;10.6;10.7;13815;11912200
27/01/2025;BBDC4;11.32;11.58;11.28;11.5;11.58;47101;80300500
27/01/2025;BRFS3;21.82;22.42;21.78;22.23;22.33;17371;5518200
27/01/2025;CSED3;3.22;3.38;3.17;3.31;3.38;1074;514200
27/01/2025;CSMG3;21.49;22.07;21.33;21.87;21.96;3922;963300
27/01/2025;ELMD3;29.45;29.68;29.39;29.43;29.46;779;1179200
27/01/2025;EMAE4;42.64;44.4;42.64;43.21;44.4;11;2000
27/01/2025;EMBR3;61.15;61.48;58.78;59.89;59.16;33994;7229600
27/01/2025;SIMH3;3.25;3.48;3.21;3.38;3.41;7589;9505800
27/01/2025;SLCE3;17.83;18.13;17.67;17.95;18.07;9516;2930200
27/01/2025;PDGR3;0.01;0.01;0.01;0.01;0.01;226;1817100
27/01/2025;PDTC3;1.14;1.16;1.12;1.14;1.14;39;29000
27/01/2025;PETR3;40.6;41.16;40.43;40.89;41.08;21250;7749000
27/01/2025;PETR4;36.57;37.3;36.47;37.03;37.18;43025;29809700
27/01/2025;SANB3;11.75;11.91;11.65;11.81;11.88;306;105900
27/01/2025;SANB4;13.11;13.26;12.98;13.14;13.15;300;60800
27/01/2025;SAPR3;5.07;5.15;5.03;5.07;5.11;857;213500
27/01/2025;SAPR4;5.13;5.18;5.09;5.13;5.14;2180;1377100
27/01/2025;SBFG3;10.68;11.19;10.5;10.94;11.06;6896;2573500
27/01/2025;SBSP3;93.45;95.77;92.75;94.81;95.55;13118;2420300
27/01/2025;WLMM4;28.9;29.26;28.9;29.11;29.26;5;500
27/01/2025;YDUQ3;9.0;9.56;8.84;9.35;9.55;12176;6568300
27/01/2025;ZAMP3;3.08;3.23;2.99;3.15;3.1;2367;892000
27/01/2025;KRSA3;8.5;8.63;8.45;8.5;8.51;103;79500
27/01/2025;LAND3;14.05;14.95;13.97;14.64;14.9;170;47400
27/01/2025;LAVV3;7.74;8.24;7.74;8.18;8.24;2497;1452000
27/01/2025;GEPA3;28.76;28.76;28.76;28.76;28.76;1;100
27/01/2025;GEPA4;28.82;28.82;28.82;28.82;28.82;1;100
27/01/2025;GFSA3;1.49;1.53;1.39;1.46;1.39;4451;14572700
27/01/2025;GGBR3;16.02;16.4;15.92;16.26;16.25;100;21400
27/01/2025;GGBR4;17.53;17.78;17.46;17.71;17.75;16019;8151600
27/01/2025;LEVE3;27.19;28.14;27.18;27.94;27.93;1190;160200
27/01/2025;LJQQ3;2.15;2.31;2.13;2.25;2.24;3497;5222000
27/01/2025;LOGG3;16.75;17.91;16.64;17.47;17.84;7657;1737400
27/01/2025;LOGN3;20.37;20.37;19.98;20.07;20.08;125;30900
27/01/2025;LPSB3;1.33;1.35;1.3;1.32;1.32;692;161600
27/01/2025;LREN3;13.08;13.73;13.08;13.63;13.65;34153;19215400
27/01/2025;ONCO3;2.26;2.41;2.21;2.3;2.24;4902;8188200
27/01/2025;OPCT3;5.58;5.76;5.58;5.69;5.69;1647;508700
27/01/2025;ITSA3;9.26;9.52;9.13;9.34;9.45;600;181800
27/01/2025;ITSA4;9.15;9.38;9.12;9.3;9.38;32307;24608100
27/01/2025;LUPA3;1.26;1.29;1.25;1.26;1.26;196;113800
27/01/2025;LVTC3;2.23;2.26;2.22;2.24;2.24;93;64100
27/01/2025;LWSA3;3.18;3.32;3.15;3.26;3.31;6440;5421200
27/01/2025;ORVR3;38.38;39.6;38.38;39.34;39.31;1612;294600
27/01/2025;DASA3;1.86;1.99;1.83;1.93;1.94;1159;1152600
27/01/2025;NUTR3;3.82;3.82;3.73;3.78;3.74;14;1400
27/01/2025;SEQL3;2.66;2.86;2.63;2.77;2.86;1572;1002400
27/01/2025;TXRX4;2.2;2.2;2.2;2.2;2.2;1;100
27/01/2025;ATMP3;1.13;1.14;1.1;1.11;1.12;8;900
27/01/2025;OIBR3;1.55;1.61;1.55;1.59;1.6;1952;1968200
27/01/2025;NEXP3;3.78;3.84;3.74;3.81;3.84;14;2000
27/01/2025;JFEN3;2.45;2.48;2.34;2.42;2.39;47;19800
27/01/2025;AGXY3;0.56;0.59;0.55;0.57;0.56;594;324600
27/01/2025;AMER3;6.33;6.64;6.26;6.52;6.64;2929;2547200
27/01/2025;PMAM3;1.22;1.25;1.17;1.2;1.19;317;426900
27/01/2025;RNEW3;0.92;0.93;0.89;0.91;0.92;94;100100
27/01/2025;RNEW4;0.89;0.92;0.88;0.9;0.9;143;169800
27/01/2025;RPMG3;2.77;2.99;2.75;2.9;2.9;26;23000
27/01/2025;RSID3;2.88;2.93;2.83;2.88;2.93;138;23500
27/01/2025;LIGT3;3.94;4.03;3.94;3.98;3.96;787;255000
27/01/2025;OIBR4;8.87;9.28;8.61;8.92;8.98;115;49200
27/01/2025;GOLL4;1.69;1.74;1.67;1.71;1.71;2378;9116600
